CodigoEstacion,NombreEstacion,Variable,Parametro,Fecha,Unidad,Valor,NivelAprobacion
23157030,BARRANCABERMEJA  - AUT [23157030],NIVEL,Nivel medio diario,2014-01-01 00:00,cm,166,Preliminar
23157030,BARRANCABERMEJA  - AUT [23157030],NIVEL,Nivel medio diario,2014-01-02 00:00,cm,179,Preliminar
23157030,BARRANCABERMEJA  - AUT [23157030],NIVEL,Nivel medio diario,2014-01-03 00:00,cm,170,Preliminar
23157030,BARRANCABERMEJA  - AUT [23157030],NIVEL,Nivel medio diario,2014-01-04 00:00,cm,201,Preliminar
23157030,BARRANCABERMEJA  - AUT [23157030],NIVEL,Nivel medio diario,2014-01-05 00:00,cm,183,Preliminar
23157030,BARRANCABERMEJA  - AUT [23157030],NIVEL,Nivel medio diario,2014-01-06 00:00,cm,146,Preliminar
23157030,BARRANCABERMEJA  - AUT [23157030],NIVEL,Nivel medio diario,2014-01-07 00:00,cm,189,Preliminar
23157030,BARRANCABERMEJA  - AUT [23157030],NIVEL,Nivel medio diario,2014-01-08 00:00,cm,224,Preliminar
23157030,BARRANCABERMEJA  - AUT [23157030],NIVEL,Nivel medio diario,2014-01-09 00:00,cm,178,Preliminar
23157030,BARRANCABERMEJA  - AUT [23157030],NIVEL,Nivel medio diario,2014-01-10 00:00,cm,214,Preliminar
23157030,BARRANCABERMEJA  - AUT [23157030],NIVEL,Nivel medio diario,2014-01-11 00:00,cm,251,Preliminar
23157030,BARRANCABERMEJA  - AUT [23157030],NIVEL,Nivel medio diario,2014-01-12 00:00,cm,262,Preliminar
23157030,BARRANCABERMEJA  - AUT [23157030],NIVEL,Nivel medio diario,2014-01-13 00:00,cm,245,Preliminar
23157030,BARRANCABERMEJA  - AUT [23157030],NIVEL,Nivel medio diario,2014-01-14 00:00,cm,246,Preliminar
23157030,BARRANCABERMEJA  - AUT [23157030],NIVEL,Nivel medio diario,2014-01-15 00:00,cm,243,Preliminar
23157030,BARRANCABERMEJA  - AUT [23157030],NIVEL,Nivel medio diario,2014-01-16 00:00,cm,218,Preliminar
23157030,BARRANCABERMEJA  - AUT [23157030],NIVEL,Nivel medio diario,2014-01-17 00:00,cm,210,Preliminar
23157030,BARRANCABERMEJA  - AUT [23157030],NIVEL,Nivel medio diario,2014-01-18 00:00,cm,212,Preliminar
23157030,BARRANCABERMEJA  - AUT [23157030],NIVEL,Nivel medio diario,2014-01-19 00:00,cm,163,Preliminar
23157030,BARRANCABERMEJA  - AUT [23157030],NIVEL,Nivel medio diario,2014-01-20 00:00,cm,146,Preliminar
23157030,BARRANCABERMEJA  - AUT [23157030],NIVEL,Nivel medio diario,2014-01-21 00:00,cm,128,Preliminar
23157030,BARRANCABERMEJA  - AUT [23157030],NIVEL,Nivel medio diario,2014-01-22 00:00,cm,132,Preliminar
23157030,BARRANCABERMEJA  - AUT [23157030],NIVEL,Nivel medio diario,2014-01-23 00:00,cm,146,Preliminar
23157030,BARRANCABERMEJA  - AUT [23157030],NIVEL,Nivel medio diario,2014-01-24 00:00,cm,183,Preliminar
23157030,BARRANCABERMEJA  - AUT [23157030],NIVEL,Nivel medio diario,2014-01-25 00:00,cm,169,Preliminar
23157030,BARRANCABERMEJA  - AUT [23157030],NIVEL,Nivel medio diario,2014-01-26 00:00,cm,140,Preliminar
23157030,BARRANCABERMEJA  - AUT [23157030],NIVEL,Nivel medio diario,2014-01-27 00:00,cm,125,Preliminar
23157030,BARRANCABERMEJA  - AUT [23157030],NIVEL,Nivel medio diario,2014-01-28 00:00,cm,141,Preliminar
23157030,BARRANCABERMEJA  - AUT [23157030],NIVEL,Nivel medio diario,2014-01-29 00:00,cm,123,Preliminar
23157030,BARRANCABERMEJA  - AUT [23157030],NIVEL,Nivel medio diario,2014-01-30 00:00,cm,128,Preliminar
23157030,BARRANCABERMEJA  - AUT [23157030],NIVEL,Nivel medio diario,2014-01-31 00:00,cm,190,Preliminar
23157030,BARRANCABERMEJA  - AUT [23157030],NIVEL,Nivel medio diario,2014-02-01 00:00,cm,183,Preliminar
23157030,BARRANCABERMEJA  - AUT [23157030],NIVEL,Nivel medio diario,2014-02-02 00:00,cm,156,Preliminar
23157030,BARRANCABERMEJA  - AUT [23157030],NIVEL,Nivel medio diario,2014-02-03 00:00,cm,154,Preliminar
23157030,BARRANCABERMEJA  - AUT [23157030],NIVEL,Nivel medio diario,2014-02-04 00:00,cm,186,Preliminar
23157030,BARRANCABERMEJA  - AUT [23157030],NIVEL,Nivel medio diario,2014-02-05 00:00,cm,175,Preliminar
23157030,BARRANCABERMEJA  - AUT [23157030],NIVEL,Nivel medio diario,2014-02-06 00:00,cm,170,Preliminar
23157030,BARRANCABERMEJA  - AUT [23157030],NIVEL,Nivel medio diario,2014-02-07 00:00,cm,145,Preliminar
23157030,BARRANCABERMEJA  - AUT [23157030],NIVEL,Nivel medio diario,2014-02-08 00:00,cm,161,Preliminar
23157030,BARRANCABERMEJA  - AUT [23157030],NIVEL,Nivel medio diario,2014-02-09 00:00,cm,170,Preliminar
23157030,BARRANCABERMEJA  - AUT [23157030],NIVEL,Nivel medio diario,2014-02-10 00:00,cm,165,Preliminar
23157030,BARRANCABERMEJA  - AUT [23157030],NIVEL,Nivel medio diario,2014-02-11 00:00,cm,163,Preliminar
23157030,BARRANCABERMEJA  - AUT [23157030],NIVEL,Nivel medio diario,2014-02-12 00:00,cm,178,Preliminar
23157030,BARRANCABERMEJA  - AUT [23157030],NIVEL,Nivel medio diario,2014-02-13 00:00,cm,173,Preliminar
23157030,BARRANCABERMEJA  - AUT [23157030],NIVEL,Nivel medio diario,2014-02-14 00:00,cm,146,Preliminar
23157030,BARRANCABERMEJA  - AUT [23157030],NIVEL,Nivel medio diario,2014-02-15 00:00,cm,174,Preliminar
23157030,BARRANCABERMEJA  - AUT [23157030],NIVEL,Nivel medio diario,2014-02-16 00:00,cm,158,Preliminar
23157030,BARRANCABERMEJA  - AUT [23157030],NIVEL,Nivel medio diario,2014-02-17 00:00,cm,128,Preliminar
23157030,BARRANCABERMEJA  - AUT [23157030],NIVEL,Nivel medio diario,2014-02-18 00:00,cm,172,Preliminar
23157030,BARRANCABERMEJA  - AUT [23157030],NIVEL,Nivel medio diario,2014-02-19 00:00,cm,173,Preliminar
23157030,BARRANCABERMEJA  - AUT [23157030],NIVEL,Nivel medio diario,2014-02-20 00:00,cm,194,Preliminar
23157030,BARRANCABERMEJA  - AUT [23157030],NIVEL,Nivel medio diario,2014-02-21 00:00,cm,185,Preliminar
23157030,BARRANCABERMEJA  - AUT [23157030],NIVEL,Nivel medio diario,2014-02-22 00:00,cm,188,Preliminar
23157030,BARRANCABERMEJA  - AUT [23157030],NIVEL,Nivel medio diario,2014-02-23 00:00,cm,220,Preliminar
23157030,BARRANCABERMEJA  - AUT [23157030],NIVEL,Nivel medio diario,2014-02-24 00:00,cm,200,Preliminar
23157030,BARRANCABERMEJA  - AUT [23157030],NIVEL,Nivel medio diario,2014-02-25 00:00,cm,230,Preliminar
23157030,BARRANCABERMEJA  - AUT [23157030],NIVEL,Nivel medio diario,2014-02-26 00:00,cm,285,Preliminar
23157030,BARRANCABERMEJA  - AUT [23157030],NIVEL,Nivel medio diario,2014-02-27 00:00,cm,269,Preliminar
23157030,BARRANCABERMEJA  - AUT [23157030],NIVEL,Nivel medio diario,2014-02-28 00:00,cm,251,Preliminar
23157030,BARRANCABERMEJA  - AUT [23157030],NIVEL,Nivel medio diario,2014-03-01 00:00,cm,344,Preliminar
23157030,BARRANCABERMEJA  - AUT [23157030],NIVEL,Nivel medio diario,2014-03-02 00:00,cm,296,Preliminar
23157030,BARRANCABERMEJA  - AUT [23157030],NIVEL,Nivel medio diario,2014-03-03 00:00,cm,301,Preliminar
23157030,BARRANCABERMEJA  - AUT [23157030],NIVEL,Nivel medio diario,2014-03-04 00:00,cm,275,Preliminar
23157030,BARRANCABERMEJA  - AUT [23157030],NIVEL,Nivel medio diario,2014-03-05 00:00,cm,285,Preliminar
23157030,BARRANCABERMEJA  - AUT [23157030],NIVEL,Nivel medio diario,2014-03-06 00:00,cm,307,Preliminar
23157030,BARRANCABERMEJA  - AUT [23157030],NIVEL,Nivel medio diario,2014-03-07 00:00,cm,322,Preliminar
23157030,BARRANCABERMEJA  - AUT [23157030],NIVEL,Nivel medio diario,2014-03-08 00:00,cm,297,Preliminar
23157030,BARRANCABERMEJA  - AUT [23157030],NIVEL,Nivel medio diario,2014-03-09 00:00,cm,354,Preliminar
23157030,BARRANCABERMEJA  - AUT [23157030],NIVEL,Nivel medio diario,2014-03-10 00:00,cm,358,Preliminar
23157030,BARRANCABERMEJA  - AUT [23157030],NIVEL,Nivel medio diario,2014-03-11 00:00,cm,322,Preliminar
23157030,BARRANCABERMEJA  - AUT [23157030],NIVEL,Nivel medio diario,2014-03-12 00:00,cm,302,Preliminar
23157030,BARRANCABERMEJA  - AUT [23157030],NIVEL,Nivel medio diario,2014-03-13 00:00,cm,303,Preliminar
23157030,BARRANCABERMEJA  - AUT [23157030],NIVEL,Nivel medio diario,2014-03-14 00:00,cm,302,Preliminar
23157030,BARRANCABERMEJA  - AUT [23157030],NIVEL,Nivel medio diario,2014-03-15 00:00,cm,283,Preliminar
23157030,BARRANCABERMEJA  - AUT [23157030],NIVEL,Nivel medio diario,2014-03-16 00:00,cm,283,Preliminar
23157030,BARRANCABERMEJA  - AUT [23157030],NIVEL,Nivel medio diario,2014-03-17 00:00,cm,284,Preliminar
23157030,BARRANCABERMEJA  - AUT [23157030],NIVEL,Nivel medio diario,2014-03-18 00:00,cm,300,Preliminar
23157030,BARRANCABERMEJA  - AUT [23157030],NIVEL,Nivel medio diario,2014-03-19 00:00,cm,311,Preliminar
23157030,BARRANCABERMEJA  - AUT [23157030],NIVEL,Nivel medio diario,2014-03-20 00:00,cm,297,Preliminar
23157030,BARRANCABERMEJA  - AUT [23157030],NIVEL,Nivel medio diario,2014-03-21 00:00,cm,269,Preliminar
23157030,BARRANCABERMEJA  - AUT [23157030],NIVEL,Nivel medio diario,2014-03-22 00:00,cm,273,Preliminar
23157030,BARRANCABERMEJA  - AUT [23157030],NIVEL,Nivel medio diario,2014-03-23 00:00,cm,278,Preliminar
23157030,BARRANCABERMEJA  - AUT [23157030],NIVEL,Nivel medio diario,2014-03-24 00:00,cm,270,Preliminar
23157030,BARRANCABERMEJA  - AUT [23157030],NIVEL,Nivel medio diario,2014-03-25 00:00,cm,281,Preliminar
23157030,BARRANCABERMEJA  - AUT [23157030],NIVEL,Nivel medio diario,2014-03-26 00:00,cm,265,Preliminar
23157030,BARRANCABERMEJA  - AUT [23157030],NIVEL,Nivel medio diario,2014-03-27 00:00,cm,302,Preliminar
23157030,BARRANCABERMEJA  - AUT [23157030],NIVEL,Nivel medio diario,2014-03-28 00:00,cm,291,Preliminar
23157030,BARRANCABERMEJA  - AUT [23157030],NIVEL,Nivel medio diario,2014-03-29 00:00,cm,251,Preliminar
23157030,BARRANCABERMEJA  - AUT [23157030],NIVEL,Nivel medio diario,2014-03-30 00:00,cm,226,Preliminar
23157030,BARRANCABERMEJA  - AUT [23157030],NIVEL,Nivel medio diario,2014-03-31 00:00,cm,190,Preliminar
23157030,BARRANCABERMEJA  - AUT [23157030],NIVEL,Nivel medio diario,2014-04-01 00:00,cm,189,Preliminar
23157030,BARRANCABERMEJA  - AUT [23157030],NIVEL,Nivel medio diario,2014-04-02 00:00,cm,199,Preliminar
23157030,BARRANCABERMEJA  - AUT [23157030],NIVEL,Nivel medio diario,2014-04-03 00:00,cm,184,Preliminar
23157030,BARRANCABERMEJA  - AUT [23157030],NIVEL,Nivel medio diario,2014-04-04 00:00,cm,193,Preliminar
23157030,BARRANCABERMEJA  - AUT [23157030],NIVEL,Nivel medio diario,2014-04-05 00:00,cm,190,Preliminar
23157030,BARRANCABERMEJA  - AUT [23157030],NIVEL,Nivel medio diario,2014-04-06 00:00,cm,184,Preliminar
23157030,BARRANCABERMEJA  - AUT [23157030],NIVEL,Nivel medio diario,2014-04-07 00:00,cm,165,Preliminar
23157030,BARRANCABERMEJA  - AUT [23157030],NIVEL,Nivel medio diario,2014-04-08 00:00,cm,176,Preliminar
23157030,BARRANCABERMEJA  - AUT [23157030],NIVEL,Nivel medio diario,2014-04-09 00:00,cm,156,Preliminar
23157030,BARRANCABERMEJA  - AUT [23157030],NIVEL,Nivel medio diario,2014-04-10 00:00,cm,134,Preliminar
23157030,BARRANCABERMEJA  - AUT [23157030],NIVEL,Nivel medio diario,2014-04-11 00:00,cm,131,Preliminar
23157030,BARRANCABERMEJA  - AUT [23157030],NIVEL,Nivel medio diario,2014-04-12 00:00,cm,143,Preliminar
23157030,BARRANCABERMEJA  - AUT [23157030],NIVEL,Nivel medio diario,2014-04-13 00:00,cm,175,Preliminar
23157030,BARRANCABERMEJA  - AUT [23157030],NIVEL,Nivel medio diario,2014-04-14 00:00,cm,176,Preliminar
23157030,BARRANCABERMEJA  - AUT [23157030],NIVEL,Nivel medio diario,2014-04-15 00:00,cm,177,Preliminar
23157030,BARRANCABERMEJA  - AUT [23157030],NIVEL,Nivel medio diario,2014-04-16 00:00,cm,191,Preliminar
23157030,BARRANCABERMEJA  - AUT [23157030],NIVEL,Nivel medio diario,2014-04-17 00:00,cm,210,Preliminar
23157030,BARRANCABERMEJA  - AUT [23157030],NIVEL,Nivel medio diario,2014-04-18 00:00,cm,193,Preliminar
23157030,BARRANCABERMEJA  - AUT [23157030],NIVEL,Nivel medio diario,2014-04-19 00:00,cm,190,Preliminar
23157030,BARRANCABERMEJA  - AUT [23157030],NIVEL,Nivel medio diario,2014-04-20 00:00,cm,212,Preliminar
23157030,BARRANCABERMEJA  - AUT [23157030],NIVEL,Nivel medio diario,2014-04-21 00:00,cm,233,Preliminar
23157030,BARRANCABERMEJA  - AUT [23157030],NIVEL,Nivel medio diario,2014-04-22 00:00,cm,234,Preliminar
23157030,BARRANCABERMEJA  - AUT [23157030],NIVEL,Nivel medio diario,2014-04-23 00:00,cm,250,Preliminar
23157030,BARRANCABERMEJA  - AUT [23157030],NIVEL,Nivel medio diario,2014-04-24 00:00,cm,242,Preliminar
23157030,BARRANCABERMEJA  - AUT [23157030],NIVEL,Nivel medio diario,2014-04-25 00:00,cm,325,Preliminar
23157030,BARRANCABERMEJA  - AUT [23157030],NIVEL,Nivel medio diario,2014-04-26 00:00,cm,334,Preliminar
23157030,BARRANCABERMEJA  - AUT [23157030],NIVEL,Nivel medio diario,2014-04-27 00:00,cm,387,Preliminar
23157030,BARRANCABERMEJA  - AUT [23157030],NIVEL,Nivel medio diario,2014-04-28 00:00,cm,343,Preliminar
23157030,BARRANCABERMEJA  - AUT [23157030],NIVEL,Nivel medio diario,2014-04-29 00:00,cm,333,Preliminar
23157030,BARRANCABERMEJA  - AUT [23157030],NIVEL,Nivel medio diario,2014-04-30 00:00,cm,349,Preliminar
23157030,BARRANCABERMEJA  - AUT [23157030],NIVEL,Nivel medio diario,2014-05-01 00:00,cm,347,Preliminar
23157030,BARRANCABERMEJA  - AUT [23157030],NIVEL,Nivel medio diario,2014-05-02 00:00,cm,362,Preliminar
23157030,BARRANCABERMEJA  - AUT [23157030],NIVEL,Nivel medio diario,2014-05-03 00:00,cm,347,Preliminar
23157030,BARRANCABERMEJA  - AUT [23157030],NIVEL,Nivel medio diario,2014-05-04 00:00,cm,359,Preliminar
23157030,BARRANCABERMEJA  - AUT [23157030],NIVEL,Nivel medio diario,2014-05-05 00:00,cm,358,Preliminar
23157030,BARRANCABERMEJA  - AUT [23157030],NIVEL,Nivel medio diario,2014-05-06 00:00,cm,321,Preliminar
23157030,BARRANCABERMEJA  - AUT [23157030],NIVEL,Nivel medio diario,2014-05-07 00:00,cm,335,Preliminar
23157030,BARRANCABERMEJA  - AUT [23157030],NIVEL,Nivel medio diario,2014-05-08 00:00,cm,314,Preliminar
23157030,BARRANCABERMEJA  - AUT [23157030],NIVEL,Nivel medio diario,2014-05-09 00:00,cm,372,Preliminar
23157030,BARRANCABERMEJA  - AUT [23157030],NIVEL,Nivel medio diario,2014-05-10 00:00,cm,412,Preliminar
23157030,BARRANCABERMEJA  - AUT [23157030],NIVEL,Nivel medio diario,2014-05-11 00:00,cm,392,Preliminar
23157030,BARRANCABERMEJA  - AUT [23157030],NIVEL,Nivel medio diario,2014-05-12 00:00,cm,423,Preliminar
23157030,BARRANCABERMEJA  - AUT [23157030],NIVEL,Nivel medio diario,2014-05-13 00:00,cm,394,Preliminar
23157030,BARRANCABERMEJA  - AUT [23157030],NIVEL,Nivel medio diario,2014-05-14 00:00,cm,398,Preliminar
23157030,BARRANCABERMEJA  - AUT [23157030],NIVEL,Nivel medio diario,2014-05-15 00:00,cm,400,Preliminar
23157030,BARRANCABERMEJA  - AUT [23157030],NIVEL,Nivel medio diario,2014-05-16 00:00,cm,384,Preliminar
23157030,BARRANCABERMEJA  - AUT [23157030],NIVEL,Nivel medio diario,2014-05-17 00:00,cm,343,Preliminar
23157030,BARRANCABERMEJA  - AUT [23157030],NIVEL,Nivel medio diario,2014-05-18 00:00,cm,341,Preliminar
23157030,BARRANCABERMEJA  - AUT [23157030],NIVEL,Nivel medio diario,2014-05-19 00:00,cm,341,Preliminar
23157030,BARRANCABERMEJA  - AUT [23157030],NIVEL,Nivel medio diario,2014-05-20 00:00,cm,321,Preliminar
23157030,BARRANCABERMEJA  - AUT [23157030],NIVEL,Nivel medio diario,2014-05-21 00:00,cm,297,Preliminar
23157030,BARRANCABERMEJA  - AUT [23157030],NIVEL,Nivel medio diario,2014-05-22 00:00,cm,315,Preliminar
23157030,BARRANCABERMEJA  - AUT [23157030],NIVEL,Nivel medio diario,2014-05-23 00:00,cm,288,Preliminar
23157030,BARRANCABERMEJA  - AUT [23157030],NIVEL,Nivel medio diario,2014-05-24 00:00,cm,319,Preliminar
23157030,BARRANCABERMEJA  - AUT [23157030],NIVEL,Nivel medio diario,2014-05-25 00:00,cm,354,Preliminar
23157030,BARRANCABERMEJA  - AUT [23157030],NIVEL,Nivel medio diario,2014-05-26 00:00,cm,290,Preliminar
23157030,BARRANCABERMEJA  - AUT [23157030],NIVEL,Nivel medio diario,2014-05-27 00:00,cm,264,Preliminar
23157030,BARRANCABERMEJA  - AUT [23157030],NIVEL,Nivel medio diario,2014-05-28 00:00,cm,228,Preliminar
23157030,BARRANCABERMEJA  - AUT [23157030],NIVEL,Nivel medio diario,2014-05-29 00:00,cm,201,Preliminar
23157030,BARRANCABERMEJA  - AUT [23157030],NIVEL,Nivel medio diario,2014-05-30 00:00,cm,243,Preliminar
23157030,BARRANCABERMEJA  - AUT [23157030],NIVEL,Nivel medio diario,2014-05-31 00:00,cm,271,Preliminar
23157030,BARRANCABERMEJA  - AUT [23157030],NIVEL,Nivel medio diario,2014-06-01 00:00,cm,256,Preliminar
23157030,BARRANCABERMEJA  - AUT [23157030],NIVEL,Nivel medio diario,2014-06-02 00:00,cm,217,Preliminar
23157030,BARRANCABERMEJA  - AUT [23157030],NIVEL,Nivel medio diario,2014-06-03 00:00,cm,229,Preliminar
23157030,BARRANCABERMEJA  - AUT [23157030],NIVEL,Nivel medio diario,2014-06-04 00:00,cm,248,Preliminar
23157030,BARRANCABERMEJA  - AUT [23157030],NIVEL,Nivel medio diario,2014-06-05 00:00,cm,231,Preliminar
23157030,BARRANCABERMEJA  - AUT [23157030],NIVEL,Nivel medio diario,2014-06-06 00:00,cm,222,Preliminar
23157030,BARRANCABERMEJA  - AUT [23157030],NIVEL,Nivel medio diario,2014-06-07 00:00,cm,221,Preliminar
23157030,BARRANCABERMEJA  - AUT [23157030],NIVEL,Nivel medio diario,2014-06-08 00:00,cm,227,Preliminar
23157030,BARRANCABERMEJA  - AUT [23157030],NIVEL,Nivel medio diario,2014-06-09 00:00,cm,250,Preliminar
23157030,BARRANCABERMEJA  - AUT [23157030],NIVEL,Nivel medio diario,2014-06-10 00:00,cm,230,Preliminar
23157030,BARRANCABERMEJA  - AUT [23157030],NIVEL,Nivel medio diario,2014-06-11 00:00,cm,258,Preliminar
23157030,BARRANCABERMEJA  - AUT [23157030],NIVEL,Nivel medio diario,2014-06-12 00:00,cm,250,Preliminar
23157030,BARRANCABERMEJA  - AUT [23157030],NIVEL,Nivel medio diario,2014-06-13 00:00,cm,228,Preliminar
23157030,BARRANCABERMEJA  - AUT [23157030],NIVEL,Nivel medio diario,2014-06-14 00:00,cm,248,Preliminar
23157030,BARRANCABERMEJA  - AUT [23157030],NIVEL,Nivel medio diario,2014-06-15 00:00,cm,228,Preliminar
23157030,BARRANCABERMEJA  - AUT [23157030],NIVEL,Nivel medio diario,2014-06-16 00:00,cm,262,Preliminar
23157030,BARRANCABERMEJA  - AUT [23157030],NIVEL,Nivel medio diario,2014-06-17 00:00,cm,238,Preliminar
23157030,BARRANCABERMEJA  - AUT [23157030],NIVEL,Nivel medio diario,2014-06-18 00:00,cm,243,Preliminar
23157030,BARRANCABERMEJA  - AUT [23157030],NIVEL,Nivel medio diario,2014-06-19 00:00,cm,227,Preliminar
23157030,BARRANCABERMEJA  - AUT [23157030],NIVEL,Nivel medio diario,2014-06-20 00:00,cm,207,Preliminar
23157030,BARRANCABERMEJA  - AUT [23157030],NIVEL,Nivel medio diario,2014-06-21 00:00,cm,216,Preliminar
23157030,BARRANCABERMEJA  - AUT [23157030],NIVEL,Nivel medio diario,2014-06-22 00:00,cm,241,Preliminar
23157030,BARRANCABERMEJA  - AUT [23157030],NIVEL,Nivel medio diario,2014-06-23 00:00,cm,240,Preliminar
23157030,BARRANCABERMEJA  - AUT [23157030],NIVEL,Nivel medio diario,2014-06-24 00:00,cm,216,Preliminar
23157030,BARRANCABERMEJA  - AUT [23157030],NIVEL,Nivel medio diario,2014-06-25 00:00,cm,223,Preliminar
23157030,BARRANCABERMEJA  - AUT [23157030],NIVEL,Nivel medio diario,2014-06-26 00:00,cm,240,Preliminar
23157030,BARRANCABERMEJA  - AUT [23157030],NIVEL,Nivel medio diario,2014-06-27 00:00,cm,233,Preliminar
23157030,BARRANCABERMEJA  - AUT [23157030],NIVEL,Nivel medio diario,2014-06-28 00:00,cm,210,Preliminar
23157030,BARRANCABERMEJA  - AUT [23157030],NIVEL,Nivel medio diario,2014-06-29 00:00,cm,212,Preliminar
23157030,BARRANCABERMEJA  - AUT [23157030],NIVEL,Nivel medio diario,2014-06-30 00:00,cm,187,Preliminar
23157030,BARRANCABERMEJA  - AUT [23157030],NIVEL,Nivel medio diario,2014-07-01 00:00,cm,218,Preliminar
23157030,BARRANCABERMEJA  - AUT [23157030],NIVEL,Nivel medio diario,2014-07-02 00:00,cm,237,Preliminar
23157030,BARRANCABERMEJA  - AUT [23157030],NIVEL,Nivel medio diario,2014-07-03 00:00,cm,241,Preliminar
23157030,BARRANCABERMEJA  - AUT [23157030],NIVEL,Nivel medio diario,2014-07-04 00:00,cm,196,Preliminar
23157030,BARRANCABERMEJA  - AUT [23157030],NIVEL,Nivel medio diario,2014-07-05 00:00,cm,234,Preliminar
23157030,BARRANCABERMEJA  - AUT [23157030],NIVEL,Nivel medio diario,2014-07-06 00:00,cm,245,Preliminar
23157030,BARRANCABERMEJA  - AUT [23157030],NIVEL,Nivel medio diario,2014-07-07 00:00,cm,202,Preliminar
23157030,BARRANCABERMEJA  - AUT [23157030],NIVEL,Nivel medio diario,2014-07-08 00:00,cm,218,Preliminar
23157030,BARRANCABERMEJA  - AUT [23157030],NIVEL,Nivel medio diario,2014-07-09 00:00,cm,206,Preliminar
23157030,BARRANCABERMEJA  - AUT [23157030],NIVEL,Nivel medio diario,2014-07-10 00:00,cm,161,Preliminar
23157030,BARRANCABERMEJA  - AUT [23157030],NIVEL,Nivel medio diario,2014-07-11 00:00,cm,165,Preliminar
23157030,BARRANCABERMEJA  - AUT [23157030],NIVEL,Nivel medio diario,2014-07-12 00:00,cm,180,Preliminar
23157030,BARRANCABERMEJA  - AUT [23157030],NIVEL,Nivel medio diario,2014-07-13 00:00,cm,212,Preliminar
23157030,BARRANCABERMEJA  - AUT [23157030],NIVEL,Nivel medio diario,2014-07-14 00:00,cm,215,Preliminar
23157030,BARRANCABERMEJA  - AUT [23157030],NIVEL,Nivel medio diario,2014-07-15 00:00,cm,238,Preliminar
23157030,BARRANCABERMEJA  - AUT [23157030],NIVEL,Nivel medio diario,2014-07-16 00:00,cm,240,Preliminar
23157030,BARRANCABERMEJA  - AUT [23157030],NIVEL,Nivel medio diario,2014-07-17 00:00,cm,266,Preliminar
23157030,BARRANCABERMEJA  - AUT [23157030],NIVEL,Nivel medio diario,2014-07-18 00:00,cm,266,Preliminar
23157030,BARRANCABERMEJA  - AUT [23157030],NIVEL,Nivel medio diario,2014-07-19 00:00,cm,258,Preliminar
23157030,BARRANCABERMEJA  - AUT [23157030],NIVEL,Nivel medio diario,2014-07-20 00:00,cm,239,Preliminar
23157030,BARRANCABERMEJA  - AUT [23157030],NIVEL,Nivel medio diario,2014-07-21 00:00,cm,209,Preliminar
23157030,BARRANCABERMEJA  - AUT [23157030],NIVEL,Nivel medio diario,2014-07-22 00:00,cm,194,Preliminar
23157030,BARRANCABERMEJA  - AUT [23157030],NIVEL,Nivel medio diario,2014-07-23 00:00,cm,192,Preliminar
23157030,BARRANCABERMEJA  - AUT [23157030],NIVEL,Nivel medio diario,2014-07-24 00:00,cm,187,Preliminar
23157030,BARRANCABERMEJA  - AUT [23157030],NIVEL,Nivel medio diario,2014-07-25 00:00,cm,185,Preliminar
23157030,BARRANCABERMEJA  - AUT [23157030],NIVEL,Nivel medio diario,2014-07-26 00:00,cm,191,Preliminar
23157030,BARRANCABERMEJA  - AUT [23157030],NIVEL,Nivel medio diario,2014-07-27 00:00,cm,196,Preliminar
23157030,BARRANCABERMEJA  - AUT [23157030],NIVEL,Nivel medio diario,2014-07-28 00:00,cm,194,Preliminar
23157030,BARRANCABERMEJA  - AUT [23157030],NIVEL,Nivel medio diario,2014-07-29 00:00,cm,171,Preliminar
23157030,BARRANCABERMEJA  - AUT [23157030],NIVEL,Nivel medio diario,2014-07-30 00:00,cm,150,Preliminar
23157030,BARRANCABERMEJA  - AUT [23157030],NIVEL,Nivel medio diario,2014-07-31 00:00,cm,123,Preliminar
23157030,BARRANCABERMEJA  - AUT [23157030],NIVEL,Nivel medio diario,2014-08-01 00:00,cm,160,Preliminar
23157030,BARRANCABERMEJA  - AUT [23157030],NIVEL,Nivel medio diario,2014-08-02 00:00,cm,120,Preliminar
23157030,BARRANCABERMEJA  - AUT [23157030],NIVEL,Nivel medio diario,2014-08-03 00:00,cm,92,Preliminar
23157030,BARRANCABERMEJA  - AUT [23157030],NIVEL,Nivel medio diario,2014-08-04 00:00,cm,95,Preliminar
23157030,BARRANCABERMEJA  - AUT [23157030],NIVEL,Nivel medio diario,2014-08-05 00:00,cm,90,Preliminar
23157030,BARRANCABERMEJA  - AUT [23157030],NIVEL,Nivel medio diario,2014-08-06 00:00,cm,147,Preliminar
23157030,BARRANCABERMEJA  - AUT [23157030],NIVEL,Nivel medio diario,2014-08-07 00:00,cm,144,Preliminar
23157030,BARRANCABERMEJA  - AUT [23157030],NIVEL,Nivel medio diario,2014-08-08 00:00,cm,159,Preliminar
23157030,BARRANCABERMEJA  - AUT [23157030],NIVEL,Nivel medio diario,2014-08-09 00:00,cm,165,Preliminar
23157030,BARRANCABERMEJA  - AUT [23157030],NIVEL,Nivel medio diario,2014-08-10 00:00,cm,155,Preliminar
23157030,BARRANCABERMEJA  - AUT [23157030],NIVEL,Nivel medio diario,2014-08-11 00:00,cm,149,Preliminar
23157030,BARRANCABERMEJA  - AUT [23157030],NIVEL,Nivel medio diario,2014-08-12 00:00,cm,166,Preliminar
23157030,BARRANCABERMEJA  - AUT [23157030],NIVEL,Nivel medio diario,2014-08-13 00:00,cm,186,Preliminar
23157030,BARRANCABERMEJA  - AUT [23157030],NIVEL,Nivel medio diario,2014-08-14 00:00,cm,150,Preliminar
23157030,BARRANCABERMEJA  - AUT [23157030],NIVEL,Nivel medio diario,2014-08-15 00:00,cm,169,Preliminar
23157030,BARRANCABERMEJA  - AUT [23157030],NIVEL,Nivel medio diario,2014-08-16 00:00,cm,173,Preliminar
23157030,BARRANCABERMEJA  - AUT [23157030],NIVEL,Nivel medio diario,2014-08-17 00:00,cm,160,Preliminar
23157030,BARRANCABERMEJA  - AUT [23157030],NIVEL,Nivel medio diario,2014-08-18 00:00,cm,163,Preliminar
23157030,BARRANCABERMEJA  - AUT [23157030],NIVEL,Nivel medio diario,2014-08-19 00:00,cm,157,Preliminar
23157030,BARRANCABERMEJA  - AUT [23157030],NIVEL,Nivel medio diario,2014-08-20 00:00,cm,154,Preliminar
23157030,BARRANCABERMEJA  - AUT [23157030],NIVEL,Nivel medio diario,2014-08-21 00:00,cm,159,Preliminar
23157030,BARRANCABERMEJA  - AUT [23157030],NIVEL,Nivel medio diario,2014-08-22 00:00,cm,202,Preliminar
23157030,BARRANCABERMEJA  - AUT [23157030],NIVEL,Nivel medio diario,2014-08-23 00:00,cm,220,Preliminar
23157030,BARRANCABERMEJA  - AUT [23157030],NIVEL,Nivel medio diario,2014-08-24 00:00,cm,228,Preliminar
23157030,BARRANCABERMEJA  - AUT [23157030],NIVEL,Nivel medio diario,2014-08-25 00:00,cm,209,Preliminar
23157030,BARRANCABERMEJA  - AUT [23157030],NIVEL,Nivel medio diario,2014-08-26 00:00,cm,229,Preliminar
23157030,BARRANCABERMEJA  - AUT [23157030],NIVEL,Nivel medio diario,2014-08-27 00:00,cm,202,Preliminar
23157030,BARRANCABERMEJA  - AUT [23157030],NIVEL,Nivel medio diario,2014-08-28 00:00,cm,156,Preliminar
23157030,BARRANCABERMEJA  - AUT [23157030],NIVEL,Nivel medio diario,2014-08-29 00:00,cm,169,Preliminar
23157030,BARRANCABERMEJA  - AUT [23157030],NIVEL,Nivel medio diario,2014-08-30 00:00,cm,184,Preliminar
23157030,BARRANCABERMEJA  - AUT [23157030],NIVEL,Nivel medio diario,2014-08-31 00:00,cm,148,Preliminar
23157030,BARRANCABERMEJA  - AUT [23157030],NIVEL,Nivel medio diario,2014-09-01 00:00,cm,123,Preliminar
23157030,BARRANCABERMEJA  - AUT [23157030],NIVEL,Nivel medio diario,2014-09-02 00:00,cm,141,Preliminar
23157030,BARRANCABERMEJA  - AUT [23157030],NIVEL,Nivel medio diario,2014-09-03 00:00,cm,167,Preliminar
23157030,BARRANCABERMEJA  - AUT [23157030],NIVEL,Nivel medio diario,2014-09-04 00:00,cm,126,Preliminar
23157030,BARRANCABERMEJA  - AUT [23157030],NIVEL,Nivel medio diario,2014-09-05 00:00,cm,139,Preliminar
23157030,BARRANCABERMEJA  - AUT [23157030],NIVEL,Nivel medio diario,2014-09-06 00:00,cm,148,Preliminar
23157030,BARRANCABERMEJA  - AUT [23157030],NIVEL,Nivel medio diario,2014-09-07 00:00,cm,139,Preliminar
23157030,BARRANCABERMEJA  - AUT [23157030],NIVEL,Nivel medio diario,2014-09-08 00:00,cm,117,Preliminar
23157030,BARRANCABERMEJA  - AUT [23157030],NIVEL,Nivel medio diario,2014-09-09 00:00,cm,97,Preliminar
23157030,BARRANCABERMEJA  - AUT [23157030],NIVEL,Nivel medio diario,2014-09-10 00:00,cm,89,Preliminar
23157030,BARRANCABERMEJA  - AUT [23157030],NIVEL,Nivel medio diario,2014-09-11 00:00,cm,87,Preliminar
23157030,BARRANCABERMEJA  - AUT [23157030],NIVEL,Nivel medio diario,2014-09-12 00:00,cm,143,Preliminar
23157030,BARRANCABERMEJA  - AUT [23157030],NIVEL,Nivel medio diario,2014-09-13 00:00,cm,209,Preliminar
23157030,BARRANCABERMEJA  - AUT [23157030],NIVEL,Nivel medio diario,2014-09-14 00:00,cm,276,Preliminar
23157030,BARRANCABERMEJA  - AUT [23157030],NIVEL,Nivel medio diario,2014-09-15 00:00,cm,291,Preliminar
23157030,BARRANCABERMEJA  - AUT [23157030],NIVEL,Nivel medio diario,2014-09-16 00:00,cm,244,Preliminar
23157030,BARRANCABERMEJA  - AUT [23157030],NIVEL,Nivel medio diario,2014-09-17 00:00,cm,197,Preliminar
23157030,BARRANCABERMEJA  - AUT [23157030],NIVEL,Nivel medio diario,2014-09-18 00:00,cm,205,Preliminar
23157030,BARRANCABERMEJA  - AUT [23157030],NIVEL,Nivel medio diario,2014-09-19 00:00,cm,243,Preliminar
23157030,BARRANCABERMEJA  - AUT [23157030],NIVEL,Nivel medio diario,2014-09-20 00:00,cm,262,Preliminar
23157030,BARRANCABERMEJA  - AUT [23157030],NIVEL,Nivel medio diario,2014-09-21 00:00,cm,293,Preliminar
23157030,BARRANCABERMEJA  - AUT [23157030],NIVEL,Nivel medio diario,2014-09-22 00:00,cm,283,Preliminar
23157030,BARRANCABERMEJA  - AUT [23157030],NIVEL,Nivel medio diario,2014-09-23 00:00,cm,333,Preliminar
23157030,BARRANCABERMEJA  - AUT [23157030],NIVEL,Nivel medio diario,2014-09-24 00:00,cm,345,Preliminar
23157030,BARRANCABERMEJA  - AUT [23157030],NIVEL,Nivel medio diario,2014-09-25 00:00,cm,306,Preliminar
23157030,BARRANCABERMEJA  - AUT [23157030],NIVEL,Nivel medio diario,2014-09-26 00:00,cm,285,Preliminar
23157030,BARRANCABERMEJA  - AUT [23157030],NIVEL,Nivel medio diario,2014-09-27 00:00,cm,270,Preliminar
23157030,BARRANCABERMEJA  - AUT [23157030],NIVEL,Nivel medio diario,2014-09-28 00:00,cm,260,Preliminar
23157030,BARRANCABERMEJA  - AUT [23157030],NIVEL,Nivel medio diario,2014-09-29 00:00,cm,231,Preliminar
23157030,BARRANCABERMEJA  - AUT [23157030],NIVEL,Nivel medio diario,2014-09-30 00:00,cm,218,Preliminar
23157030,BARRANCABERMEJA  - AUT [23157030],NIVEL,Nivel medio diario,2014-10-01 00:00,cm,173,Preliminar
23157030,BARRANCABERMEJA  - AUT [23157030],NIVEL,Nivel medio diario,2014-10-02 00:00,cm,153,Preliminar
23157030,BARRANCABERMEJA  - AUT [23157030],NIVEL,Nivel medio diario,2014-10-03 00:00,cm,161,Preliminar
23157030,BARRANCABERMEJA  - AUT [23157030],NIVEL,Nivel medio diario,2014-10-04 00:00,cm,146,Preliminar
23157030,BARRANCABERMEJA  - AUT [23157030],NIVEL,Nivel medio diario,2014-10-05 00:00,cm,135,Preliminar
23157030,BARRANCABERMEJA  - AUT [23157030],NIVEL,Nivel medio diario,2014-10-06 00:00,cm,137,Preliminar
23157030,BARRANCABERMEJA  - AUT [23157030],NIVEL,Nivel medio diario,2014-10-07 00:00,cm,161,Preliminar
23157030,BARRANCABERMEJA  - AUT [23157030],NIVEL,Nivel medio diario,2014-10-08 00:00,cm,251,Preliminar
23157030,BARRANCABERMEJA  - AUT [23157030],NIVEL,Nivel medio diario,2014-10-09 00:00,cm,296,Preliminar
23157030,BARRANCABERMEJA  - AUT [23157030],NIVEL,Nivel medio diario,2014-10-10 00:00,cm,396,Preliminar
23157030,BARRANCABERMEJA  - AUT [23157030],NIVEL,Nivel medio diario,2014-10-11 00:00,cm,362,Preliminar
23157030,BARRANCABERMEJA  - AUT [23157030],NIVEL,Nivel medio diario,2014-10-12 00:00,cm,346,Preliminar
23157030,BARRANCABERMEJA  - AUT [23157030],NIVEL,Nivel medio diario,2014-10-13 00:00,cm,355,Preliminar
23157030,BARRANCABERMEJA  - AUT [23157030],NIVEL,Nivel medio diario,2014-10-14 00:00,cm,338,Preliminar
23157030,BARRANCABERMEJA  - AUT [23157030],NIVEL,Nivel medio diario,2014-10-15 00:00,cm,338,Preliminar
23157030,BARRANCABERMEJA  - AUT [23157030],NIVEL,Nivel medio diario,2014-10-16 00:00,cm,330,Preliminar
23157030,BARRANCABERMEJA  - AUT [23157030],NIVEL,Nivel medio diario,2014-10-17 00:00,cm,324,Preliminar
23157030,BARRANCABERMEJA  - AUT [23157030],NIVEL,Nivel medio diario,2014-10-18 00:00,cm,315,Preliminar
23157030,BARRANCABERMEJA  - AUT [23157030],NIVEL,Nivel medio diario,2014-10-19 00:00,cm,305,Preliminar
23157030,BARRANCABERMEJA  - AUT [23157030],NIVEL,Nivel medio diario,2014-10-20 00:00,cm,306,Preliminar
23157030,BARRANCABERMEJA  - AUT [23157030],NIVEL,Nivel medio diario,2014-10-21 00:00,cm,346,Preliminar
23157030,BARRANCABERMEJA  - AUT [23157030],NIVEL,Nivel medio diario,2014-10-22 00:00,cm,324,Preliminar
23157030,BARRANCABERMEJA  - AUT [23157030],NIVEL,Nivel medio diario,2014-10-23 00:00,cm,297,Preliminar
23157030,BARRANCABERMEJA  - AUT [23157030],NIVEL,Nivel medio diario,2014-10-24 00:00,cm,264,Preliminar
23157030,BARRANCABERMEJA  - AUT [23157030],NIVEL,Nivel medio diario,2014-10-25 00:00,cm,260,Preliminar
23157030,BARRANCABERMEJA  - AUT [23157030],NIVEL,Nivel medio diario,2014-10-26 00:00,cm,246,Preliminar
23157030,BARRANCABERMEJA  - AUT [23157030],NIVEL,Nivel medio diario,2014-10-27 00:00,cm,291,Preliminar
23157030,BARRANCABERMEJA  - AUT [23157030],NIVEL,Nivel medio diario,2014-10-28 00:00,cm,294,Preliminar
23157030,BARRANCABERMEJA  - AUT [23157030],NIVEL,Nivel medio diario,2014-10-29 00:00,cm,234,Preliminar
23157030,BARRANCABERMEJA  - AUT [23157030],NIVEL,Nivel medio diario,2014-10-30 00:00,cm,218,Preliminar
23157030,BARRANCABERMEJA  - AUT [23157030],NIVEL,Nivel medio diario,2014-10-31 00:00,cm,245,Preliminar
23157030,BARRANCABERMEJA  - AUT [23157030],NIVEL,Nivel medio diario,2014-11-01 00:00,cm,279,Preliminar
23157030,BARRANCABERMEJA  - AUT [23157030],NIVEL,Nivel medio diario,2014-11-02 00:00,cm,311,Preliminar
23157030,BARRANCABERMEJA  - AUT [23157030],NIVEL,Nivel medio diario,2014-11-03 00:00,cm,335,Preliminar
23157030,BARRANCABERMEJA  - AUT [23157030],NIVEL,Nivel medio diario,2014-11-04 00:00,cm,292,Preliminar
23157030,BARRANCABERMEJA  - AUT [23157030],NIVEL,Nivel medio diario,2014-11-05 00:00,cm,280,Preliminar
23157030,BARRANCABERMEJA  - AUT [23157030],NIVEL,Nivel medio diario,2014-11-06 00:00,cm,343,Preliminar
23157030,BARRANCABERMEJA  - AUT [23157030],NIVEL,Nivel medio diario,2014-11-07 00:00,cm,310,Preliminar
23157030,BARRANCABERMEJA  - AUT [23157030],NIVEL,Nivel medio diario,2014-11-08 00:00,cm,312,Preliminar
23157030,BARRANCABERMEJA  - AUT [23157030],NIVEL,Nivel medio diario,2014-11-09 00:00,cm,347,Preliminar
23157030,BARRANCABERMEJA  - AUT [23157030],NIVEL,Nivel medio diario,2014-11-10 00:00,cm,343,Preliminar
23157030,BARRANCABERMEJA  - AUT [23157030],NIVEL,Nivel medio diario,2014-11-11 00:00,cm,371,Preliminar
23157030,BARRANCABERMEJA  - AUT [23157030],NIVEL,Nivel medio diario,2014-11-12 00:00,cm,396,Preliminar
23157030,BARRANCABERMEJA  - AUT [23157030],NIVEL,Nivel medio diario,2014-11-13 00:00,cm,428,Preliminar
23157030,BARRANCABERMEJA  - AUT [23157030],NIVEL,Nivel medio diario,2014-11-14 00:00,cm,413,Preliminar
23157030,BARRANCABERMEJA  - AUT [23157030],NIVEL,Nivel medio diario,2014-11-15 00:00,cm,393,Preliminar
23157030,BARRANCABERMEJA  - AUT [23157030],NIVEL,Nivel medio diario,2014-11-16 00:00,cm,368,Preliminar
23157030,BARRANCABERMEJA  - AUT [23157030],NIVEL,Nivel medio diario,2014-11-17 00:00,cm,331,Preliminar
23157030,BARRANCABERMEJA  - AUT [23157030],NIVEL,Nivel medio diario,2014-11-18 00:00,cm,312,Preliminar
23157030,BARRANCABERMEJA  - AUT [23157030],NIVEL,Nivel medio diario,2014-11-19 00:00,cm,310,Preliminar
23157030,BARRANCABERMEJA  - AUT [23157030],NIVEL,Nivel medio diario,2014-11-20 00:00,cm,295,Preliminar
23157030,BARRANCABERMEJA  - AUT [23157030],NIVEL,Nivel medio diario,2014-11-21 00:00,cm,249,Preliminar
23157030,BARRANCABERMEJA  - AUT [23157030],NIVEL,Nivel medio diario,2014-11-22 00:00,cm,234,Preliminar
23157030,BARRANCABERMEJA  - AUT [23157030],NIVEL,Nivel medio diario,2014-11-23 00:00,cm,256,Preliminar
23157030,BARRANCABERMEJA  - AUT [23157030],NIVEL,Nivel medio diario,2014-11-24 00:00,cm,259,Preliminar
23157030,BARRANCABERMEJA  - AUT [23157030],NIVEL,Nivel medio diario,2014-11-25 00:00,cm,262,Preliminar
23157030,BARRANCABERMEJA  - AUT [23157030],NIVEL,Nivel medio diario,2014-11-26 00:00,cm,263,Preliminar
23157030,BARRANCABERMEJA  - AUT [23157030],NIVEL,Nivel medio diario,2014-11-27 00:00,cm,289,Preliminar
23157030,BARRANCABERMEJA  - AUT [23157030],NIVEL,Nivel medio diario,2014-11-28 00:00,cm,314,Preliminar
23157030,BARRANCABERMEJA  - AUT [23157030],NIVEL,Nivel medio diario,2014-11-29 00:00,cm,267,Preliminar
23157030,BARRANCABERMEJA  - AUT [23157030],NIVEL,Nivel medio diario,2014-11-30 00:00,cm,265,Preliminar
23157030,BARRANCABERMEJA  - AUT [23157030],NIVEL,Nivel medio diario,2014-12-01 00:00,cm,245,Preliminar
23157030,BARRANCABERMEJA  - AUT [23157030],NIVEL,Nivel medio diario,2014-12-02 00:00,cm,228,Preliminar
23157030,BARRANCABERMEJA  - AUT [23157030],NIVEL,Nivel medio diario,2014-12-03 00:00,cm,252,Preliminar
23157030,BARRANCABERMEJA  - AUT [23157030],NIVEL,Nivel medio diario,2014-12-04 00:00,cm,229,Preliminar
23157030,BARRANCABERMEJA  - AUT [23157030],NIVEL,Nivel medio diario,2014-12-05 00:00,cm,183,Preliminar
23157030,BARRANCABERMEJA  - AUT [23157030],NIVEL,Nivel medio diario,2014-12-06 00:00,cm,208,Preliminar
23157030,BARRANCABERMEJA  - AUT [23157030],NIVEL,Nivel medio diario,2014-12-07 00:00,cm,202,Preliminar
23157030,BARRANCABERMEJA  - AUT [23157030],NIVEL,Nivel medio diario,2014-12-08 00:00,cm,206,Preliminar
23157030,BARRANCABERMEJA  - AUT [23157030],NIVEL,Nivel medio diario,2014-12-09 00:00,cm,205,Preliminar
23157030,BARRANCABERMEJA  - AUT [23157030],NIVEL,Nivel medio diario,2014-12-10 00:00,cm,223,Preliminar
23157030,BARRANCABERMEJA  - AUT [23157030],NIVEL,Nivel medio diario,2014-12-11 00:00,cm,266,Preliminar
23157030,BARRANCABERMEJA  - AUT [23157030],NIVEL,Nivel medio diario,2014-12-12 00:00,cm,334,Preliminar
23157030,BARRANCABERMEJA  - AUT [23157030],NIVEL,Nivel medio diario,2014-12-13 00:00,cm,316,Preliminar
23157030,BARRANCABERMEJA  - AUT [23157030],NIVEL,Nivel medio diario,2014-12-14 00:00,cm,354,Preliminar
23157030,BARRANCABERMEJA  - AUT [23157030],NIVEL,Nivel medio diario,2014-12-15 00:00,cm,364,Preliminar
23157030,BARRANCABERMEJA  - AUT [23157030],NIVEL,Nivel medio diario,2014-12-16 00:00,cm,335,Preliminar
23157030,BARRANCABERMEJA  - AUT [23157030],NIVEL,Nivel medio diario,2014-12-17 00:00,cm,317,Preliminar
23157030,BARRANCABERMEJA  - AUT [23157030],NIVEL,Nivel medio diario,2014-12-18 00:00,cm,293,Preliminar
23157030,BARRANCABERMEJA  - AUT [23157030],NIVEL,Nivel medio diario,2014-12-19 00:00,cm,264,Preliminar
23157030,BARRANCABERMEJA  - AUT [23157030],NIVEL,Nivel medio diario,2014-12-20 00:00,cm,276,Preliminar
23157030,BARRANCABERMEJA  - AUT [23157030],NIVEL,Nivel medio diario,2014-12-21 00:00,cm,246,Preliminar
23157030,BARRANCABERMEJA  - AUT [23157030],NIVEL,Nivel medio diario,2014-12-22 00:00,cm,217,Preliminar
23157030,BARRANCABERMEJA  - AUT [23157030],NIVEL,Nivel medio diario,2014-12-23 00:00,cm,214,Preliminar
23157030,BARRANCABERMEJA  - AUT [23157030],NIVEL,Nivel medio diario,2014-12-24 00:00,cm,247,Preliminar
23157030,BARRANCABERMEJA  - AUT [23157030],NIVEL,Nivel medio diario,2014-12-25 00:00,cm,215,Preliminar
23157030,BARRANCABERMEJA  - AUT [23157030],NIVEL,Nivel medio diario,2014-12-26 00:00,cm,160,Preliminar
23157030,BARRANCABERMEJA  - AUT [23157030],NIVEL,Nivel medio diario,2014-12-27 00:00,cm,132,Preliminar
23157030,BARRANCABERMEJA  - AUT [23157030],NIVEL,Nivel medio diario,2014-12-28 00:00,cm,173,Preliminar
23157030,BARRANCABERMEJA  - AUT [23157030],NIVEL,Nivel medio diario,2014-12-29 00:00,cm,116,Preliminar
23157030,BARRANCABERMEJA  - AUT [23157030],NIVEL,Nivel medio diario,2014-12-30 00:00,cm,126,Preliminar
23157030,BARRANCABERMEJA  - AUT [23157030],NIVEL,Nivel medio diario,2015-01-01 00:00,cm,104,Preliminar
23157030,BARRANCABERMEJA  - AUT [23157030],NIVEL,Nivel medio diario,2015-01-02 00:00,cm,132,Preliminar
23157030,BARRANCABERMEJA  - AUT [23157030],NIVEL,Nivel medio diario,2015-01-03 00:00,cm,128,Preliminar
23157030,BARRANCABERMEJA  - AUT [23157030],NIVEL,Nivel medio diario,2015-01-04 00:00,cm,109,Preliminar
23157030,BARRANCABERMEJA  - AUT [23157030],NIVEL,Nivel medio diario,2015-01-05 00:00,cm,98,Preliminar
23157030,BARRANCABERMEJA  - AUT [23157030],NIVEL,Nivel medio diario,2015-01-06 00:00,cm,99,Preliminar
23157030,BARRANCABERMEJA  - AUT [23157030],NIVEL,Nivel medio diario,2015-01-07 00:00,cm,90,Preliminar
23157030,BARRANCABERMEJA  - AUT [23157030],NIVEL,Nivel medio diario,2015-01-08 00:00,cm,89,Preliminar
23157030,BARRANCABERMEJA  - AUT [23157030],NIVEL,Nivel medio diario,2015-01-09 00:00,cm,80,Preliminar
23157030,BARRANCABERMEJA  - AUT [23157030],NIVEL,Nivel medio diario,2015-01-10 00:00,cm,68,Preliminar
23157030,BARRANCABERMEJA  - AUT [23157030],NIVEL,Nivel medio diario,2015-01-11 00:00,cm,66,Preliminar
23157030,BARRANCABERMEJA  - AUT [23157030],NIVEL,Nivel medio diario,2015-01-12 00:00,cm,63,Preliminar
23157030,BARRANCABERMEJA  - AUT [23157030],NIVEL,Nivel medio diario,2015-01-13 00:00,cm,58,Preliminar
23157030,BARRANCABERMEJA  - AUT [23157030],NIVEL,Nivel medio diario,2015-01-14 00:00,cm,56,Preliminar
23157030,BARRANCABERMEJA  - AUT [23157030],NIVEL,Nivel medio diario,2015-01-15 00:00,cm,76,Preliminar
23157030,BARRANCABERMEJA  - AUT [23157030],NIVEL,Nivel medio diario,2015-01-16 00:00,cm,97,Preliminar
23157030,BARRANCABERMEJA  - AUT [23157030],NIVEL,Nivel medio diario,2015-01-17 00:00,cm,106,Preliminar
23157030,BARRANCABERMEJA  - AUT [23157030],NIVEL,Nivel medio diario,2015-01-18 00:00,cm,112,Preliminar
23157030,BARRANCABERMEJA  - AUT [23157030],NIVEL,Nivel medio diario,2015-01-19 00:00,cm,136,Preliminar
23157030,BARRANCABERMEJA  - AUT [23157030],NIVEL,Nivel medio diario,2015-01-20 00:00,cm,145,Preliminar
23157030,BARRANCABERMEJA  - AUT [23157030],NIVEL,Nivel medio diario,2015-01-21 00:00,cm,181,Preliminar
23157030,BARRANCABERMEJA  - AUT [23157030],NIVEL,Nivel medio diario,2015-01-22 00:00,cm,170,Preliminar
23157030,BARRANCABERMEJA  - AUT [23157030],NIVEL,Nivel medio diario,2015-01-23 00:00,cm,203,Preliminar
23157030,BARRANCABERMEJA  - AUT [23157030],NIVEL,Nivel medio diario,2015-01-24 00:00,cm,210,Preliminar
23157030,BARRANCABERMEJA  - AUT [23157030],NIVEL,Nivel medio diario,2015-01-25 00:00,cm,203,Preliminar
23157030,BARRANCABERMEJA  - AUT [23157030],NIVEL,Nivel medio diario,2015-01-26 00:00,cm,198,Preliminar
23157030,BARRANCABERMEJA  - AUT [23157030],NIVEL,Nivel medio diario,2015-01-27 00:00,cm,190,Preliminar
23157030,BARRANCABERMEJA  - AUT [23157030],NIVEL,Nivel medio diario,2015-01-28 00:00,cm,203,Preliminar
23157030,BARRANCABERMEJA  - AUT [23157030],NIVEL,Nivel medio diario,2015-01-29 00:00,cm,228,Preliminar
23157030,BARRANCABERMEJA  - AUT [23157030],NIVEL,Nivel medio diario,2015-01-30 00:00,cm,206,Preliminar
23157030,BARRANCABERMEJA  - AUT [23157030],NIVEL,Nivel medio diario,2015-01-31 00:00,cm,173,Preliminar
23157030,BARRANCABERMEJA  - AUT [23157030],NIVEL,Nivel medio diario,2015-02-01 00:00,cm,173,Preliminar
23157030,BARRANCABERMEJA  - AUT [23157030],NIVEL,Nivel medio diario,2015-02-02 00:00,cm,217,Preliminar
23157030,BARRANCABERMEJA  - AUT [23157030],NIVEL,Nivel medio diario,2015-02-03 00:00,cm,186,Preliminar
23157030,BARRANCABERMEJA  - AUT [23157030],NIVEL,Nivel medio diario,2015-02-04 00:00,cm,222,Preliminar
23157030,BARRANCABERMEJA  - AUT [23157030],NIVEL,Nivel medio diario,2015-02-05 00:00,cm,188,Preliminar
23157030,BARRANCABERMEJA  - AUT [23157030],NIVEL,Nivel medio diario,2015-02-06 00:00,cm,154,Preliminar
23157030,BARRANCABERMEJA  - AUT [23157030],NIVEL,Nivel medio diario,2015-02-07 00:00,cm,176,Preliminar
23157030,BARRANCABERMEJA  - AUT [23157030],NIVEL,Nivel medio diario,2015-02-08 00:00,cm,253,Preliminar
23157030,BARRANCABERMEJA  - AUT [23157030],NIVEL,Nivel medio diario,2015-02-09 00:00,cm,257,Preliminar
23157030,BARRANCABERMEJA  - AUT [23157030],NIVEL,Nivel medio diario,2015-02-10 00:00,cm,260,Preliminar
23157030,BARRANCABERMEJA  - AUT [23157030],NIVEL,Nivel medio diario,2015-02-11 00:00,cm,253,Preliminar
23157030,BARRANCABERMEJA  - AUT [23157030],NIVEL,Nivel medio diario,2015-02-12 00:00,cm,262,Preliminar
23157030,BARRANCABERMEJA  - AUT [23157030],NIVEL,Nivel medio diario,2015-02-13 00:00,cm,240,Preliminar
23157030,BARRANCABERMEJA  - AUT [23157030],NIVEL,Nivel medio diario,2015-02-14 00:00,cm,278,Preliminar
23157030,BARRANCABERMEJA  - AUT [23157030],NIVEL,Nivel medio diario,2015-02-15 00:00,cm,269,Preliminar
23157030,BARRANCABERMEJA  - AUT [23157030],NIVEL,Nivel medio diario,2015-02-16 00:00,cm,263,Preliminar
23157030,BARRANCABERMEJA  - AUT [23157030],NIVEL,Nivel medio diario,2015-02-17 00:00,cm,245,Preliminar
23157030,BARRANCABERMEJA  - AUT [23157030],NIVEL,Nivel medio diario,2015-02-18 00:00,cm,215,Preliminar
23157030,BARRANCABERMEJA  - AUT [23157030],NIVEL,Nivel medio diario,2015-02-19 00:00,cm,203,Preliminar
23157030,BARRANCABERMEJA  - AUT [23157030],NIVEL,Nivel medio diario,2015-02-20 00:00,cm,187,Preliminar
23157030,BARRANCABERMEJA  - AUT [23157030],NIVEL,Nivel medio diario,2015-02-21 00:00,cm,175,Preliminar
23157030,BARRANCABERMEJA  - AUT [23157030],NIVEL,Nivel medio diario,2015-02-22 00:00,cm,156,Preliminar
23157030,BARRANCABERMEJA  - AUT [23157030],NIVEL,Nivel medio diario,2015-02-23 00:00,cm,125,Preliminar
23157030,BARRANCABERMEJA  - AUT [23157030],NIVEL,Nivel medio diario,2015-02-24 00:00,cm,123,Preliminar
23157030,BARRANCABERMEJA  - AUT [23157030],NIVEL,Nivel medio diario,2015-02-26 00:00,cm,128,Preliminar
23157030,BARRANCABERMEJA  - AUT [23157030],NIVEL,Nivel medio diario,2015-02-27 00:00,cm,133,Preliminar
23157030,BARRANCABERMEJA  - AUT [23157030],NIVEL,Nivel medio diario,2015-02-28 00:00,cm,115,Preliminar
23157030,BARRANCABERMEJA  - AUT [23157030],NIVEL,Nivel medio diario,2015-03-01 00:00,cm,142,Preliminar
23157030,BARRANCABERMEJA  - AUT [23157030],NIVEL,Nivel medio diario,2015-03-02 00:00,cm,168,Preliminar
23157030,BARRANCABERMEJA  - AUT [23157030],NIVEL,Nivel medio diario,2015-03-03 00:00,cm,150,Preliminar
23157030,BARRANCABERMEJA  - AUT [23157030],NIVEL,Nivel medio diario,2015-03-04 00:00,cm,145,Preliminar
23157030,BARRANCABERMEJA  - AUT [23157030],NIVEL,Nivel medio diario,2015-03-05 00:00,cm,147,Preliminar
23157030,BARRANCABERMEJA  - AUT [23157030],NIVEL,Nivel medio diario,2015-03-06 00:00,cm,153,Preliminar
23157030,BARRANCABERMEJA  - AUT [23157030],NIVEL,Nivel medio diario,2015-03-07 00:00,cm,145,Preliminar
23157030,BARRANCABERMEJA  - AUT [23157030],NIVEL,Nivel medio diario,2015-03-08 00:00,cm,145,Preliminar
23157030,BARRANCABERMEJA  - AUT [23157030],NIVEL,Nivel medio diario,2015-03-09 00:00,cm,163,Preliminar
23157030,BARRANCABERMEJA  - AUT [23157030],NIVEL,Nivel medio diario,2015-03-10 00:00,cm,149,Preliminar
23157030,BARRANCABERMEJA  - AUT [23157030],NIVEL,Nivel medio diario,2015-03-11 00:00,cm,135,Preliminar
23157030,BARRANCABERMEJA  - AUT [23157030],NIVEL,Nivel medio diario,2015-03-12 00:00,cm,127,Preliminar
23157030,BARRANCABERMEJA  - AUT [23157030],NIVEL,Nivel medio diario,2015-03-13 00:00,cm,107,Preliminar
23157030,BARRANCABERMEJA  - AUT [23157030],NIVEL,Nivel medio diario,2015-03-14 00:00,cm,138,Preliminar
23157030,BARRANCABERMEJA  - AUT [23157030],NIVEL,Nivel medio diario,2015-03-15 00:00,cm,132,Preliminar
23157030,BARRANCABERMEJA  - AUT [23157030],NIVEL,Nivel medio diario,2015-03-16 00:00,cm,111,Preliminar
23157030,BARRANCABERMEJA  - AUT [23157030],NIVEL,Nivel medio diario,2015-03-17 00:00,cm,189,Preliminar
23157030,BARRANCABERMEJA  - AUT [23157030],NIVEL,Nivel medio diario,2015-03-18 00:00,cm,202,Preliminar
23157030,BARRANCABERMEJA  - AUT [23157030],NIVEL,Nivel medio diario,2015-03-19 00:00,cm,183,Preliminar
23157030,BARRANCABERMEJA  - AUT [23157030],NIVEL,Nivel medio diario,2015-03-20 00:00,cm,250,Preliminar
23157030,BARRANCABERMEJA  - AUT [23157030],NIVEL,Nivel medio diario,2015-03-21 00:00,cm,310,Preliminar
23157030,BARRANCABERMEJA  - AUT [23157030],NIVEL,Nivel medio diario,2015-03-22 00:00,cm,290,Preliminar
23157030,BARRANCABERMEJA  - AUT [23157030],NIVEL,Nivel medio diario,2015-03-23 00:00,cm,272,Preliminar
23157030,BARRANCABERMEJA  - AUT [23157030],NIVEL,Nivel medio diario,2015-03-24 00:00,cm,285,Preliminar
23157030,BARRANCABERMEJA  - AUT [23157030],NIVEL,Nivel medio diario,2015-03-25 00:00,cm,258,Preliminar
23157030,BARRANCABERMEJA  - AUT [23157030],NIVEL,Nivel medio diario,2015-03-26 00:00,cm,260,Preliminar
23157030,BARRANCABERMEJA  - AUT [23157030],NIVEL,Nivel medio diario,2015-03-27 00:00,cm,243,Preliminar
23157030,BARRANCABERMEJA  - AUT [23157030],NIVEL,Nivel medio diario,2015-03-28 00:00,cm,242,Preliminar
23157030,BARRANCABERMEJA  - AUT [23157030],NIVEL,Nivel medio diario,2015-03-29 00:00,cm,238,Preliminar
23157030,BARRANCABERMEJA  - AUT [23157030],NIVEL,Nivel medio diario,2015-03-30 00:00,cm,272,Preliminar
23157030,BARRANCABERMEJA  - AUT [23157030],NIVEL,Nivel medio diario,2015-03-31 00:00,cm,280,Preliminar
23157030,BARRANCABERMEJA  - AUT [23157030],NIVEL,Nivel medio diario,2015-04-01 00:00,cm,259,Preliminar
23157030,BARRANCABERMEJA  - AUT [23157030],NIVEL,Nivel medio diario,2015-04-02 00:00,cm,267,Preliminar
23157030,BARRANCABERMEJA  - AUT [23157030],NIVEL,Nivel medio diario,2015-04-03 00:00,cm,280,Preliminar
23157030,BARRANCABERMEJA  - AUT [23157030],NIVEL,Nivel medio diario,2015-04-04 00:00,cm,310,Preliminar
23157030,BARRANCABERMEJA  - AUT [23157030],NIVEL,Nivel medio diario,2015-04-05 00:00,cm,280,Preliminar
23157030,BARRANCABERMEJA  - AUT [23157030],NIVEL,Nivel medio diario,2015-04-06 00:00,cm,328,Preliminar
23157030,BARRANCABERMEJA  - AUT [23157030],NIVEL,Nivel medio diario,2015-04-07 00:00,cm,318,Preliminar
23157030,BARRANCABERMEJA  - AUT [23157030],NIVEL,Nivel medio diario,2015-04-08 00:00,cm,325,Preliminar
23157030,BARRANCABERMEJA  - AUT [23157030],NIVEL,Nivel medio diario,2015-04-09 00:00,cm,355,Preliminar
23157030,BARRANCABERMEJA  - AUT [23157030],NIVEL,Nivel medio diario,2015-04-10 00:00,cm,303,Preliminar
23157030,BARRANCABERMEJA  - AUT [23157030],NIVEL,Nivel medio diario,2015-04-11 00:00,cm,277,Preliminar
23157030,BARRANCABERMEJA  - AUT [23157030],NIVEL,Nivel medio diario,2015-04-12 00:00,cm,270,Preliminar
23157030,BARRANCABERMEJA  - AUT [23157030],NIVEL,Nivel medio diario,2015-04-13 00:00,cm,248,Preliminar
23157030,BARRANCABERMEJA  - AUT [23157030],NIVEL,Nivel medio diario,2015-04-14 00:00,cm,235,Preliminar
23157030,BARRANCABERMEJA  - AUT [23157030],NIVEL,Nivel medio diario,2015-04-15 00:00,cm,255,Preliminar
23157030,BARRANCABERMEJA  - AUT [23157030],NIVEL,Nivel medio diario,2015-04-16 00:00,cm,265,Preliminar
23157030,BARRANCABERMEJA  - AUT [23157030],NIVEL,Nivel medio diario,2015-04-17 00:00,cm,318,Preliminar
23157030,BARRANCABERMEJA  - AUT [23157030],NIVEL,Nivel medio diario,2015-04-18 00:00,cm,315,Preliminar
23157030,BARRANCABERMEJA  - AUT [23157030],NIVEL,Nivel medio diario,2015-04-19 00:00,cm,334,Preliminar
23157030,BARRANCABERMEJA  - AUT [23157030],NIVEL,Nivel medio diario,2015-04-20 00:00,cm,353,Preliminar
23157030,BARRANCABERMEJA  - AUT [23157030],NIVEL,Nivel medio diario,2015-04-21 00:00,cm,327,Preliminar
23157030,BARRANCABERMEJA  - AUT [23157030],NIVEL,Nivel medio diario,2015-04-22 00:00,cm,364,Preliminar
23157030,BARRANCABERMEJA  - AUT [23157030],NIVEL,Nivel medio diario,2015-04-23 00:00,cm,339,Preliminar
23157030,BARRANCABERMEJA  - AUT [23157030],NIVEL,Nivel medio diario,2015-04-24 00:00,cm,333,Preliminar
23157030,BARRANCABERMEJA  - AUT [23157030],NIVEL,Nivel medio diario,2015-04-25 00:00,cm,313,Preliminar
23157030,BARRANCABERMEJA  - AUT [23157030],NIVEL,Nivel medio diario,2015-04-26 00:00,cm,277,Preliminar
23157030,BARRANCABERMEJA  - AUT [23157030],NIVEL,Nivel medio diario,2015-04-27 00:00,cm,274,Preliminar
23157030,BARRANCABERMEJA  - AUT [23157030],NIVEL,Nivel medio diario,2015-04-28 00:00,cm,225,Preliminar
23157030,BARRANCABERMEJA  - AUT [23157030],NIVEL,Nivel medio diario,2015-04-29 00:00,cm,217,Preliminar
23157030,BARRANCABERMEJA  - AUT [23157030],NIVEL,Nivel medio diario,2015-04-30 00:00,cm,232,Preliminar
23157030,BARRANCABERMEJA  - AUT [23157030],NIVEL,Nivel medio diario,2015-05-01 00:00,cm,232,Preliminar
23157030,BARRANCABERMEJA  - AUT [23157030],NIVEL,Nivel medio diario,2015-05-02 00:00,cm,252,Preliminar
23157030,BARRANCABERMEJA  - AUT [23157030],NIVEL,Nivel medio diario,2015-05-03 00:00,cm,213,Preliminar
23157030,BARRANCABERMEJA  - AUT [23157030],NIVEL,Nivel medio diario,2015-05-04 00:00,cm,223,Preliminar
23157030,BARRANCABERMEJA  - AUT [23157030],NIVEL,Nivel medio diario,2015-05-05 00:00,cm,269,Preliminar
23157030,BARRANCABERMEJA  - AUT [23157030],NIVEL,Nivel medio diario,2015-05-06 00:00,cm,227,Preliminar
23157030,BARRANCABERMEJA  - AUT [23157030],NIVEL,Nivel medio diario,2015-05-07 00:00,cm,215,Preliminar
23157030,BARRANCABERMEJA  - AUT [23157030],NIVEL,Nivel medio diario,2015-05-08 00:00,cm,237,Preliminar
23157030,BARRANCABERMEJA  - AUT [23157030],NIVEL,Nivel medio diario,2015-05-09 00:00,cm,225,Preliminar
23157030,BARRANCABERMEJA  - AUT [23157030],NIVEL,Nivel medio diario,2015-05-10 00:00,cm,172,Preliminar
23157030,BARRANCABERMEJA  - AUT [23157030],NIVEL,Nivel medio diario,2015-05-11 00:00,cm,148,Preliminar
23157030,BARRANCABERMEJA  - AUT [23157030],NIVEL,Nivel medio diario,2015-05-12 00:00,cm,137,Preliminar
23157030,BARRANCABERMEJA  - AUT [23157030],NIVEL,Nivel medio diario,2015-05-13 00:00,cm,130,Preliminar
23157030,BARRANCABERMEJA  - AUT [23157030],NIVEL,Nivel medio diario,2015-05-14 00:00,cm,140,Preliminar
23157030,BARRANCABERMEJA  - AUT [23157030],NIVEL,Nivel medio diario,2015-05-15 00:00,cm,163,Preliminar
23157030,BARRANCABERMEJA  - AUT [23157030],NIVEL,Nivel medio diario,2015-05-16 00:00,cm,171,Preliminar
23157030,BARRANCABERMEJA  - AUT [23157030],NIVEL,Nivel medio diario,2015-05-17 00:00,cm,187,Preliminar
23157030,BARRANCABERMEJA  - AUT [23157030],NIVEL,Nivel medio diario,2015-05-18 00:00,cm,206,Preliminar
23157030,BARRANCABERMEJA  - AUT [23157030],NIVEL,Nivel medio diario,2015-05-19 00:00,cm,236,Preliminar
23157030,BARRANCABERMEJA  - AUT [23157030],NIVEL,Nivel medio diario,2015-05-20 00:00,cm,197,Preliminar
23157030,BARRANCABERMEJA  - AUT [23157030],NIVEL,Nivel medio diario,2015-05-21 00:00,cm,189,Preliminar
23157030,BARRANCABERMEJA  - AUT [23157030],NIVEL,Nivel medio diario,2015-05-22 00:00,cm,252,Preliminar
23157030,BARRANCABERMEJA  - AUT [23157030],NIVEL,Nivel medio diario,2015-05-23 00:00,cm,248,Preliminar
23157030,BARRANCABERMEJA  - AUT [23157030],NIVEL,Nivel medio diario,2015-05-24 00:00,cm,225,Preliminar
23157030,BARRANCABERMEJA  - AUT [23157030],NIVEL,Nivel medio diario,2015-05-25 00:00,cm,250,Preliminar
23157030,BARRANCABERMEJA  - AUT [23157030],NIVEL,Nivel medio diario,2015-05-26 00:00,cm,225,Preliminar
23157030,BARRANCABERMEJA  - AUT [23157030],NIVEL,Nivel medio diario,2015-05-27 00:00,cm,220,Preliminar
23157030,BARRANCABERMEJA  - AUT [23157030],NIVEL,Nivel medio diario,2015-05-28 00:00,cm,210,Preliminar
23157030,BARRANCABERMEJA  - AUT [23157030],NIVEL,Nivel medio diario,2015-05-29 00:00,cm,258,Preliminar
23157030,BARRANCABERMEJA  - AUT [23157030],NIVEL,Nivel medio diario,2015-05-30 00:00,cm,273,Preliminar
23157030,BARRANCABERMEJA  - AUT [23157030],NIVEL,Nivel medio diario,2015-05-31 00:00,cm,303,Preliminar
23157030,BARRANCABERMEJA  - AUT [23157030],NIVEL,Nivel medio diario,2015-06-01 00:00,cm,287,Preliminar
23157030,BARRANCABERMEJA  - AUT [23157030],NIVEL,Nivel medio diario,2015-06-02 00:00,cm,248,Preliminar
23157030,BARRANCABERMEJA  - AUT [23157030],NIVEL,Nivel medio diario,2015-06-03 00:00,cm,203,Preliminar
23157030,BARRANCABERMEJA  - AUT [23157030],NIVEL,Nivel medio diario,2015-06-04 00:00,cm,218,Preliminar
23157030,BARRANCABERMEJA  - AUT [23157030],NIVEL,Nivel medio diario,2015-06-05 00:00,cm,205,Preliminar
23157030,BARRANCABERMEJA  - AUT [23157030],NIVEL,Nivel medio diario,2015-06-06 00:00,cm,171,Preliminar
23157030,BARRANCABERMEJA  - AUT [23157030],NIVEL,Nivel medio diario,2015-06-07 00:00,cm,165,Preliminar
23157030,BARRANCABERMEJA  - AUT [23157030],NIVEL,Nivel medio diario,2015-06-08 00:00,cm,200,Preliminar
23157030,BARRANCABERMEJA  - AUT [23157030],NIVEL,Nivel medio diario,2015-06-09 00:00,cm,224,Preliminar
23157030,BARRANCABERMEJA  - AUT [23157030],NIVEL,Nivel medio diario,2015-06-10 00:00,cm,272,Preliminar
23157030,BARRANCABERMEJA  - AUT [23157030],NIVEL,Nivel medio diario,2015-06-11 00:00,cm,299,Preliminar
23157030,BARRANCABERMEJA  - AUT [23157030],NIVEL,Nivel medio diario,2015-06-12 00:00,cm,293,Preliminar
23157030,BARRANCABERMEJA  - AUT [23157030],NIVEL,Nivel medio diario,2015-06-13 00:00,cm,279,Preliminar
23157030,BARRANCABERMEJA  - AUT [23157030],NIVEL,Nivel medio diario,2015-06-14 00:00,cm,233,Preliminar
23157030,BARRANCABERMEJA  - AUT [23157030],NIVEL,Nivel medio diario,2015-06-15 00:00,cm,209,Preliminar
23157030,BARRANCABERMEJA  - AUT [23157030],NIVEL,Nivel medio diario,2015-06-16 00:00,cm,214,Preliminar
23157030,BARRANCABERMEJA  - AUT [23157030],NIVEL,Nivel medio diario,2015-06-17 00:00,cm,246,Preliminar
23157030,BARRANCABERMEJA  - AUT [23157030],NIVEL,Nivel medio diario,2015-06-18 00:00,cm,219,Preliminar
23157030,BARRANCABERMEJA  - AUT [23157030],NIVEL,Nivel medio diario,2015-06-19 00:00,cm,210,Preliminar
23157030,BARRANCABERMEJA  - AUT [23157030],NIVEL,Nivel medio diario,2015-06-20 00:00,cm,170,Preliminar
23157030,BARRANCABERMEJA  - AUT [23157030],NIVEL,Nivel medio diario,2015-06-21 00:00,cm,160,Preliminar
23157030,BARRANCABERMEJA  - AUT [23157030],NIVEL,Nivel medio diario,2015-06-22 00:00,cm,156,Preliminar
23157030,BARRANCABERMEJA  - AUT [23157030],NIVEL,Nivel medio diario,2015-06-23 00:00,cm,195,Preliminar
23157030,BARRANCABERMEJA  - AUT [23157030],NIVEL,Nivel medio diario,2015-06-24 00:00,cm,178,Preliminar
23157030,BARRANCABERMEJA  - AUT [23157030],NIVEL,Nivel medio diario,2015-06-25 00:00,cm,168,Preliminar
23157030,BARRANCABERMEJA  - AUT [23157030],NIVEL,Nivel medio diario,2015-06-26 00:00,cm,205,Preliminar
23157030,BARRANCABERMEJA  - AUT [23157030],NIVEL,Nivel medio diario,2015-06-27 00:00,cm,225,Preliminar
23157030,BARRANCABERMEJA  - AUT [23157030],NIVEL,Nivel medio diario,2015-06-28 00:00,cm,224,Preliminar
23157030,BARRANCABERMEJA  - AUT [23157030],NIVEL,Nivel medio diario,2015-06-29 00:00,cm,238,Preliminar
23157030,BARRANCABERMEJA  - AUT [23157030],NIVEL,Nivel medio diario,2015-06-30 00:00,cm,235,Preliminar
23157030,BARRANCABERMEJA  - AUT [23157030],NIVEL,Nivel medio diario,2015-07-01 00:00,cm,230,Preliminar
23157030,BARRANCABERMEJA  - AUT [23157030],NIVEL,Nivel medio diario,2015-07-02 00:00,cm,269,Preliminar
23157030,BARRANCABERMEJA  - AUT [23157030],NIVEL,Nivel medio diario,2015-07-03 00:00,cm,237,Preliminar
23157030,BARRANCABERMEJA  - AUT [23157030],NIVEL,Nivel medio diario,2015-07-04 00:00,cm,185,Preliminar
23157030,BARRANCABERMEJA  - AUT [23157030],NIVEL,Nivel medio diario,2015-07-05 00:00,cm,175,Preliminar
23157030,BARRANCABERMEJA  - AUT [23157030],NIVEL,Nivel medio diario,2015-07-06 00:00,cm,158,Preliminar
23157030,BARRANCABERMEJA  - AUT [23157030],NIVEL,Nivel medio diario,2015-07-07 00:00,cm,146,Preliminar
23157030,BARRANCABERMEJA  - AUT [23157030],NIVEL,Nivel medio diario,2015-07-08 00:00,cm,148,Preliminar
23157030,BARRANCABERMEJA  - AUT [23157030],NIVEL,Nivel medio diario,2015-07-09 00:00,cm,166,Preliminar
23157030,BARRANCABERMEJA  - AUT [23157030],NIVEL,Nivel medio diario,2015-07-10 00:00,cm,135,Preliminar
23157030,BARRANCABERMEJA  - AUT [23157030],NIVEL,Nivel medio diario,2015-07-11 00:00,cm,122,Preliminar
23157030,BARRANCABERMEJA  - AUT [23157030],NIVEL,Nivel medio diario,2015-07-12 00:00,cm,103,Preliminar
23157030,BARRANCABERMEJA  - AUT [23157030],NIVEL,Nivel medio diario,2015-07-13 00:00,cm,102,Preliminar
23157030,BARRANCABERMEJA  - AUT [23157030],NIVEL,Nivel medio diario,2015-07-14 00:00,cm,127,Preliminar
23157030,BARRANCABERMEJA  - AUT [23157030],NIVEL,Nivel medio diario,2015-07-15 00:00,cm,137,Preliminar
23157030,BARRANCABERMEJA  - AUT [23157030],NIVEL,Nivel medio diario,2015-07-16 00:00,cm,148,Preliminar
23157030,BARRANCABERMEJA  - AUT [23157030],NIVEL,Nivel medio diario,2015-07-17 00:00,cm,188,Preliminar
23157030,BARRANCABERMEJA  - AUT [23157030],NIVEL,Nivel medio diario,2015-07-18 00:00,cm,145,Preliminar
23157030,BARRANCABERMEJA  - AUT [23157030],NIVEL,Nivel medio diario,2015-07-19 00:00,cm,185,Preliminar
23157030,BARRANCABERMEJA  - AUT [23157030],NIVEL,Nivel medio diario,2015-07-20 00:00,cm,198,Preliminar
23157030,BARRANCABERMEJA  - AUT [23157030],NIVEL,Nivel medio diario,2015-07-21 00:00,cm,154,Preliminar
23157030,BARRANCABERMEJA  - AUT [23157030],NIVEL,Nivel medio diario,2015-07-22 00:00,cm,159,Preliminar
23157030,BARRANCABERMEJA  - AUT [23157030],NIVEL,Nivel medio diario,2015-07-23 00:00,cm,163,Preliminar
23157030,BARRANCABERMEJA  - AUT [23157030],NIVEL,Nivel medio diario,2015-07-24 00:00,cm,171,Preliminar
23157030,BARRANCABERMEJA  - AUT [23157030],NIVEL,Nivel medio diario,2015-07-25 00:00,cm,164,Preliminar
23157030,BARRANCABERMEJA  - AUT [23157030],NIVEL,Nivel medio diario,2015-07-26 00:00,cm,166,Preliminar
23157030,BARRANCABERMEJA  - AUT [23157030],NIVEL,Nivel medio diario,2015-07-27 00:00,cm,153,Preliminar
23157030,BARRANCABERMEJA  - AUT [23157030],NIVEL,Nivel medio diario,2015-07-28 00:00,cm,135,Preliminar
23157030,BARRANCABERMEJA  - AUT [23157030],NIVEL,Nivel medio diario,2015-07-29 00:00,cm,122,Preliminar
23157030,BARRANCABERMEJA  - AUT [23157030],NIVEL,Nivel medio diario,2015-07-30 00:00,cm,121,Preliminar
23157030,BARRANCABERMEJA  - AUT [23157030],NIVEL,Nivel medio diario,2015-08-01 00:00,cm,163,Preliminar
23157030,BARRANCABERMEJA  - AUT [23157030],NIVEL,Nivel medio diario,2015-08-02 00:00,cm,160,Preliminar
23157030,BARRANCABERMEJA  - AUT [23157030],NIVEL,Nivel medio diario,2015-08-03 00:00,cm,180,Preliminar
23157030,BARRANCABERMEJA  - AUT [23157030],NIVEL,Nivel medio diario,2015-08-04 00:00,cm,140,Preliminar
23157030,BARRANCABERMEJA  - AUT [23157030],NIVEL,Nivel medio diario,2015-08-05 00:00,cm,141,Preliminar
23157030,BARRANCABERMEJA  - AUT [23157030],NIVEL,Nivel medio diario,2015-08-06 00:00,cm,142,Preliminar
23157030,BARRANCABERMEJA  - AUT [23157030],NIVEL,Nivel medio diario,2015-08-07 00:00,cm,126,Preliminar
23157030,BARRANCABERMEJA  - AUT [23157030],NIVEL,Nivel medio diario,2015-08-08 00:00,cm,117,Preliminar
23157030,BARRANCABERMEJA  - AUT [23157030],NIVEL,Nivel medio diario,2015-08-09 00:00,cm,121,Preliminar
23157030,BARRANCABERMEJA  - AUT [23157030],NIVEL,Nivel medio diario,2015-08-10 00:00,cm,149,Preliminar
23157030,BARRANCABERMEJA  - AUT [23157030],NIVEL,Nivel medio diario,2015-08-11 00:00,cm,156,Preliminar
23157030,BARRANCABERMEJA  - AUT [23157030],NIVEL,Nivel medio diario,2015-08-12 00:00,cm,135,Preliminar
23157030,BARRANCABERMEJA  - AUT [23157030],NIVEL,Nivel medio diario,2015-08-13 00:00,cm,118,Preliminar
23157030,BARRANCABERMEJA  - AUT [23157030],NIVEL,Nivel medio diario,2015-08-14 00:00,cm,90,Preliminar
23157030,BARRANCABERMEJA  - AUT [23157030],NIVEL,Nivel medio diario,2015-08-15 00:00,cm,86,Preliminar
23157030,BARRANCABERMEJA  - AUT [23157030],NIVEL,Nivel medio diario,2015-08-16 00:00,cm,94,Preliminar
23157030,BARRANCABERMEJA  - AUT [23157030],NIVEL,Nivel medio diario,2015-08-17 00:00,cm,85,Preliminar
23157030,BARRANCABERMEJA  - AUT [23157030],NIVEL,Nivel medio diario,2015-08-18 00:00,cm,82,Preliminar
23157030,BARRANCABERMEJA  - AUT [23157030],NIVEL,Nivel medio diario,2015-08-19 00:00,cm,125,Preliminar
23157030,BARRANCABERMEJA  - AUT [23157030],NIVEL,Nivel medio diario,2015-08-20 00:00,cm,137,Preliminar
23157030,BARRANCABERMEJA  - AUT [23157030],NIVEL,Nivel medio diario,2015-08-21 00:00,cm,133,Preliminar
23157030,BARRANCABERMEJA  - AUT [23157030],NIVEL,Nivel medio diario,2015-08-22 00:00,cm,183,Preliminar
23157030,BARRANCABERMEJA  - AUT [23157030],NIVEL,Nivel medio diario,2015-08-23 00:00,cm,189,Preliminar
23157030,BARRANCABERMEJA  - AUT [23157030],NIVEL,Nivel medio diario,2015-08-24 00:00,cm,165,Preliminar
23157030,BARRANCABERMEJA  - AUT [23157030],NIVEL,Nivel medio diario,2015-08-25 00:00,cm,148,Preliminar
23157030,BARRANCABERMEJA  - AUT [23157030],NIVEL,Nivel medio diario,2015-08-26 00:00,cm,124,Preliminar
23157030,BARRANCABERMEJA  - AUT [23157030],NIVEL,Nivel medio diario,2015-08-27 00:00,cm,151,Preliminar
23157030,BARRANCABERMEJA  - AUT [23157030],NIVEL,Nivel medio diario,2015-08-28 00:00,cm,138,Preliminar
23157030,BARRANCABERMEJA  - AUT [23157030],NIVEL,Nivel medio diario,2015-08-29 00:00,cm,148,Preliminar
23157030,BARRANCABERMEJA  - AUT [23157030],NIVEL,Nivel medio diario,2015-09-01 00:00,cm,124,Preliminar
23157030,BARRANCABERMEJA  - AUT [23157030],NIVEL,Nivel medio diario,2015-09-02 00:00,cm,143,Preliminar
23157030,BARRANCABERMEJA  - AUT [23157030],NIVEL,Nivel medio diario,2015-09-03 00:00,cm,148,Preliminar
23157030,BARRANCABERMEJA  - AUT [23157030],NIVEL,Nivel medio diario,2015-09-04 00:00,cm,127,Preliminar
23157030,BARRANCABERMEJA  - AUT [23157030],NIVEL,Nivel medio diario,2015-09-05 00:00,cm,100,Preliminar
23157030,BARRANCABERMEJA  - AUT [23157030],NIVEL,Nivel medio diario,2015-09-06 00:00,cm,100,Preliminar
23157030,BARRANCABERMEJA  - AUT [23157030],NIVEL,Nivel medio diario,2015-09-07 00:00,cm,122,Preliminar
23157030,BARRANCABERMEJA  - AUT [23157030],NIVEL,Nivel medio diario,2015-09-08 00:00,cm,127,Preliminar
23157030,BARRANCABERMEJA  - AUT [23157030],NIVEL,Nivel medio diario,2015-09-09 00:00,cm,147,Preliminar
23157030,BARRANCABERMEJA  - AUT [23157030],NIVEL,Nivel medio diario,2015-09-10 00:00,cm,117,Preliminar
23157030,BARRANCABERMEJA  - AUT [23157030],NIVEL,Nivel medio diario,2015-09-11 00:00,cm,137,Preliminar
23157030,BARRANCABERMEJA  - AUT [23157030],NIVEL,Nivel medio diario,2015-09-12 00:00,cm,152,Preliminar
23157030,BARRANCABERMEJA  - AUT [23157030],NIVEL,Nivel medio diario,2015-09-13 00:00,cm,144,Preliminar
23157030,BARRANCABERMEJA  - AUT [23157030],NIVEL,Nivel medio diario,2015-09-14 00:00,cm,124,Preliminar
23157030,BARRANCABERMEJA  - AUT [23157030],NIVEL,Nivel medio diario,2015-09-15 00:00,cm,112,Preliminar
23157030,BARRANCABERMEJA  - AUT [23157030],NIVEL,Nivel medio diario,2015-09-16 00:00,cm,115,Preliminar
23157030,BARRANCABERMEJA  - AUT [23157030],NIVEL,Nivel medio diario,2015-09-17 00:00,cm,109,Preliminar
23157030,BARRANCABERMEJA  - AUT [23157030],NIVEL,Nivel medio diario,2015-09-18 00:00,cm,131,Preliminar
23157030,BARRANCABERMEJA  - AUT [23157030],NIVEL,Nivel medio diario,2015-09-19 00:00,cm,162,Preliminar
23157030,BARRANCABERMEJA  - AUT [23157030],NIVEL,Nivel medio diario,2015-09-20 00:00,cm,194,Preliminar
23157030,BARRANCABERMEJA  - AUT [23157030],NIVEL,Nivel medio diario,2015-09-21 00:00,cm,232,Preliminar
23157030,BARRANCABERMEJA  - AUT [23157030],NIVEL,Nivel medio diario,2015-09-22 00:00,cm,246,Preliminar
23157030,BARRANCABERMEJA  - AUT [23157030],NIVEL,Nivel medio diario,2015-09-23 00:00,cm,192,Preliminar
23157030,BARRANCABERMEJA  - AUT [23157030],NIVEL,Nivel medio diario,2015-09-24 00:00,cm,170,Preliminar
23157030,BARRANCABERMEJA  - AUT [23157030],NIVEL,Nivel medio diario,2015-09-25 00:00,cm,191,Preliminar
23157030,BARRANCABERMEJA  - AUT [23157030],NIVEL,Nivel medio diario,2015-09-26 00:00,cm,165,Preliminar
23157030,BARRANCABERMEJA  - AUT [23157030],NIVEL,Nivel medio diario,2015-09-27 00:00,cm,123,Preliminar
23157030,BARRANCABERMEJA  - AUT [23157030],NIVEL,Nivel medio diario,2015-09-28 00:00,cm,101,Preliminar
23157030,BARRANCABERMEJA  - AUT [23157030],NIVEL,Nivel medio diario,2015-09-29 00:00,cm,87,Preliminar
23157030,BARRANCABERMEJA  - AUT [23157030],NIVEL,Nivel medio diario,2015-09-30 00:00,cm,95,Preliminar
23157030,BARRANCABERMEJA  - AUT [23157030],NIVEL,Nivel medio diario,2015-10-01 00:00,cm,134,Preliminar
23157030,BARRANCABERMEJA  - AUT [23157030],NIVEL,Nivel medio diario,2015-10-02 00:00,cm,151,Preliminar
23157030,BARRANCABERMEJA  - AUT [23157030],NIVEL,Nivel medio diario,2015-10-03 00:00,cm,120,Preliminar
23157030,BARRANCABERMEJA  - AUT [23157030],NIVEL,Nivel medio diario,2015-10-04 00:00,cm,138,Preliminar
23157030,BARRANCABERMEJA  - AUT [23157030],NIVEL,Nivel medio diario,2015-10-05 00:00,cm,190,Preliminar
23157030,BARRANCABERMEJA  - AUT [23157030],NIVEL,Nivel medio diario,2015-10-06 00:00,cm,171,Preliminar
23157030,BARRANCABERMEJA  - AUT [23157030],NIVEL,Nivel medio diario,2015-10-07 00:00,cm,177,Preliminar
23157030,BARRANCABERMEJA  - AUT [23157030],NIVEL,Nivel medio diario,2015-10-08 00:00,cm,164,Preliminar
23157030,BARRANCABERMEJA  - AUT [23157030],NIVEL,Nivel medio diario,2015-10-09 00:00,cm,135,Preliminar
23157030,BARRANCABERMEJA  - AUT [23157030],NIVEL,Nivel medio diario,2015-10-10 00:00,cm,157,Preliminar
23157030,BARRANCABERMEJA  - AUT [23157030],NIVEL,Nivel medio diario,2015-10-11 00:00,cm,163,Preliminar
23157030,BARRANCABERMEJA  - AUT [23157030],NIVEL,Nivel medio diario,2015-10-12 00:00,cm,156,Preliminar
23157030,BARRANCABERMEJA  - AUT [23157030],NIVEL,Nivel medio diario,2015-10-13 00:00,cm,220,Preliminar
23157030,BARRANCABERMEJA  - AUT [23157030],NIVEL,Nivel medio diario,2015-10-14 00:00,cm,230,Preliminar
23157030,BARRANCABERMEJA  - AUT [23157030],NIVEL,Nivel medio diario,2015-10-15 00:00,cm,245,Preliminar
23157030,BARRANCABERMEJA  - AUT [23157030],NIVEL,Nivel medio diario,2015-10-16 00:00,cm,208,Preliminar
23157030,BARRANCABERMEJA  - AUT [23157030],NIVEL,Nivel medio diario,2015-10-17 00:00,cm,215,Preliminar
23157030,BARRANCABERMEJA  - AUT [23157030],NIVEL,Nivel medio diario,2015-10-18 00:00,cm,223,Preliminar
23157030,BARRANCABERMEJA  - AUT [23157030],NIVEL,Nivel medio diario,2015-10-19 00:00,cm,221,Preliminar
23157030,BARRANCABERMEJA  - AUT [23157030],NIVEL,Nivel medio diario,2015-10-20 00:00,cm,197,Preliminar
23157030,BARRANCABERMEJA  - AUT [23157030],NIVEL,Nivel medio diario,2015-10-21 00:00,cm,167,Preliminar
23157030,BARRANCABERMEJA  - AUT [23157030],NIVEL,Nivel medio diario,2015-10-22 00:00,cm,159,Preliminar
23157030,BARRANCABERMEJA  - AUT [23157030],NIVEL,Nivel medio diario,2015-10-23 00:00,cm,129,Preliminar
23157030,BARRANCABERMEJA  - AUT [23157030],NIVEL,Nivel medio diario,2015-10-24 00:00,cm,117,Preliminar
23157030,BARRANCABERMEJA  - AUT [23157030],NIVEL,Nivel medio diario,2015-10-25 00:00,cm,143,Preliminar
23157030,BARRANCABERMEJA  - AUT [23157030],NIVEL,Nivel medio diario,2015-10-26 00:00,cm,173,Preliminar
23157030,BARRANCABERMEJA  - AUT [23157030],NIVEL,Nivel medio diario,2015-10-27 00:00,cm,184,Preliminar
23157030,BARRANCABERMEJA  - AUT [23157030],NIVEL,Nivel medio diario,2015-10-28 00:00,cm,170,Preliminar
23157030,BARRANCABERMEJA  - AUT [23157030],NIVEL,Nivel medio diario,2015-10-29 00:00,cm,160,Preliminar
23157030,BARRANCABERMEJA  - AUT [23157030],NIVEL,Nivel medio diario,2015-10-30 00:00,cm,175,Preliminar
23157030,BARRANCABERMEJA  - AUT [23157030],NIVEL,Nivel medio diario,2015-10-31 00:00,cm,253,Preliminar
23157030,BARRANCABERMEJA  - AUT [23157030],NIVEL,Nivel medio diario,2015-11-01 00:00,cm,218,Preliminar
23157030,BARRANCABERMEJA  - AUT [23157030],NIVEL,Nivel medio diario,2015-11-02 00:00,cm,227,Preliminar
23157030,BARRANCABERMEJA  - AUT [23157030],NIVEL,Nivel medio diario,2015-11-03 00:00,cm,284,Preliminar
23157030,BARRANCABERMEJA  - AUT [23157030],NIVEL,Nivel medio diario,2015-11-04 00:00,cm,261,Preliminar
23157030,BARRANCABERMEJA  - AUT [23157030],NIVEL,Nivel medio diario,2015-11-05 00:00,cm,233,Preliminar
23157030,BARRANCABERMEJA  - AUT [23157030],NIVEL,Nivel medio diario,2015-11-06 00:00,cm,283,Preliminar
23157030,BARRANCABERMEJA  - AUT [23157030],NIVEL,Nivel medio diario,2015-11-07 00:00,cm,292,Preliminar
23157030,BARRANCABERMEJA  - AUT [23157030],NIVEL,Nivel medio diario,2015-11-08 00:00,cm,274,Preliminar
23157030,BARRANCABERMEJA  - AUT [23157030],NIVEL,Nivel medio diario,2015-11-09 00:00,cm,272,Preliminar
23157030,BARRANCABERMEJA  - AUT [23157030],NIVEL,Nivel medio diario,2015-11-10 00:00,cm,237,Preliminar
23157030,BARRANCABERMEJA  - AUT [23157030],NIVEL,Nivel medio diario,2015-11-11 00:00,cm,286,Preliminar
23157030,BARRANCABERMEJA  - AUT [23157030],NIVEL,Nivel medio diario,2015-11-12 00:00,cm,262,Preliminar
23157030,BARRANCABERMEJA  - AUT [23157030],NIVEL,Nivel medio diario,2015-11-13 00:00,cm,207,Preliminar
23157030,BARRANCABERMEJA  - AUT [23157030],NIVEL,Nivel medio diario,2015-11-14 00:00,cm,203,Preliminar
23157030,BARRANCABERMEJA  - AUT [23157030],NIVEL,Nivel medio diario,2015-11-15 00:00,cm,186,Preliminar
23157030,BARRANCABERMEJA  - AUT [23157030],NIVEL,Nivel medio diario,2015-11-16 00:00,cm,172,Preliminar
23157030,BARRANCABERMEJA  - AUT [23157030],NIVEL,Nivel medio diario,2015-11-17 00:00,cm,175,Preliminar
23157030,BARRANCABERMEJA  - AUT [23157030],NIVEL,Nivel medio diario,2015-11-18 00:00,cm,162,Preliminar
23157030,BARRANCABERMEJA  - AUT [23157030],NIVEL,Nivel medio diario,2015-11-19 00:00,cm,188,Preliminar
23157030,BARRANCABERMEJA  - AUT [23157030],NIVEL,Nivel medio diario,2015-11-20 00:00,cm,183,Preliminar
23157030,BARRANCABERMEJA  - AUT [23157030],NIVEL,Nivel medio diario,2015-11-21 00:00,cm,189,Preliminar
23157030,BARRANCABERMEJA  - AUT [23157030],NIVEL,Nivel medio diario,2015-11-22 00:00,cm,173,Preliminar
23157030,BARRANCABERMEJA  - AUT [23157030],NIVEL,Nivel medio diario,2015-11-23 00:00,cm,177,Preliminar
23157030,BARRANCABERMEJA  - AUT [23157030],NIVEL,Nivel medio diario,2015-11-24 00:00,cm,240,Preliminar
23157030,BARRANCABERMEJA  - AUT [23157030],NIVEL,Nivel medio diario,2015-11-25 00:00,cm,263,Preliminar
23157030,BARRANCABERMEJA  - AUT [23157030],NIVEL,Nivel medio diario,2015-11-26 00:00,cm,259,Preliminar
23157030,BARRANCABERMEJA  - AUT [23157030],NIVEL,Nivel medio diario,2015-11-27 00:00,cm,239,Preliminar
23157030,BARRANCABERMEJA  - AUT [23157030],NIVEL,Nivel medio diario,2015-11-28 00:00,cm,238,Preliminar
23157030,BARRANCABERMEJA  - AUT [23157030],NIVEL,Nivel medio diario,2015-11-29 00:00,cm,218,Preliminar
23157030,BARRANCABERMEJA  - AUT [23157030],NIVEL,Nivel medio diario,2015-11-30 00:00,cm,214,Preliminar
23157030,BARRANCABERMEJA  - AUT [23157030],NIVEL,Nivel medio diario,2015-12-01 00:00,cm,188,Preliminar
23157030,BARRANCABERMEJA  - AUT [23157030],NIVEL,Nivel medio diario,2015-12-02 00:00,cm,150,Preliminar
23157030,BARRANCABERMEJA  - AUT [23157030],NIVEL,Nivel medio diario,2015-12-03 00:00,cm,129,Preliminar
23157030,BARRANCABERMEJA  - AUT [23157030],NIVEL,Nivel medio diario,2015-12-04 00:00,cm,141,Preliminar
23157030,BARRANCABERMEJA  - AUT [23157030],NIVEL,Nivel medio diario,2015-12-05 00:00,cm,166,Preliminar
23157030,BARRANCABERMEJA  - AUT [23157030],NIVEL,Nivel medio diario,2015-12-06 00:00,cm,140,Preliminar
23157030,BARRANCABERMEJA  - AUT [23157030],NIVEL,Nivel medio diario,2015-12-07 00:00,cm,129,Preliminar
23157030,BARRANCABERMEJA  - AUT [23157030],NIVEL,Nivel medio diario,2015-12-08 00:00,cm,126,Preliminar
23157030,BARRANCABERMEJA  - AUT [23157030],NIVEL,Nivel medio diario,2015-12-09 00:00,cm,112,Preliminar
23157030,BARRANCABERMEJA  - AUT [23157030],NIVEL,Nivel medio diario,2015-12-10 00:00,cm,118,Preliminar
23157030,BARRANCABERMEJA  - AUT [23157030],NIVEL,Nivel medio diario,2015-12-11 00:00,cm,137,Preliminar
23157030,BARRANCABERMEJA  - AUT [23157030],NIVEL,Nivel medio diario,2015-12-12 00:00,cm,124,Preliminar
23157030,BARRANCABERMEJA  - AUT [23157030],NIVEL,Nivel medio diario,2015-12-13 00:00,cm,112,Preliminar
23157030,BARRANCABERMEJA  - AUT [23157030],NIVEL,Nivel medio diario,2015-12-14 00:00,cm,119,Preliminar
23157030,BARRANCABERMEJA  - AUT [23157030],NIVEL,Nivel medio diario,2015-12-15 00:00,cm,95,Preliminar
23157030,BARRANCABERMEJA  - AUT [23157030],NIVEL,Nivel medio diario,2015-12-16 00:00,cm,148,Preliminar
23157030,BARRANCABERMEJA  - AUT [23157030],NIVEL,Nivel medio diario,2015-12-17 00:00,cm,144,Preliminar
23157030,BARRANCABERMEJA  - AUT [23157030],NIVEL,Nivel medio diario,2015-12-18 00:00,cm,145,Preliminar
23157030,BARRANCABERMEJA  - AUT [23157030],NIVEL,Nivel medio diario,2015-12-19 00:00,cm,152,Preliminar
23157030,BARRANCABERMEJA  - AUT [23157030],NIVEL,Nivel medio diario,2015-12-20 00:00,cm,152,Preliminar
23157030,BARRANCABERMEJA  - AUT [23157030],NIVEL,Nivel medio diario,2015-12-21 00:00,cm,120,Preliminar
23157030,BARRANCABERMEJA  - AUT [23157030],NIVEL,Nivel medio diario,2015-12-22 00:00,cm,97,Preliminar
23157030,BARRANCABERMEJA  - AUT [23157030],NIVEL,Nivel medio diario,2015-12-23 00:00,cm,91,Preliminar
23157030,BARRANCABERMEJA  - AUT [23157030],NIVEL,Nivel medio diario,2015-12-24 00:00,cm,83,Preliminar
23157030,BARRANCABERMEJA  - AUT [23157030],NIVEL,Nivel medio diario,2015-12-25 00:00,cm,66,Preliminar
23157030,BARRANCABERMEJA  - AUT [23157030],NIVEL,Nivel medio diario,2015-12-26 00:00,cm,55,Preliminar
23157030,BARRANCABERMEJA  - AUT [23157030],NIVEL,Nivel medio diario,2015-12-27 00:00,cm,45,Preliminar
23157030,BARRANCABERMEJA  - AUT [23157030],NIVEL,Nivel medio diario,2015-12-28 00:00,cm,52,Preliminar
23157030,BARRANCABERMEJA  - AUT [23157030],NIVEL,Nivel medio diario,2015-12-29 00:00,cm,35,Preliminar
23157030,BARRANCABERMEJA  - AUT [23157030],NIVEL,Nivel medio diario,2015-12-30 00:00,cm,53,Preliminar
23157030,BARRANCABERMEJA  - AUT [23157030],NIVEL,Nivel medio diario,2015-12-31 00:00,cm,64,Preliminar
23157030,BARRANCABERMEJA  - AUT [23157030],NIVEL,Nivel medio diario,2016-01-01 00:00,cm,31.5833333333215,Definitivo
23157030,BARRANCABERMEJA  - AUT [23157030],NIVEL,Nivel medio diario,2016-01-02 00:00,cm,49.6874999999655,Definitivo
23157030,BARRANCABERMEJA  - AUT [23157030],NIVEL,Nivel medio diario,2016-01-03 00:00,cm,88.6249999999972,Definitivo
23157030,BARRANCABERMEJA  - AUT [23157030],NIVEL,Nivel medio diario,2016-01-04 00:00,cm,76.0625000000304,Definitivo
23157030,BARRANCABERMEJA  - AUT [23157030],NIVEL,Nivel medio diario,2016-01-05 00:00,cm,53.5624999999596,Definitivo
23157030,BARRANCABERMEJA  - AUT [23157030],NIVEL,Nivel medio diario,2016-01-06 00:00,cm,97.6250000000019,Definitivo
23157030,BARRANCABERMEJA  - AUT [23157030],NIVEL,Nivel medio diario,2016-01-07 00:00,cm,83.7500000000101,Definitivo
23157030,BARRANCABERMEJA  - AUT [23157030],NIVEL,Nivel medio diario,2016-01-08 00:00,cm,65.8750000000213,Definitivo
23157030,BARRANCABERMEJA  - AUT [23157030],NIVEL,Nivel medio diario,2016-01-09 00:00,cm,43.8749999999906,Definitivo
23157030,BARRANCABERMEJA  - AUT [23157030],NIVEL,Nivel medio diario,2016-01-10 00:00,cm,61.1249999999903,Definitivo
23157030,BARRANCABERMEJA  - AUT [23157030],NIVEL,Nivel medio diario,2016-01-11 00:00,cm,63.0000000000064,Definitivo
23157030,BARRANCABERMEJA  - AUT [23157030],NIVEL,Nivel medio diario,2016-01-12 00:00,cm,63.4374999999811,Definitivo
23157030,BARRANCABERMEJA  - AUT [23157030],NIVEL,Nivel medio diario,2016-01-13 00:00,cm,72.5625000000267,Definitivo
23157030,BARRANCABERMEJA  - AUT [23157030],NIVEL,Nivel medio diario,2016-01-14 00:00,cm,45.6249999999868,Definitivo
23157030,BARRANCABERMEJA  - AUT [23157030],NIVEL,Nivel medio diario,2016-01-15 00:00,cm,52.1250000000158,Definitivo
23157030,BARRANCABERMEJA  - AUT [23157030],NIVEL,Nivel medio diario,2016-01-16 00:00,cm,37.624999999988,Definitivo
23157030,BARRANCABERMEJA  - AUT [23157030],NIVEL,Nivel medio diario,2016-01-17 00:00,cm,45.4999999999994,Definitivo
23157030,BARRANCABERMEJA  - AUT [23157030],NIVEL,Nivel medio diario,2016-01-18 00:00,cm,41.375000000008,Definitivo
23157030,BARRANCABERMEJA  - AUT [23157030],NIVEL,Nivel medio diario,2016-01-19 00:00,cm,29.7500000000096,Definitivo
23157030,BARRANCABERMEJA  - AUT [23157030],NIVEL,Nivel medio diario,2016-01-20 00:00,cm,19.5,Definitivo
23157030,BARRANCABERMEJA  - AUT [23157030],NIVEL,Nivel medio diario,2016-01-21 00:00,cm,16.2499999999997,Definitivo
23157030,BARRANCABERMEJA  - AUT [23157030],NIVEL,Nivel medio diario,2016-01-22 00:00,cm,20.7499999999829,Definitivo
23157030,BARRANCABERMEJA  - AUT [23157030],NIVEL,Nivel medio diario,2016-01-23 00:00,cm,31.1875000000098,Definitivo
23157030,BARRANCABERMEJA  - AUT [23157030],NIVEL,Nivel medio diario,2016-01-24 00:00,cm,28.3124999999917,Definitivo
23157030,BARRANCABERMEJA  - AUT [23157030],NIVEL,Nivel medio diario,2016-01-25 00:00,cm,40.3124999999897,Definitivo
23157030,BARRANCABERMEJA  - AUT [23157030],NIVEL,Nivel medio diario,2016-01-26 00:00,cm,56.0624999999816,Definitivo
23157030,BARRANCABERMEJA  - AUT [23157030],NIVEL,Nivel medio diario,2016-01-27 00:00,cm,74.7499999999962,Definitivo
23157030,BARRANCABERMEJA  - AUT [23157030],NIVEL,Nivel medio diario,2016-01-28 00:00,cm,74.5000000000133,Definitivo
23157030,BARRANCABERMEJA  - AUT [23157030],NIVEL,Nivel medio diario,2016-01-29 00:00,cm,51.5000000000029,Definitivo
23157030,BARRANCABERMEJA  - AUT [23157030],NIVEL,Nivel medio diario,2016-01-30 00:00,cm,47.4999999999948,Definitivo
23157030,BARRANCABERMEJA  - AUT [23157030],NIVEL,Nivel medio diario,2016-01-31 00:00,cm,62.7499999999777,Definitivo
23157030,BARRANCABERMEJA  - AUT [23157030],NIVEL,Nivel medio diario,2016-02-01 00:00,cm,78.875000000019,Definitivo
23157030,BARRANCABERMEJA  - AUT [23157030],NIVEL,Nivel medio diario,2016-02-02 00:00,cm,50.2500000000101,Definitivo
23157030,BARRANCABERMEJA  - AUT [23157030],NIVEL,Nivel medio diario,2016-02-03 00:00,cm,44.1874999999936,Definitivo
23157030,BARRANCABERMEJA  - AUT [23157030],NIVEL,Nivel medio diario,2016-02-04 00:00,cm,43.0000000000049,Definitivo
23157030,BARRANCABERMEJA  - AUT [23157030],NIVEL,Nivel medio diario,2016-02-05 00:00,cm,36.4374999999947,Definitivo
23157030,BARRANCABERMEJA  - AUT [23157030],NIVEL,Nivel medio diario,2016-02-06 00:00,cm,33.0625000000189,Definitivo
23157030,BARRANCABERMEJA  - AUT [23157030],NIVEL,Nivel medio diario,2016-02-07 00:00,cm,19.9374999999687,Definitivo
23157030,BARRANCABERMEJA  - AUT [23157030],NIVEL,Nivel medio diario,2016-02-08 00:00,cm,59.437500000006,Definitivo
23157030,BARRANCABERMEJA  - AUT [23157030],NIVEL,Nivel medio diario,2016-02-09 00:00,cm,48.4999999999841,Definitivo
23157030,BARRANCABERMEJA  - AUT [23157030],NIVEL,Nivel medio diario,2016-02-10 00:00,cm,70.6874999999956,Definitivo
23157030,BARRANCABERMEJA  - AUT [23157030],NIVEL,Nivel medio diario,2016-02-11 00:00,cm,72.5625000000027,Definitivo
23157030,BARRANCABERMEJA  - AUT [23157030],NIVEL,Nivel medio diario,2016-02-12 00:00,cm,73.8749999999747,Definitivo
23157030,BARRANCABERMEJA  - AUT [23157030],NIVEL,Nivel medio diario,2016-02-13 00:00,cm,100.937500000013,Definitivo
23157030,BARRANCABERMEJA  - AUT [23157030],NIVEL,Nivel medio diario,2016-02-14 00:00,cm,77.6875000000179,Definitivo
23157030,BARRANCABERMEJA  - AUT [23157030],NIVEL,Nivel medio diario,2016-02-15 00:00,cm,68.4374999999698,Definitivo
23157030,BARRANCABERMEJA  - AUT [23157030],NIVEL,Nivel medio diario,2016-02-16 00:00,cm,91.3125000000232,Definitivo
23157030,BARRANCABERMEJA  - AUT [23157030],NIVEL,Nivel medio diario,2016-02-17 00:00,cm,73.6874999999724,Definitivo
23157030,BARRANCABERMEJA  - AUT [23157030],NIVEL,Nivel medio diario,2016-02-18 00:00,cm,99.5624999999853,Definitivo
23157030,BARRANCABERMEJA  - AUT [23157030],NIVEL,Nivel medio diario,2016-02-19 00:00,cm,99.7500000000214,Definitivo
23157030,BARRANCABERMEJA  - AUT [23157030],NIVEL,Nivel medio diario,2016-02-20 00:00,cm,67.9375000000074,Definitivo
23157030,BARRANCABERMEJA  - AUT [23157030],NIVEL,Nivel medio diario,2016-02-21 00:00,cm,80.4999999999549,Definitivo
23157030,BARRANCABERMEJA  - AUT [23157030],NIVEL,Nivel medio diario,2016-02-22 00:00,cm,129.624999999985,Definitivo
23157030,BARRANCABERMEJA  - AUT [23157030],NIVEL,Nivel medio diario,2016-02-23 00:00,cm,136.437500000019,Definitivo
23157030,BARRANCABERMEJA  - AUT [23157030],NIVEL,Nivel medio diario,2016-02-24 00:00,cm,121.624999999999,Definitivo
23157030,BARRANCABERMEJA  - AUT [23157030],NIVEL,Nivel medio diario,2016-02-25 00:00,cm,114.937499999994,Definitivo
23157030,BARRANCABERMEJA  - AUT [23157030],NIVEL,Nivel medio diario,2016-02-26 00:00,cm,148.999999999938,Definitivo
23157030,BARRANCABERMEJA  - AUT [23157030],NIVEL,Nivel medio diario,2016-02-27 00:00,cm,201.50000000004,Definitivo
23157030,BARRANCABERMEJA  - AUT [23157030],NIVEL,Nivel medio diario,2016-02-28 00:00,cm,157.750000000004,Definitivo
23157030,BARRANCABERMEJA  - AUT [23157030],NIVEL,Nivel medio diario,2016-02-29 00:00,cm,146.250000000018,Definitivo
23157030,BARRANCABERMEJA  - AUT [23157030],NIVEL,Nivel medio diario,2016-03-01 00:00,cm,132.562499999993,Definitivo
23157030,BARRANCABERMEJA  - AUT [23157030],NIVEL,Nivel medio diario,2016-03-02 00:00,cm,127.187500000031,Definitivo
23157030,BARRANCABERMEJA  - AUT [23157030],NIVEL,Nivel medio diario,2016-03-03 00:00,cm,96.0625000000004,Definitivo
23157030,BARRANCABERMEJA  - AUT [23157030],NIVEL,Nivel medio diario,2016-03-04 00:00,cm,105.999999999982,Definitivo
23157030,BARRANCABERMEJA  - AUT [23157030],NIVEL,Nivel medio diario,2016-03-05 00:00,cm,124.874999999987,Definitivo
23157030,BARRANCABERMEJA  - AUT [23157030],NIVEL,Nivel medio diario,2016-03-06 00:00,cm,144.062499999993,Definitivo
23157030,BARRANCABERMEJA  - AUT [23157030],NIVEL,Nivel medio diario,2016-03-07 00:00,cm,155.687499999974,Definitivo
23157030,BARRANCABERMEJA  - AUT [23157030],NIVEL,Nivel medio diario,2016-03-08 00:00,cm,172.875000000015,Definitivo
23157030,BARRANCABERMEJA  - AUT [23157030],NIVEL,Nivel medio diario,2016-03-09 00:00,cm,157.312500000015,Definitivo
23157030,BARRANCABERMEJA  - AUT [23157030],NIVEL,Nivel medio diario,2016-03-10 00:00,cm,137.500000000024,Definitivo
23157030,BARRANCABERMEJA  - AUT [23157030],NIVEL,Nivel medio diario,2016-03-11 00:00,cm,112.749999999988,Definitivo
23157030,BARRANCABERMEJA  - AUT [23157030],NIVEL,Nivel medio diario,2016-03-12 00:00,cm,130.187499999997,Definitivo
23157030,BARRANCABERMEJA  - AUT [23157030],NIVEL,Nivel medio diario,2016-03-13 00:00,cm,132.812499999992,Definitivo
23157030,BARRANCABERMEJA  - AUT [23157030],NIVEL,Nivel medio diario,2016-03-14 00:00,cm,137.124999999996,Definitivo
23157030,BARRANCABERMEJA  - AUT [23157030],NIVEL,Nivel medio diario,2016-03-15 00:00,cm,145.874999999983,Definitivo
23157030,BARRANCABERMEJA  - AUT [23157030],NIVEL,Nivel medio diario,2016-03-16 00:00,cm,165.687499999993,Definitivo
23157030,BARRANCABERMEJA  - AUT [23157030],NIVEL,Nivel medio diario,2016-03-17 00:00,cm,171.687499999983,Definitivo
23157030,BARRANCABERMEJA  - AUT [23157030],NIVEL,Nivel medio diario,2016-03-18 00:00,cm,183.750000000015,Definitivo
23157030,BARRANCABERMEJA  - AUT [23157030],NIVEL,Nivel medio diario,2016-03-19 00:00,cm,166.37500000002,Definitivo
23157030,BARRANCABERMEJA  - AUT [23157030],NIVEL,Nivel medio diario,2016-03-20 00:00,cm,152.249999999995,Definitivo
23157030,BARRANCABERMEJA  - AUT [23157030],NIVEL,Nivel medio diario,2016-03-21 00:00,cm,158.124999999992,Definitivo
23157030,BARRANCABERMEJA  - AUT [23157030],NIVEL,Nivel medio diario,2016-03-22 00:00,cm,167.562500000003,Definitivo
23157030,BARRANCABERMEJA  - AUT [23157030],NIVEL,Nivel medio diario,2016-03-23 00:00,cm,160.750000000006,Definitivo
23157030,BARRANCABERMEJA  - AUT [23157030],NIVEL,Nivel medio diario,2016-03-24 00:00,cm,161.874999999984,Definitivo
23157030,BARRANCABERMEJA  - AUT [23157030],NIVEL,Nivel medio diario,2016-03-25 00:00,cm,170.687500000008,Definitivo
23157030,BARRANCABERMEJA  - AUT [23157030],NIVEL,Nivel medio diario,2016-03-26 00:00,cm,166.3125,Definitivo
23157030,BARRANCABERMEJA  - AUT [23157030],NIVEL,Nivel medio diario,2016-03-27 00:00,cm,164.250000000002,Definitivo
23157030,BARRANCABERMEJA  - AUT [23157030],NIVEL,Nivel medio diario,2016-03-28 00:00,cm,158.375000000012,Definitivo
23157030,BARRANCABERMEJA  - AUT [23157030],NIVEL,Nivel medio diario,2016-03-29 00:00,cm,144.062499999993,Definitivo
23157030,BARRANCABERMEJA  - AUT [23157030],NIVEL,Nivel medio diario,2016-03-30 00:00,cm,151.937500000014,Definitivo
23157030,BARRANCABERMEJA  - AUT [23157030],NIVEL,Nivel medio diario,2016-03-31 00:00,cm,134.187499999952,Definitivo
23157030,BARRANCABERMEJA  - AUT [23157030],NIVEL,Nivel medio diario,2016-04-01 00:00,cm,189.500000000012,Definitivo
23157030,BARRANCABERMEJA  - AUT [23157030],NIVEL,Nivel medio diario,2016-04-02 00:00,cm,179.499999999944,Definitivo
23157030,BARRANCABERMEJA  - AUT [23157030],NIVEL,Nivel medio diario,2016-04-03 00:00,cm,248.937499999993,Definitivo
23157030,BARRANCABERMEJA  - AUT [23157030],NIVEL,Nivel medio diario,2016-04-04 00:00,cm,253.937500000013,Definitivo
23157030,BARRANCABERMEJA  - AUT [23157030],NIVEL,Nivel medio diario,2016-04-05 00:00,cm,236.187500000039,Definitivo
23157030,BARRANCABERMEJA  - AUT [23157030],NIVEL,Nivel medio diario,2016-04-06 00:00,cm,181.625000000027,Definitivo
23157030,BARRANCABERMEJA  - AUT [23157030],NIVEL,Nivel medio diario,2016-04-07 00:00,cm,161.562499999962,Definitivo
23157030,BARRANCABERMEJA  - AUT [23157030],NIVEL,Nivel medio diario,2016-04-08 00:00,cm,205.437500000003,Definitivo
23157030,BARRANCABERMEJA  - AUT [23157030],NIVEL,Nivel medio diario,2016-04-09 00:00,cm,195.250000000002,Definitivo
23157030,BARRANCABERMEJA  - AUT [23157030],NIVEL,Nivel medio diario,2016-04-10 00:00,cm,194.250000000003,Definitivo
23157030,BARRANCABERMEJA  - AUT [23157030],NIVEL,Nivel medio diario,2016-04-11 00:00,cm,189.499999999988,Definitivo
23157030,BARRANCABERMEJA  - AUT [23157030],NIVEL,Nivel medio diario,2016-04-12 00:00,cm,228.5625,Definitivo
23157030,BARRANCABERMEJA  - AUT [23157030],NIVEL,Nivel medio diario,2016-04-13 00:00,cm,289.958333333333,Definitivo
23157030,BARRANCABERMEJA  - AUT [23157030],NIVEL,Nivel medio diario,2016-04-14 00:00,cm,337.354166666667,Definitivo
23157030,BARRANCABERMEJA  - AUT [23157030],NIVEL,Nivel medio diario,2016-04-15 00:00,cm,325.395833333333,Definitivo
23157030,BARRANCABERMEJA  - AUT [23157030],NIVEL,Nivel medio diario,2016-04-16 00:00,cm,259.4375,Definitivo
23157030,BARRANCABERMEJA  - AUT [23157030],NIVEL,Nivel medio diario,2016-04-17 00:00,cm,226.25,Definitivo
23157030,BARRANCABERMEJA  - AUT [23157030],NIVEL,Nivel medio diario,2016-04-18 00:00,cm,223.1875,Definitivo
23157030,BARRANCABERMEJA  - AUT [23157030],NIVEL,Nivel medio diario,2016-04-19 00:00,cm,270.541666666667,Definitivo
23157030,BARRANCABERMEJA  - AUT [23157030],NIVEL,Nivel medio diario,2016-04-20 00:00,cm,276.6875,Definitivo
23157030,BARRANCABERMEJA  - AUT [23157030],NIVEL,Nivel medio diario,2016-04-21 00:00,cm,265.416666666667,Definitivo
23157030,BARRANCABERMEJA  - AUT [23157030],NIVEL,Nivel medio diario,2016-04-22 00:00,cm,261.1875,Definitivo
23157030,BARRANCABERMEJA  - AUT [23157030],NIVEL,Nivel medio diario,2016-04-23 00:00,cm,212.5,Definitivo
23157030,BARRANCABERMEJA  - AUT [23157030],NIVEL,Nivel medio diario,2016-04-24 00:00,cm,250.979166666667,Definitivo
23157030,BARRANCABERMEJA  - AUT [23157030],NIVEL,Nivel medio diario,2016-04-25 00:00,cm,241.520833333333,Definitivo
23157030,BARRANCABERMEJA  - AUT [23157030],NIVEL,Nivel medio diario,2016-04-26 00:00,cm,229.333333333333,Definitivo
23157030,BARRANCABERMEJA  - AUT [23157030],NIVEL,Nivel medio diario,2016-04-27 00:00,cm,188.3125,Definitivo
23157030,BARRANCABERMEJA  - AUT [23157030],NIVEL,Nivel medio diario,2016-04-28 00:00,cm,216.0625,Definitivo
23157030,BARRANCABERMEJA  - AUT [23157030],NIVEL,Nivel medio diario,2016-04-29 00:00,cm,255.645833333333,Definitivo
23157030,BARRANCABERMEJA  - AUT [23157030],NIVEL,Nivel medio diario,2016-04-30 00:00,cm,345.416666666667,Definitivo
23157030,BARRANCABERMEJA  - AUT [23157030],NIVEL,Nivel medio diario,2016-05-01 00:00,cm,326.354166666667,Definitivo
23157030,BARRANCABERMEJA  - AUT [23157030],NIVEL,Nivel medio diario,2016-05-02 00:00,cm,321.229166666667,Definitivo
23157030,BARRANCABERMEJA  - AUT [23157030],NIVEL,Nivel medio diario,2016-05-03 00:00,cm,295.4375,Definitivo
23157030,BARRANCABERMEJA  - AUT [23157030],NIVEL,Nivel medio diario,2016-05-04 00:00,cm,298.375,Definitivo
23157030,BARRANCABERMEJA  - AUT [23157030],NIVEL,Nivel medio diario,2016-05-05 00:00,cm,338.229166666667,Definitivo
23157030,BARRANCABERMEJA  - AUT [23157030],NIVEL,Nivel medio diario,2016-05-06 00:00,cm,287.0625,Definitivo
23157030,BARRANCABERMEJA  - AUT [23157030],NIVEL,Nivel medio diario,2016-05-07 00:00,cm,265.75,Definitivo
23157030,BARRANCABERMEJA  - AUT [23157030],NIVEL,Nivel medio diario,2016-05-08 00:00,cm,322.5625,Definitivo
23157030,BARRANCABERMEJA  - AUT [23157030],NIVEL,Nivel medio diario,2016-05-09 00:00,cm,314.708333333333,Definitivo
23157030,BARRANCABERMEJA  - AUT [23157030],NIVEL,Nivel medio diario,2016-05-10 00:00,cm,365.75,Definitivo
23157030,BARRANCABERMEJA  - AUT [23157030],NIVEL,Nivel medio diario,2016-05-11 00:00,cm,383.104166666667,Definitivo
23157030,BARRANCABERMEJA  - AUT [23157030],NIVEL,Nivel medio diario,2016-05-12 00:00,cm,357.708333333333,Definitivo
23157030,BARRANCABERMEJA  - AUT [23157030],NIVEL,Nivel medio diario,2016-05-13 00:00,cm,342.5,Definitivo
23157030,BARRANCABERMEJA  - AUT [23157030],NIVEL,Nivel medio diario,2016-05-14 00:00,cm,275.9375,Definitivo
23157030,BARRANCABERMEJA  - AUT [23157030],NIVEL,Nivel medio diario,2016-05-15 00:00,cm,259.895833333333,Definitivo
23157030,BARRANCABERMEJA  - AUT [23157030],NIVEL,Nivel medio diario,2016-05-16 00:00,cm,237.375,Definitivo
23157030,BARRANCABERMEJA  - AUT [23157030],NIVEL,Nivel medio diario,2016-05-17 00:00,cm,242.770833333333,Definitivo
23157030,BARRANCABERMEJA  - AUT [23157030],NIVEL,Nivel medio diario,2016-05-18 00:00,cm,243.083333333333,Definitivo
23157030,BARRANCABERMEJA  - AUT [23157030],NIVEL,Nivel medio diario,2016-05-19 00:00,cm,203.895833333333,Definitivo
23157030,BARRANCABERMEJA  - AUT [23157030],NIVEL,Nivel medio diario,2016-05-20 00:00,cm,178.75,Definitivo
23157030,BARRANCABERMEJA  - AUT [23157030],NIVEL,Nivel medio diario,2016-05-21 00:00,cm,188.229166666667,Definitivo
23157030,BARRANCABERMEJA  - AUT [23157030],NIVEL,Nivel medio diario,2016-05-22 00:00,cm,206.1875,Definitivo
23157030,BARRANCABERMEJA  - AUT [23157030],NIVEL,Nivel medio diario,2016-05-23 00:00,cm,194.770833333333,Definitivo
23157030,BARRANCABERMEJA  - AUT [23157030],NIVEL,Nivel medio diario,2016-05-24 00:00,cm,170.666666666667,Definitivo
23157030,BARRANCABERMEJA  - AUT [23157030],NIVEL,Nivel medio diario,2016-05-25 00:00,cm,191.479166666667,Definitivo
23157030,BARRANCABERMEJA  - AUT [23157030],NIVEL,Nivel medio diario,2016-05-26 00:00,cm,218.875,Definitivo
23157030,BARRANCABERMEJA  - AUT [23157030],NIVEL,Nivel medio diario,2016-05-27 00:00,cm,256.333333333333,Definitivo
23157030,BARRANCABERMEJA  - AUT [23157030],NIVEL,Nivel medio diario,2016-05-28 00:00,cm,257.0625,Definitivo
23157030,BARRANCABERMEJA  - AUT [23157030],NIVEL,Nivel medio diario,2016-05-29 00:00,cm,271.791666666667,Definitivo
23157030,BARRANCABERMEJA  - AUT [23157030],NIVEL,Nivel medio diario,2016-05-30 00:00,cm,296.0625,Definitivo
23157030,BARRANCABERMEJA  - AUT [23157030],NIVEL,Nivel medio diario,2016-05-31 00:00,cm,268.270833333333,Definitivo
23157030,BARRANCABERMEJA  - AUT [23157030],NIVEL,Nivel medio diario,2016-06-01 00:00,cm,297.375,Definitivo
23157030,BARRANCABERMEJA  - AUT [23157030],NIVEL,Nivel medio diario,2016-06-02 00:00,cm,263.125,Definitivo
23157030,BARRANCABERMEJA  - AUT [23157030],NIVEL,Nivel medio diario,2016-06-03 00:00,cm,284.583333333333,Definitivo
23157030,BARRANCABERMEJA  - AUT [23157030],NIVEL,Nivel medio diario,2016-06-04 00:00,cm,291.020833333333,Definitivo
23157030,BARRANCABERMEJA  - AUT [23157030],NIVEL,Nivel medio diario,2016-06-05 00:00,cm,278.354166666667,Definitivo
23157030,BARRANCABERMEJA  - AUT [23157030],NIVEL,Nivel medio diario,2016-06-06 00:00,cm,228.25,Definitivo
23157030,BARRANCABERMEJA  - AUT [23157030],NIVEL,Nivel medio diario,2016-06-07 00:00,cm,254.520833333333,Definitivo
23157030,BARRANCABERMEJA  - AUT [23157030],NIVEL,Nivel medio diario,2016-06-08 00:00,cm,272.604166666667,Definitivo
23157030,BARRANCABERMEJA  - AUT [23157030],NIVEL,Nivel medio diario,2016-06-09 00:00,cm,216.916666666667,Definitivo
23157030,BARRANCABERMEJA  - AUT [23157030],NIVEL,Nivel medio diario,2016-06-10 00:00,cm,186.4375,Definitivo
23157030,BARRANCABERMEJA  - AUT [23157030],NIVEL,Nivel medio diario,2016-06-11 00:00,cm,196.583333333333,Definitivo
23157030,BARRANCABERMEJA  - AUT [23157030],NIVEL,Nivel medio diario,2016-06-12 00:00,cm,187.0625,Definitivo
23157030,BARRANCABERMEJA  - AUT [23157030],NIVEL,Nivel medio diario,2016-06-13 00:00,cm,170.333333333333,Definitivo
23157030,BARRANCABERMEJA  - AUT [23157030],NIVEL,Nivel medio diario,2016-06-14 00:00,cm,189.604166666667,Definitivo
23157030,BARRANCABERMEJA  - AUT [23157030],NIVEL,Nivel medio diario,2016-06-15 00:00,cm,192.625,Definitivo
23157030,BARRANCABERMEJA  - AUT [23157030],NIVEL,Nivel medio diario,2016-06-16 00:00,cm,163.25,Definitivo
23157030,BARRANCABERMEJA  - AUT [23157030],NIVEL,Nivel medio diario,2016-06-17 00:00,cm,161.583333333333,Definitivo
23157030,BARRANCABERMEJA  - AUT [23157030],NIVEL,Nivel medio diario,2016-06-18 00:00,cm,170.270833333333,Definitivo
23157030,BARRANCABERMEJA  - AUT [23157030],NIVEL,Nivel medio diario,2016-06-19 00:00,cm,163.145833333333,Definitivo
23157030,BARRANCABERMEJA  - AUT [23157030],NIVEL,Nivel medio diario,2016-06-20 00:00,cm,179.979166666667,Definitivo
23157030,BARRANCABERMEJA  - AUT [23157030],NIVEL,Nivel medio diario,2016-06-21 00:00,cm,195.916666666667,Definitivo
23157030,BARRANCABERMEJA  - AUT [23157030],NIVEL,Nivel medio diario,2016-06-22 00:00,cm,176.791666666667,Definitivo
23157030,BARRANCABERMEJA  - AUT [23157030],NIVEL,Nivel medio diario,2016-06-23 00:00,cm,158.645833333333,Definitivo
23157030,BARRANCABERMEJA  - AUT [23157030],NIVEL,Nivel medio diario,2016-06-24 00:00,cm,185.1875,Definitivo
23157030,BARRANCABERMEJA  - AUT [23157030],NIVEL,Nivel medio diario,2016-06-25 00:00,cm,195.708333333333,Definitivo
23157030,BARRANCABERMEJA  - AUT [23157030],NIVEL,Nivel medio diario,2016-06-26 00:00,cm,216.791666666667,Definitivo
23157030,BARRANCABERMEJA  - AUT [23157030],NIVEL,Nivel medio diario,2016-06-27 00:00,cm,221.6875,Definitivo
23157030,BARRANCABERMEJA  - AUT [23157030],NIVEL,Nivel medio diario,2016-06-28 00:00,cm,222.479166666667,Definitivo
23157030,BARRANCABERMEJA  - AUT [23157030],NIVEL,Nivel medio diario,2016-06-29 00:00,cm,222.416666666667,Definitivo
23157030,BARRANCABERMEJA  - AUT [23157030],NIVEL,Nivel medio diario,2016-06-30 00:00,cm,216.9375,Definitivo
23157030,BARRANCABERMEJA  - AUT [23157030],NIVEL,Nivel medio diario,2016-07-01 00:00,cm,187.729166666667,Definitivo
23157030,BARRANCABERMEJA  - AUT [23157030],NIVEL,Nivel medio diario,2016-07-02 00:00,cm,162.75,Definitivo
23157030,BARRANCABERMEJA  - AUT [23157030],NIVEL,Nivel medio diario,2016-07-03 00:00,cm,169.854166666667,Definitivo
23157030,BARRANCABERMEJA  - AUT [23157030],NIVEL,Nivel medio diario,2016-07-04 00:00,cm,207.875,Definitivo
23157030,BARRANCABERMEJA  - AUT [23157030],NIVEL,Nivel medio diario,2016-07-05 00:00,cm,231.270833333333,Definitivo
23157030,BARRANCABERMEJA  - AUT [23157030],NIVEL,Nivel medio diario,2016-07-06 00:00,cm,234.25,Definitivo
23157030,BARRANCABERMEJA  - AUT [23157030],NIVEL,Nivel medio diario,2016-07-07 00:00,cm,270.0625,Definitivo
23157030,BARRANCABERMEJA  - AUT [23157030],NIVEL,Nivel medio diario,2016-07-08 00:00,cm,270.479166666667,Definitivo
23157030,BARRANCABERMEJA  - AUT [23157030],NIVEL,Nivel medio diario,2016-07-09 00:00,cm,270.333333333333,Definitivo
23157030,BARRANCABERMEJA  - AUT [23157030],NIVEL,Nivel medio diario,2016-07-10 00:00,cm,230.9375,Definitivo
23157030,BARRANCABERMEJA  - AUT [23157030],NIVEL,Nivel medio diario,2016-07-11 00:00,cm,183.666666666667,Definitivo
23157030,BARRANCABERMEJA  - AUT [23157030],NIVEL,Nivel medio diario,2016-07-12 00:00,cm,162.8125,Definitivo
23157030,BARRANCABERMEJA  - AUT [23157030],NIVEL,Nivel medio diario,2016-07-13 00:00,cm,171.4375,Definitivo
23157030,BARRANCABERMEJA  - AUT [23157030],NIVEL,Nivel medio diario,2016-07-14 00:00,cm,175.8125,Definitivo
23157030,BARRANCABERMEJA  - AUT [23157030],NIVEL,Nivel medio diario,2016-07-15 00:00,cm,173.583333333333,Definitivo
23157030,BARRANCABERMEJA  - AUT [23157030],NIVEL,Nivel medio diario,2016-07-16 00:00,cm,186.25,Definitivo
23157030,BARRANCABERMEJA  - AUT [23157030],NIVEL,Nivel medio diario,2016-07-17 00:00,cm,203.145833333333,Definitivo
23157030,BARRANCABERMEJA  - AUT [23157030],NIVEL,Nivel medio diario,2016-07-18 00:00,cm,217.5,Definitivo
23157030,BARRANCABERMEJA  - AUT [23157030],NIVEL,Nivel medio diario,2016-07-19 00:00,cm,239.604166666667,Definitivo
23157030,BARRANCABERMEJA  - AUT [23157030],NIVEL,Nivel medio diario,2016-07-20 00:00,cm,217.416666666667,Definitivo
23157030,BARRANCABERMEJA  - AUT [23157030],NIVEL,Nivel medio diario,2016-07-21 00:00,cm,196.958333333333,Definitivo
23157030,BARRANCABERMEJA  - AUT [23157030],NIVEL,Nivel medio diario,2016-07-22 00:00,cm,196.333333333333,Definitivo
23157030,BARRANCABERMEJA  - AUT [23157030],NIVEL,Nivel medio diario,2016-07-23 00:00,cm,192.041666666667,Definitivo
23157030,BARRANCABERMEJA  - AUT [23157030],NIVEL,Nivel medio diario,2016-07-24 00:00,cm,185.833333333333,Definitivo
23157030,BARRANCABERMEJA  - AUT [23157030],NIVEL,Nivel medio diario,2016-07-25 00:00,cm,211.166666666667,Definitivo
23157030,BARRANCABERMEJA  - AUT [23157030],NIVEL,Nivel medio diario,2016-07-26 00:00,cm,208.770833333333,Definitivo
23157030,BARRANCABERMEJA  - AUT [23157030],NIVEL,Nivel medio diario,2016-07-27 00:00,cm,189.3125,Definitivo
23157030,BARRANCABERMEJA  - AUT [23157030],NIVEL,Nivel medio diario,2016-07-28 00:00,cm,197.979166666667,Definitivo
23157030,BARRANCABERMEJA  - AUT [23157030],NIVEL,Nivel medio diario,2016-07-29 00:00,cm,211.854166666667,Definitivo
23157030,BARRANCABERMEJA  - AUT [23157030],NIVEL,Nivel medio diario,2016-07-30 00:00,cm,175.208333333333,Definitivo
23157030,BARRANCABERMEJA  - AUT [23157030],NIVEL,Nivel medio diario,2016-07-31 00:00,cm,180.6875,Definitivo
23157030,BARRANCABERMEJA  - AUT [23157030],NIVEL,Nivel medio diario,2016-08-01 00:00,cm,202.8125,Definitivo
23157030,BARRANCABERMEJA  - AUT [23157030],NIVEL,Nivel medio diario,2016-08-02 00:00,cm,231.729166666667,Definitivo
23157030,BARRANCABERMEJA  - AUT [23157030],NIVEL,Nivel medio diario,2016-08-03 00:00,cm,235.270833333333,Definitivo
23157030,BARRANCABERMEJA  - AUT [23157030],NIVEL,Nivel medio diario,2016-08-04 00:00,cm,229.833333333333,Definitivo
23157030,BARRANCABERMEJA  - AUT [23157030],NIVEL,Nivel medio diario,2016-08-05 00:00,cm,242.247023809524,Definitivo
23157030,BARRANCABERMEJA  - AUT [23157030],NIVEL,Nivel medio diario,2016-08-06 00:00,cm,214.357142857158,Definitivo
23157030,BARRANCABERMEJA  - AUT [23157030],NIVEL,Nivel medio diario,2016-08-07 00:00,cm,190.000000000015,Definitivo
23157030,BARRANCABERMEJA  - AUT [23157030],NIVEL,Nivel medio diario,2016-08-08 00:00,cm,169.874999999989,Definitivo
23157030,BARRANCABERMEJA  - AUT [23157030],NIVEL,Nivel medio diario,2016-08-09 00:00,cm,184.25,Definitivo
23157030,BARRANCABERMEJA  - AUT [23157030],NIVEL,Nivel medio diario,2016-08-10 00:00,cm,176.062500000004,Definitivo
23157030,BARRANCABERMEJA  - AUT [23157030],NIVEL,Nivel medio diario,2016-08-11 00:00,cm,168.562499999994,Definitivo
23157030,BARRANCABERMEJA  - AUT [23157030],NIVEL,Nivel medio diario,2016-08-12 00:00,cm,187.874999999953,Definitivo
23157030,BARRANCABERMEJA  - AUT [23157030],NIVEL,Nivel medio diario,2016-08-13 00:00,cm,227.750000000029,Definitivo
23157030,BARRANCABERMEJA  - AUT [23157030],NIVEL,Nivel medio diario,2016-08-14 00:00,cm,203.624999999968,Definitivo
23157030,BARRANCABERMEJA  - AUT [23157030],NIVEL,Nivel medio diario,2016-08-15 00:00,cm,222.187500000033,Definitivo
23157030,BARRANCABERMEJA  - AUT [23157030],NIVEL,Nivel medio diario,2016-08-16 00:00,cm,183.56249999999,Definitivo
23157030,BARRANCABERMEJA  - AUT [23157030],NIVEL,Nivel medio diario,2016-08-17 00:00,cm,198.249999999999,Definitivo
23157030,BARRANCABERMEJA  - AUT [23157030],NIVEL,Nivel medio diario,2016-08-18 00:00,cm,215.374999999991,Definitivo
23157030,BARRANCABERMEJA  - AUT [23157030],NIVEL,Nivel medio diario,2016-08-19 00:00,cm,213.250000000006,Definitivo
23157030,BARRANCABERMEJA  - AUT [23157030],NIVEL,Nivel medio diario,2016-08-20 00:00,cm,199.625000000034,Definitivo
23157030,BARRANCABERMEJA  - AUT [23157030],NIVEL,Nivel medio diario,2016-08-21 00:00,cm,159.125000000018,Definitivo
23157030,BARRANCABERMEJA  - AUT [23157030],NIVEL,Nivel medio diario,2016-08-22 00:00,cm,130.375000000019,Definitivo
23157030,BARRANCABERMEJA  - AUT [23157030],NIVEL,Nivel medio diario,2016-08-23 00:00,cm,112.500000000001,Definitivo
23157030,BARRANCABERMEJA  - AUT [23157030],NIVEL,Nivel medio diario,2016-08-24 00:00,cm,107.812500000013,Definitivo
23157030,BARRANCABERMEJA  - AUT [23157030],NIVEL,Nivel medio diario,2016-08-25 00:00,cm,93.9374999999872,Definitivo
23157030,BARRANCABERMEJA  - AUT [23157030],NIVEL,Nivel medio diario,2016-08-26 00:00,cm,113.687499999965,Definitivo
23157030,BARRANCABERMEJA  - AUT [23157030],NIVEL,Nivel medio diario,2016-08-27 00:00,cm,156.312499999995,Definitivo
23157030,BARRANCABERMEJA  - AUT [23157030],NIVEL,Nivel medio diario,2016-08-28 00:00,cm,156.624999999965,Definitivo
23157030,BARRANCABERMEJA  - AUT [23157030],NIVEL,Nivel medio diario,2016-08-29 00:00,cm,195.375,Definitivo
23157030,BARRANCABERMEJA  - AUT [23157030],NIVEL,Nivel medio diario,2016-08-30 00:00,cm,187.374999999984,Definitivo
23157030,BARRANCABERMEJA  - AUT [23157030],NIVEL,Nivel medio diario,2016-08-31 00:00,cm,224.374999999973,Definitivo
23157030,BARRANCABERMEJA  - AUT [23157030],NIVEL,Nivel medio diario,2016-09-01 00:00,cm,225.312500000041,Definitivo
23157030,BARRANCABERMEJA  - AUT [23157030],NIVEL,Nivel medio diario,2016-09-02 00:00,cm,207.687499999976,Definitivo
23157030,BARRANCABERMEJA  - AUT [23157030],NIVEL,Nivel medio diario,2016-09-03 00:00,cm,222.749999999997,Definitivo
23157030,BARRANCABERMEJA  - AUT [23157030],NIVEL,Nivel medio diario,2016-09-04 00:00,cm,232.187499999977,Definitivo
23157030,BARRANCABERMEJA  - AUT [23157030],NIVEL,Nivel medio diario,2016-09-05 00:00,cm,259.06249999999,Definitivo
23157030,BARRANCABERMEJA  - AUT [23157030],NIVEL,Nivel medio diario,2016-09-06 00:00,cm,271.750000000006,Definitivo
23157030,BARRANCABERMEJA  - AUT [23157030],NIVEL,Nivel medio diario,2016-09-07 00:00,cm,253.875,Definitivo
23157030,BARRANCABERMEJA  - AUT [23157030],NIVEL,Nivel medio diario,2016-09-08 00:00,cm,251.000000000016,Definitivo
23157030,BARRANCABERMEJA  - AUT [23157030],NIVEL,Nivel medio diario,2016-09-09 00:00,cm,230.750000000019,Definitivo
23157030,BARRANCABERMEJA  - AUT [23157030],NIVEL,Nivel medio diario,2016-09-10 00:00,cm,202.374999999997,Definitivo
23157030,BARRANCABERMEJA  - AUT [23157030],NIVEL,Nivel medio diario,2016-09-11 00:00,cm,209.49999999996,Definitivo
23157030,BARRANCABERMEJA  - AUT [23157030],NIVEL,Nivel medio diario,2016-09-12 00:00,cm,268.437499999971,Definitivo
23157030,BARRANCABERMEJA  - AUT [23157030],NIVEL,Nivel medio diario,2016-09-13 00:00,cm,299.312500000029,Definitivo
23157030,BARRANCABERMEJA  - AUT [23157030],NIVEL,Nivel medio diario,2016-09-14 00:00,cm,260.125000000008,Definitivo
23157030,BARRANCABERMEJA  - AUT [23157030],NIVEL,Nivel medio diario,2016-09-15 00:00,cm,262.874999999943,Definitivo
23157030,BARRANCABERMEJA  - AUT [23157030],NIVEL,Nivel medio diario,2016-09-16 00:00,cm,317.437500000044,Definitivo
23157030,BARRANCABERMEJA  - AUT [23157030],NIVEL,Nivel medio diario,2016-09-17 00:00,cm,272.624999999981,Definitivo
23157030,BARRANCABERMEJA  - AUT [23157030],NIVEL,Nivel medio diario,2016-09-18 00:00,cm,298.187500000024,Definitivo
23157030,BARRANCABERMEJA  - AUT [23157030],NIVEL,Nivel medio diario,2016-09-19 00:00,cm,251.625000000036,Definitivo
23157030,BARRANCABERMEJA  - AUT [23157030],NIVEL,Nivel medio diario,2016-09-20 00:00,cm,225.874999999994,Definitivo
23157030,BARRANCABERMEJA  - AUT [23157030],NIVEL,Nivel medio diario,2016-09-21 00:00,cm,222.437499999984,Definitivo
23157030,BARRANCABERMEJA  - AUT [23157030],NIVEL,Nivel medio diario,2016-09-22 00:00,cm,239.50000000004,Definitivo
23157030,BARRANCABERMEJA  - AUT [23157030],NIVEL,Nivel medio diario,2016-09-23 00:00,cm,185.437500000025,Definitivo
23157030,BARRANCABERMEJA  - AUT [23157030],NIVEL,Nivel medio diario,2016-09-24 00:00,cm,171.812499999978,Definitivo
23157030,BARRANCABERMEJA  - AUT [23157030],NIVEL,Nivel medio diario,2016-09-25 00:00,cm,202.187499999953,Definitivo
23157030,BARRANCABERMEJA  - AUT [23157030],NIVEL,Nivel medio diario,2016-09-26 00:00,cm,248.43750000004,Definitivo
23157030,BARRANCABERMEJA  - AUT [23157030],NIVEL,Nivel medio diario,2016-09-27 00:00,cm,207.812499999983,Definitivo
23157030,BARRANCABERMEJA  - AUT [23157030],NIVEL,Nivel medio diario,2016-09-28 00:00,cm,235.75000000001,Definitivo
23157030,BARRANCABERMEJA  - AUT [23157030],NIVEL,Nivel medio diario,2016-09-29 00:00,cm,232.499999999983,Definitivo
23157030,BARRANCABERMEJA  - AUT [23157030],NIVEL,Nivel medio diario,2016-09-30 00:00,cm,247.62500000001,Definitivo
23157030,BARRANCABERMEJA  - AUT [23157030],NIVEL,Nivel medio diario,2016-10-01 00:00,cm,239.999999999971,Definitivo
23157030,BARRANCABERMEJA  - AUT [23157030],NIVEL,Nivel medio diario,2016-10-02 00:00,cm,272.625000000021,Definitivo
23157030,BARRANCABERMEJA  - AUT [23157030],NIVEL,Nivel medio diario,2016-10-03 00:00,cm,250.499999999966,Definitivo
23157030,BARRANCABERMEJA  - AUT [23157030],NIVEL,Nivel medio diario,2016-10-04 00:00,cm,279.437500000026,Definitivo
23157030,BARRANCABERMEJA  - AUT [23157030],NIVEL,Nivel medio diario,2016-10-05 00:00,cm,258.812499999946,Definitivo
23157030,BARRANCABERMEJA  - AUT [23157030],NIVEL,Nivel medio diario,2016-10-06 00:00,cm,309.625000000031,Definitivo
23157030,BARRANCABERMEJA  - AUT [23157030],NIVEL,Nivel medio diario,2016-10-07 00:00,cm,264.187499999988,Definitivo
23157030,BARRANCABERMEJA  - AUT [23157030],NIVEL,Nivel medio diario,2016-10-08 00:00,cm,289.062499999994,Definitivo
23157030,BARRANCABERMEJA  - AUT [23157030],NIVEL,Nivel medio diario,2016-10-09 00:00,cm,284.624999999997,Definitivo
23157030,BARRANCABERMEJA  - AUT [23157030],NIVEL,Nivel medio diario,2016-10-10 00:00,cm,302.999999999948,Definitivo
23157030,BARRANCABERMEJA  - AUT [23157030],NIVEL,Nivel medio diario,2016-10-11 00:00,cm,363.625,Definitivo
23157030,BARRANCABERMEJA  - AUT [23157030],NIVEL,Nivel medio diario,2016-10-12 00:00,cm,368.541666666667,Definitivo
23157030,BARRANCABERMEJA  - AUT [23157030],NIVEL,Nivel medio diario,2016-10-13 00:00,cm,372.9375,Definitivo
23157030,BARRANCABERMEJA  - AUT [23157030],NIVEL,Nivel medio diario,2016-10-14 00:00,cm,334.729166666667,Definitivo
23157030,BARRANCABERMEJA  - AUT [23157030],NIVEL,Nivel medio diario,2016-10-15 00:00,cm,340.375,Definitivo
23157030,BARRANCABERMEJA  - AUT [23157030],NIVEL,Nivel medio diario,2016-10-16 00:00,cm,341.5625,Definitivo
23157030,BARRANCABERMEJA  - AUT [23157030],NIVEL,Nivel medio diario,2016-10-17 00:00,cm,344.479166666667,Definitivo
23157030,BARRANCABERMEJA  - AUT [23157030],NIVEL,Nivel medio diario,2016-10-18 00:00,cm,296.604166666667,Definitivo
23157030,BARRANCABERMEJA  - AUT [23157030],NIVEL,Nivel medio diario,2016-10-19 00:00,cm,307.520833333333,Definitivo
23157030,BARRANCABERMEJA  - AUT [23157030],NIVEL,Nivel medio diario,2016-10-20 00:00,cm,307.0625,Definitivo
23157030,BARRANCABERMEJA  - AUT [23157030],NIVEL,Nivel medio diario,2016-10-21 00:00,cm,283.729166666667,Definitivo
23157030,BARRANCABERMEJA  - AUT [23157030],NIVEL,Nivel medio diario,2016-10-22 00:00,cm,265.625,Definitivo
23157030,BARRANCABERMEJA  - AUT [23157030],NIVEL,Nivel medio diario,2016-10-23 00:00,cm,284.604166666667,Definitivo
23157030,BARRANCABERMEJA  - AUT [23157030],NIVEL,Nivel medio diario,2016-10-24 00:00,cm,315.6875,Definitivo
23157030,BARRANCABERMEJA  - AUT [23157030],NIVEL,Nivel medio diario,2016-10-25 00:00,cm,304.916666666667,Definitivo
23157030,BARRANCABERMEJA  - AUT [23157030],NIVEL,Nivel medio diario,2016-10-26 00:00,cm,321.354166666667,Definitivo
23157030,BARRANCABERMEJA  - AUT [23157030],NIVEL,Nivel medio diario,2016-10-27 00:00,cm,336.625,Definitivo
23157030,BARRANCABERMEJA  - AUT [23157030],NIVEL,Nivel medio diario,2016-10-28 00:00,cm,344.958333333333,Definitivo
23157030,BARRANCABERMEJA  - AUT [23157030],NIVEL,Nivel medio diario,2016-10-29 00:00,cm,357.4375,Definitivo
23157030,BARRANCABERMEJA  - AUT [23157030],NIVEL,Nivel medio diario,2016-10-30 00:00,cm,388.270833333333,Definitivo
23157030,BARRANCABERMEJA  - AUT [23157030],NIVEL,Nivel medio diario,2016-10-31 00:00,cm,381.520833333333,Definitivo
23157030,BARRANCABERMEJA  - AUT [23157030],NIVEL,Nivel medio diario,2016-11-01 00:00,cm,362.875,Definitivo
23157030,BARRANCABERMEJA  - AUT [23157030],NIVEL,Nivel medio diario,2016-11-02 00:00,cm,382.958333333333,Definitivo
23157030,BARRANCABERMEJA  - AUT [23157030],NIVEL,Nivel medio diario,2016-11-03 00:00,cm,339.375,Definitivo
23157030,BARRANCABERMEJA  - AUT [23157030],NIVEL,Nivel medio diario,2016-11-04 00:00,cm,323.416666666667,Definitivo
23157030,BARRANCABERMEJA  - AUT [23157030],NIVEL,Nivel medio diario,2016-11-05 00:00,cm,293.375,Definitivo
23157030,BARRANCABERMEJA  - AUT [23157030],NIVEL,Nivel medio diario,2016-11-06 00:00,cm,266.104166666667,Definitivo
23157030,BARRANCABERMEJA  - AUT [23157030],NIVEL,Nivel medio diario,2016-11-07 00:00,cm,259.958333333333,Definitivo
23157030,BARRANCABERMEJA  - AUT [23157030],NIVEL,Nivel medio diario,2016-11-08 00:00,cm,309.604166666667,Definitivo
23157030,BARRANCABERMEJA  - AUT [23157030],NIVEL,Nivel medio diario,2016-11-09 00:00,cm,265.020833333333,Definitivo
23157030,BARRANCABERMEJA  - AUT [23157030],NIVEL,Nivel medio diario,2016-11-10 00:00,cm,230.291666666667,Definitivo
23157030,BARRANCABERMEJA  - AUT [23157030],NIVEL,Nivel medio diario,2016-11-11 00:00,cm,275.375,Definitivo
23157030,BARRANCABERMEJA  - AUT [23157030],NIVEL,Nivel medio diario,2016-11-12 00:00,cm,341.604166666667,Definitivo
23157030,BARRANCABERMEJA  - AUT [23157030],NIVEL,Nivel medio diario,2016-11-13 00:00,cm,325.5625,Definitivo
23157030,BARRANCABERMEJA  - AUT [23157030],NIVEL,Nivel medio diario,2016-11-14 00:00,cm,339.8125,Definitivo
23157030,BARRANCABERMEJA  - AUT [23157030],NIVEL,Nivel medio diario,2016-11-15 00:00,cm,362.875,Definitivo
23157030,BARRANCABERMEJA  - AUT [23157030],NIVEL,Nivel medio diario,2016-11-16 00:00,cm,352.625,Definitivo
23157030,BARRANCABERMEJA  - AUT [23157030],NIVEL,Nivel medio diario,2016-11-17 00:00,cm,354.5,Definitivo
23157030,BARRANCABERMEJA  - AUT [23157030],NIVEL,Nivel medio diario,2016-11-18 00:00,cm,326.916666666667,Definitivo
23157030,BARRANCABERMEJA  - AUT [23157030],NIVEL,Nivel medio diario,2016-11-19 00:00,cm,323.854166666667,Definitivo
23157030,BARRANCABERMEJA  - AUT [23157030],NIVEL,Nivel medio diario,2016-11-20 00:00,cm,359.958333333333,Definitivo
23157030,BARRANCABERMEJA  - AUT [23157030],NIVEL,Nivel medio diario,2016-11-21 00:00,cm,378.395833333333,Definitivo
23157030,BARRANCABERMEJA  - AUT [23157030],NIVEL,Nivel medio diario,2016-11-22 00:00,cm,385.333333333333,Definitivo
23157030,BARRANCABERMEJA  - AUT [23157030],NIVEL,Nivel medio diario,2016-11-23 00:00,cm,328.520833333333,Definitivo
23157030,BARRANCABERMEJA  - AUT [23157030],NIVEL,Nivel medio diario,2016-11-24 00:00,cm,284.604166666667,Definitivo
23157030,BARRANCABERMEJA  - AUT [23157030],NIVEL,Nivel medio diario,2016-11-25 00:00,cm,293.708333333333,Definitivo
23157030,BARRANCABERMEJA  - AUT [23157030],NIVEL,Nivel medio diario,2016-11-26 00:00,cm,261.708333333333,Definitivo
23157030,BARRANCABERMEJA  - AUT [23157030],NIVEL,Nivel medio diario,2016-11-27 00:00,cm,270.520833333333,Definitivo
23157030,BARRANCABERMEJA  - AUT [23157030],NIVEL,Nivel medio diario,2016-11-28 00:00,cm,316.479166666667,Definitivo
23157030,BARRANCABERMEJA  - AUT [23157030],NIVEL,Nivel medio diario,2016-11-29 00:00,cm,329,Definitivo
23157030,BARRANCABERMEJA  - AUT [23157030],NIVEL,Nivel medio diario,2016-11-30 00:00,cm,342.145833333333,Definitivo
23157030,BARRANCABERMEJA  - AUT [23157030],NIVEL,Nivel medio diario,2016-12-01 00:00,cm,340.041666666667,Definitivo
23157030,BARRANCABERMEJA  - AUT [23157030],NIVEL,Nivel medio diario,2016-12-02 00:00,cm,323.375,Definitivo
23157030,BARRANCABERMEJA  - AUT [23157030],NIVEL,Nivel medio diario,2016-12-03 00:00,cm,338.583333333333,Definitivo
23157030,BARRANCABERMEJA  - AUT [23157030],NIVEL,Nivel medio diario,2016-12-04 00:00,cm,327.354166666667,Definitivo
23157030,BARRANCABERMEJA  - AUT [23157030],NIVEL,Nivel medio diario,2016-12-05 00:00,cm,329.208333333333,Definitivo
23157030,BARRANCABERMEJA  - AUT [23157030],NIVEL,Nivel medio diario,2016-12-06 00:00,cm,357.583333333333,Definitivo
23157030,BARRANCABERMEJA  - AUT [23157030],NIVEL,Nivel medio diario,2016-12-07 00:00,cm,312.166666666667,Definitivo
23157030,BARRANCABERMEJA  - AUT [23157030],NIVEL,Nivel medio diario,2016-12-08 00:00,cm,337.916666666667,Definitivo
23157030,BARRANCABERMEJA  - AUT [23157030],NIVEL,Nivel medio diario,2016-12-09 00:00,cm,350.1875,Definitivo
23157030,BARRANCABERMEJA  - AUT [23157030],NIVEL,Nivel medio diario,2016-12-10 00:00,cm,374.479166666667,Definitivo
23157030,BARRANCABERMEJA  - AUT [23157030],NIVEL,Nivel medio diario,2016-12-11 00:00,cm,368.0625,Definitivo
23157030,BARRANCABERMEJA  - AUT [23157030],NIVEL,Nivel medio diario,2016-12-12 00:00,cm,343.645833333333,Definitivo
23157030,BARRANCABERMEJA  - AUT [23157030],NIVEL,Nivel medio diario,2016-12-13 00:00,cm,300.645833333333,Definitivo
23157030,BARRANCABERMEJA  - AUT [23157030],NIVEL,Nivel medio diario,2016-12-14 00:00,cm,273.458333333333,Definitivo
23157030,BARRANCABERMEJA  - AUT [23157030],NIVEL,Nivel medio diario,2016-12-15 00:00,cm,284.270833333333,Definitivo
23157030,BARRANCABERMEJA  - AUT [23157030],NIVEL,Nivel medio diario,2016-12-16 00:00,cm,253.25,Definitivo
23157030,BARRANCABERMEJA  - AUT [23157030],NIVEL,Nivel medio diario,2016-12-17 00:00,cm,232.8125,Definitivo
23157030,BARRANCABERMEJA  - AUT [23157030],NIVEL,Nivel medio diario,2016-12-18 00:00,cm,254.854166666667,Definitivo
23157030,BARRANCABERMEJA  - AUT [23157030],NIVEL,Nivel medio diario,2016-12-19 00:00,cm,275.583333333333,Definitivo
23157030,BARRANCABERMEJA  - AUT [23157030],NIVEL,Nivel medio diario,2016-12-20 00:00,cm,278.729166666667,Definitivo
23157030,BARRANCABERMEJA  - AUT [23157030],NIVEL,Nivel medio diario,2016-12-21 00:00,cm,250.104166666667,Definitivo
23157030,BARRANCABERMEJA  - AUT [23157030],NIVEL,Nivel medio diario,2016-12-22 00:00,cm,262.416666666667,Definitivo
23157030,BARRANCABERMEJA  - AUT [23157030],NIVEL,Nivel medio diario,2016-12-23 00:00,cm,276.458333333333,Definitivo
23157030,BARRANCABERMEJA  - AUT [23157030],NIVEL,Nivel medio diario,2016-12-24 00:00,cm,235.916666666667,Definitivo
23157030,BARRANCABERMEJA  - AUT [23157030],NIVEL,Nivel medio diario,2016-12-25 00:00,cm,221.5,Definitivo
23157030,BARRANCABERMEJA  - AUT [23157030],NIVEL,Nivel medio diario,2016-12-26 00:00,cm,216.208333333333,Definitivo
23157030,BARRANCABERMEJA  - AUT [23157030],NIVEL,Nivel medio diario,2016-12-27 00:00,cm,227.854166666667,Definitivo
23157030,BARRANCABERMEJA  - AUT [23157030],NIVEL,Nivel medio diario,2016-12-28 00:00,cm,272.708333333333,Definitivo
23157030,BARRANCABERMEJA  - AUT [23157030],NIVEL,Nivel medio diario,2016-12-29 00:00,cm,269,Definitivo
23157030,BARRANCABERMEJA  - AUT [23157030],NIVEL,Nivel medio diario,2016-12-30 00:00,cm,257.229166666667,Definitivo
23157030,BARRANCABERMEJA  - AUT [23157030],NIVEL,Nivel medio diario,2016-12-31 00:00,cm,267.614583333288,Definitivo
23157030,BARRANCABERMEJA  - AUT [23157030],NIVEL,Nivel medio diario,2017-01-01 00:00,cm,300.510416666667,Definitivo
23157030,BARRANCABERMEJA  - AUT [23157030],NIVEL,Nivel medio diario,2017-01-02 00:00,cm,281.5,Definitivo
23157030,BARRANCABERMEJA  - AUT [23157030],NIVEL,Nivel medio diario,2017-01-03 00:00,cm,270.604166666667,Definitivo
23157030,BARRANCABERMEJA  - AUT [23157030],NIVEL,Nivel medio diario,2017-01-04 00:00,cm,274.604166666667,Definitivo
23157030,BARRANCABERMEJA  - AUT [23157030],NIVEL,Nivel medio diario,2017-01-05 00:00,cm,285.354166666667,Definitivo
23157030,BARRANCABERMEJA  - AUT [23157030],NIVEL,Nivel medio diario,2017-01-06 00:00,cm,257.229166666667,Definitivo
23157030,BARRANCABERMEJA  - AUT [23157030],NIVEL,Nivel medio diario,2017-01-07 00:00,cm,257.9375,Definitivo
23157030,BARRANCABERMEJA  - AUT [23157030],NIVEL,Nivel medio diario,2017-01-08 00:00,cm,264.791666666667,Definitivo
23157030,BARRANCABERMEJA  - AUT [23157030],NIVEL,Nivel medio diario,2017-01-09 00:00,cm,289.6875,Definitivo
23157030,BARRANCABERMEJA  - AUT [23157030],NIVEL,Nivel medio diario,2017-01-10 00:00,cm,319.770833333333,Definitivo
23157030,BARRANCABERMEJA  - AUT [23157030],NIVEL,Nivel medio diario,2017-01-11 00:00,cm,335.5625,Definitivo
23157030,BARRANCABERMEJA  - AUT [23157030],NIVEL,Nivel medio diario,2017-01-12 00:00,cm,279.145833333333,Definitivo
23157030,BARRANCABERMEJA  - AUT [23157030],NIVEL,Nivel medio diario,2017-01-13 00:00,cm,269.333333333333,Definitivo
23157030,BARRANCABERMEJA  - AUT [23157030],NIVEL,Nivel medio diario,2017-01-14 00:00,cm,257.416666666667,Definitivo
23157030,BARRANCABERMEJA  - AUT [23157030],NIVEL,Nivel medio diario,2017-01-15 00:00,cm,264.041666666667,Definitivo
23157030,BARRANCABERMEJA  - AUT [23157030],NIVEL,Nivel medio diario,2017-01-16 00:00,cm,274.562525,Definitivo
23157030,BARRANCABERMEJA  - AUT [23157030],NIVEL,Nivel medio diario,2017-01-17 00:00,cm,271.145833333333,Definitivo
23157030,BARRANCABERMEJA  - AUT [23157030],NIVEL,Nivel medio diario,2017-01-18 00:00,cm,273.25,Definitivo
23157030,BARRANCABERMEJA  - AUT [23157030],NIVEL,Nivel medio diario,2017-01-19 00:00,cm,234.770833333333,Definitivo
23157030,BARRANCABERMEJA  - AUT [23157030],NIVEL,Nivel medio diario,2017-01-20 00:00,cm,239.9375,Definitivo
23157030,BARRANCABERMEJA  - AUT [23157030],NIVEL,Nivel medio diario,2017-01-21 00:00,cm,266.6875,Definitivo
23157030,BARRANCABERMEJA  - AUT [23157030],NIVEL,Nivel medio diario,2017-01-22 00:00,cm,273.229166666667,Definitivo
23157030,BARRANCABERMEJA  - AUT [23157030],NIVEL,Nivel medio diario,2017-01-23 00:00,cm,224.625,Definitivo
23157030,BARRANCABERMEJA  - AUT [23157030],NIVEL,Nivel medio diario,2017-01-24 00:00,cm,229.166666666667,Definitivo
23157030,BARRANCABERMEJA  - AUT [23157030],NIVEL,Nivel medio diario,2017-01-25 00:00,cm,250.895833333333,Definitivo
23157030,BARRANCABERMEJA  - AUT [23157030],NIVEL,Nivel medio diario,2017-01-26 00:00,cm,193.583333333333,Definitivo
23157030,BARRANCABERMEJA  - AUT [23157030],NIVEL,Nivel medio diario,2017-01-27 00:00,cm,171.291666666667,Definitivo
23157030,BARRANCABERMEJA  - AUT [23157030],NIVEL,Nivel medio diario,2017-01-28 00:00,cm,174.1875,Definitivo
23157030,BARRANCABERMEJA  - AUT [23157030],NIVEL,Nivel medio diario,2017-01-29 00:00,cm,174.604166666667,Definitivo
23157030,BARRANCABERMEJA  - AUT [23157030],NIVEL,Nivel medio diario,2017-01-30 00:00,cm,183.666666666667,Definitivo
23157030,BARRANCABERMEJA  - AUT [23157030],NIVEL,Nivel medio diario,2017-01-31 00:00,cm,228.8125,Definitivo
23157030,BARRANCABERMEJA  - AUT [23157030],NIVEL,Nivel medio diario,2017-02-01 00:00,cm,184.5,Definitivo
23157030,BARRANCABERMEJA  - AUT [23157030],NIVEL,Nivel medio diario,2017-02-02 00:00,cm,192.6875,Definitivo
23157030,BARRANCABERMEJA  - AUT [23157030],NIVEL,Nivel medio diario,2017-02-03 00:00,cm,246.229166666667,Definitivo
23157030,BARRANCABERMEJA  - AUT [23157030],NIVEL,Nivel medio diario,2017-02-04 00:00,cm,246.875,Definitivo
23157030,BARRANCABERMEJA  - AUT [23157030],NIVEL,Nivel medio diario,2017-02-05 00:00,cm,186.604166666667,Definitivo
23157030,BARRANCABERMEJA  - AUT [23157030],NIVEL,Nivel medio diario,2017-02-06 00:00,cm,170.229166666667,Definitivo
23157030,BARRANCABERMEJA  - AUT [23157030],NIVEL,Nivel medio diario,2017-02-07 00:00,cm,179.770833333333,Definitivo
23157030,BARRANCABERMEJA  - AUT [23157030],NIVEL,Nivel medio diario,2017-02-08 00:00,cm,188.8125,Definitivo
23157030,BARRANCABERMEJA  - AUT [23157030],NIVEL,Nivel medio diario,2017-02-09 00:00,cm,179.333333333333,Definitivo
23157030,BARRANCABERMEJA  - AUT [23157030],NIVEL,Nivel medio diario,2017-02-10 00:00,cm,186.541666666667,Definitivo
23157030,BARRANCABERMEJA  - AUT [23157030],NIVEL,Nivel medio diario,2017-02-11 00:00,cm,193.8125,Definitivo
23157030,BARRANCABERMEJA  - AUT [23157030],NIVEL,Nivel medio diario,2017-02-12 00:00,cm,194.833333333333,Definitivo
23157030,BARRANCABERMEJA  - AUT [23157030],NIVEL,Nivel medio diario,2017-02-13 00:00,cm,184.979166666667,Definitivo
23157030,BARRANCABERMEJA  - AUT [23157030],NIVEL,Nivel medio diario,2017-02-14 00:00,cm,140.625,Definitivo
23157030,BARRANCABERMEJA  - AUT [23157030],NIVEL,Nivel medio diario,2017-02-15 00:00,cm,122.291666666667,Definitivo
23157030,BARRANCABERMEJA  - AUT [23157030],NIVEL,Nivel medio diario,2017-02-16 00:00,cm,140.770833333333,Definitivo
23157030,BARRANCABERMEJA  - AUT [23157030],NIVEL,Nivel medio diario,2017-02-17 00:00,cm,137.895833333333,Definitivo
23157030,BARRANCABERMEJA  - AUT [23157030],NIVEL,Nivel medio diario,2017-02-18 00:00,cm,138.041666666667,Definitivo
23157030,BARRANCABERMEJA  - AUT [23157030],NIVEL,Nivel medio diario,2017-02-19 00:00,cm,149.666666666667,Definitivo
23157030,BARRANCABERMEJA  - AUT [23157030],NIVEL,Nivel medio diario,2017-02-20 00:00,cm,120.708333333333,Definitivo
23157030,BARRANCABERMEJA  - AUT [23157030],NIVEL,Nivel medio diario,2017-02-21 00:00,cm,127.895833333333,Definitivo
23157030,BARRANCABERMEJA  - AUT [23157030],NIVEL,Nivel medio diario,2017-02-22 00:00,cm,149.4375,Definitivo
23157030,BARRANCABERMEJA  - AUT [23157030],NIVEL,Nivel medio diario,2017-02-23 00:00,cm,125.333333333333,Definitivo
23157030,BARRANCABERMEJA  - AUT [23157030],NIVEL,Nivel medio diario,2017-02-24 00:00,cm,134.354166666667,Definitivo
23157030,BARRANCABERMEJA  - AUT [23157030],NIVEL,Nivel medio diario,2017-02-25 00:00,cm,153.291666666667,Definitivo
23157030,BARRANCABERMEJA  - AUT [23157030],NIVEL,Nivel medio diario,2017-02-26 00:00,cm,175.645833333333,Definitivo
23157030,BARRANCABERMEJA  - AUT [23157030],NIVEL,Nivel medio diario,2017-02-27 00:00,cm,196.041666666667,Definitivo
23157030,BARRANCABERMEJA  - AUT [23157030],NIVEL,Nivel medio diario,2017-02-28 00:00,cm,193.020833333333,Definitivo
23157030,BARRANCABERMEJA  - AUT [23157030],NIVEL,Nivel medio diario,2017-03-01 00:00,cm,183.166666666667,Definitivo
23157030,BARRANCABERMEJA  - AUT [23157030],NIVEL,Nivel medio diario,2017-03-02 00:00,cm,195.104166666667,Definitivo
23157030,BARRANCABERMEJA  - AUT [23157030],NIVEL,Nivel medio diario,2017-03-03 00:00,cm,186.770833333333,Definitivo
23157030,BARRANCABERMEJA  - AUT [23157030],NIVEL,Nivel medio diario,2017-03-04 00:00,cm,206.625,Definitivo
23157030,BARRANCABERMEJA  - AUT [23157030],NIVEL,Nivel medio diario,2017-03-05 00:00,cm,234.791666666667,Definitivo
23157030,BARRANCABERMEJA  - AUT [23157030],NIVEL,Nivel medio diario,2017-03-06 00:00,cm,222.75,Definitivo
23157030,BARRANCABERMEJA  - AUT [23157030],NIVEL,Nivel medio diario,2017-03-07 00:00,cm,201.645833333333,Definitivo
23157030,BARRANCABERMEJA  - AUT [23157030],NIVEL,Nivel medio diario,2017-03-08 00:00,cm,269.458333333333,Definitivo
23157030,BARRANCABERMEJA  - AUT [23157030],NIVEL,Nivel medio diario,2017-03-09 00:00,cm,291.541666666667,Definitivo
23157030,BARRANCABERMEJA  - AUT [23157030],NIVEL,Nivel medio diario,2017-03-10 00:00,cm,243.479166666667,Definitivo
23157030,BARRANCABERMEJA  - AUT [23157030],NIVEL,Nivel medio diario,2017-03-11 00:00,cm,258.708333333333,Definitivo
23157030,BARRANCABERMEJA  - AUT [23157030],NIVEL,Nivel medio diario,2017-03-12 00:00,cm,266.458333333333,Definitivo
23157030,BARRANCABERMEJA  - AUT [23157030],NIVEL,Nivel medio diario,2017-03-13 00:00,cm,318.3125,Definitivo
23157030,BARRANCABERMEJA  - AUT [23157030],NIVEL,Nivel medio diario,2017-03-14 00:00,cm,314.645833333333,Definitivo
23157030,BARRANCABERMEJA  - AUT [23157030],NIVEL,Nivel medio diario,2017-03-15 00:00,cm,333.5625,Definitivo
23157030,BARRANCABERMEJA  - AUT [23157030],NIVEL,Nivel medio diario,2017-03-16 00:00,cm,378.645833333333,Definitivo
23157030,BARRANCABERMEJA  - AUT [23157030],NIVEL,Nivel medio diario,2017-03-17 00:00,cm,398.698575,Definitivo
23157030,BARRANCABERMEJA  - AUT [23157030],NIVEL,Nivel medio diario,2017-03-18 00:00,cm,379.322275,Definitivo
23157030,BARRANCABERMEJA  - AUT [23157030],NIVEL,Nivel medio diario,2017-03-19 00:00,cm,362.270833333333,Definitivo
23157030,BARRANCABERMEJA  - AUT [23157030],NIVEL,Nivel medio diario,2017-03-20 00:00,cm,319.645833333333,Definitivo
23157030,BARRANCABERMEJA  - AUT [23157030],NIVEL,Nivel medio diario,2017-03-21 00:00,cm,316.166666666667,Definitivo
23157030,BARRANCABERMEJA  - AUT [23157030],NIVEL,Nivel medio diario,2017-03-22 00:00,cm,307.75,Definitivo
23157030,BARRANCABERMEJA  - AUT [23157030],NIVEL,Nivel medio diario,2017-03-23 00:00,cm,302.0625,Definitivo
23157030,BARRANCABERMEJA  - AUT [23157030],NIVEL,Nivel medio diario,2017-03-24 00:00,cm,330.958333333333,Definitivo
23157030,BARRANCABERMEJA  - AUT [23157030],NIVEL,Nivel medio diario,2017-03-25 00:00,cm,346.375,Definitivo
23157030,BARRANCABERMEJA  - AUT [23157030],NIVEL,Nivel medio diario,2017-03-26 00:00,cm,335.75,Definitivo
23157030,BARRANCABERMEJA  - AUT [23157030],NIVEL,Nivel medio diario,2017-03-27 00:00,cm,396.0625,Definitivo
23157030,BARRANCABERMEJA  - AUT [23157030],NIVEL,Nivel medio diario,2017-03-28 00:00,cm,382.458333333333,Definitivo
23157030,BARRANCABERMEJA  - AUT [23157030],NIVEL,Nivel medio diario,2017-03-29 00:00,cm,362.729166666667,Definitivo
23157030,BARRANCABERMEJA  - AUT [23157030],NIVEL,Nivel medio diario,2017-03-30 00:00,cm,371.979166666667,Definitivo
23157030,BARRANCABERMEJA  - AUT [23157030],NIVEL,Nivel medio diario,2017-03-31 00:00,cm,401.458333333333,Definitivo
23157030,BARRANCABERMEJA  - AUT [23157030],NIVEL,Nivel medio diario,2017-04-01 00:00,cm,418.979166666667,Definitivo
23157030,BARRANCABERMEJA  - AUT [23157030],NIVEL,Nivel medio diario,2017-04-02 00:00,cm,428.041666666667,Definitivo
23157030,BARRANCABERMEJA  - AUT [23157030],NIVEL,Nivel medio diario,2017-04-03 00:00,cm,420.645833333333,Definitivo
23157030,BARRANCABERMEJA  - AUT [23157030],NIVEL,Nivel medio diario,2017-04-04 00:00,cm,422.25,Definitivo
23157030,BARRANCABERMEJA  - AUT [23157030],NIVEL,Nivel medio diario,2017-04-05 00:00,cm,410.75,Definitivo
23157030,BARRANCABERMEJA  - AUT [23157030],NIVEL,Nivel medio diario,2017-04-06 00:00,cm,359.375,Definitivo
23157030,BARRANCABERMEJA  - AUT [23157030],NIVEL,Nivel medio diario,2017-04-07 00:00,cm,310.875,Definitivo
23157030,BARRANCABERMEJA  - AUT [23157030],NIVEL,Nivel medio diario,2017-04-08 00:00,cm,286.916666666667,Definitivo
23157030,BARRANCABERMEJA  - AUT [23157030],NIVEL,Nivel medio diario,2017-04-09 00:00,cm,306.1875,Definitivo
23157030,BARRANCABERMEJA  - AUT [23157030],NIVEL,Nivel medio diario,2017-04-10 00:00,cm,328.208333333333,Definitivo
23157030,BARRANCABERMEJA  - AUT [23157030],NIVEL,Nivel medio diario,2017-04-11 00:00,cm,321.416666666667,Definitivo
23157030,BARRANCABERMEJA  - AUT [23157030],NIVEL,Nivel medio diario,2017-04-12 00:00,cm,349.166666666667,Definitivo
23157030,BARRANCABERMEJA  - AUT [23157030],NIVEL,Nivel medio diario,2017-04-13 00:00,cm,367.166666666667,Definitivo
23157030,BARRANCABERMEJA  - AUT [23157030],NIVEL,Nivel medio diario,2017-04-14 00:00,cm,344.5625,Definitivo
23157030,BARRANCABERMEJA  - AUT [23157030],NIVEL,Nivel medio diario,2017-04-15 00:00,cm,360.979166666667,Definitivo
23157030,BARRANCABERMEJA  - AUT [23157030],NIVEL,Nivel medio diario,2017-04-16 00:00,cm,366.333333333333,Definitivo
23157030,BARRANCABERMEJA  - AUT [23157030],NIVEL,Nivel medio diario,2017-04-17 00:00,cm,319.8125,Definitivo
23157030,BARRANCABERMEJA  - AUT [23157030],NIVEL,Nivel medio diario,2017-04-18 00:00,cm,327.041666666667,Definitivo
23157030,BARRANCABERMEJA  - AUT [23157030],NIVEL,Nivel medio diario,2017-04-19 00:00,cm,306.104166666667,Definitivo
23157030,BARRANCABERMEJA  - AUT [23157030],NIVEL,Nivel medio diario,2017-04-20 00:00,cm,356.104166666667,Definitivo
23157030,BARRANCABERMEJA  - AUT [23157030],NIVEL,Nivel medio diario,2017-04-21 00:00,cm,364.625,Definitivo
23157030,BARRANCABERMEJA  - AUT [23157030],NIVEL,Nivel medio diario,2017-04-22 00:00,cm,377.854166666667,Definitivo
23157030,BARRANCABERMEJA  - AUT [23157030],NIVEL,Nivel medio diario,2017-04-23 00:00,cm,375.208333333333,Definitivo
23157030,BARRANCABERMEJA  - AUT [23157030],NIVEL,Nivel medio diario,2017-04-24 00:00,cm,358.4375,Definitivo
23157030,BARRANCABERMEJA  - AUT [23157030],NIVEL,Nivel medio diario,2017-04-25 00:00,cm,345.458333333333,Definitivo
23157030,BARRANCABERMEJA  - AUT [23157030],NIVEL,Nivel medio diario,2017-04-26 00:00,cm,311.0625,Definitivo
23157030,BARRANCABERMEJA  - AUT [23157030],NIVEL,Nivel medio diario,2017-04-27 00:00,cm,360.729166666667,Definitivo
23157030,BARRANCABERMEJA  - AUT [23157030],NIVEL,Nivel medio diario,2017-04-28 00:00,cm,373.25,Definitivo
23157030,BARRANCABERMEJA  - AUT [23157030],NIVEL,Nivel medio diario,2017-04-29 00:00,cm,358.604166666667,Definitivo
23157030,BARRANCABERMEJA  - AUT [23157030],NIVEL,Nivel medio diario,2017-04-30 00:00,cm,314.5625,Definitivo
23157030,BARRANCABERMEJA  - AUT [23157030],NIVEL,Nivel medio diario,2017-05-01 00:00,cm,335.875,Definitivo
23157030,BARRANCABERMEJA  - AUT [23157030],NIVEL,Nivel medio diario,2017-05-02 00:00,cm,317.041666666667,Definitivo
23157030,BARRANCABERMEJA  - AUT [23157030],NIVEL,Nivel medio diario,2017-05-03 00:00,cm,383.166666666667,Definitivo
23157030,BARRANCABERMEJA  - AUT [23157030],NIVEL,Nivel medio diario,2017-05-04 00:00,cm,391.1875,Definitivo
23157030,BARRANCABERMEJA  - AUT [23157030],NIVEL,Nivel medio diario,2017-05-05 00:00,cm,380.6875,Definitivo
23157030,BARRANCABERMEJA  - AUT [23157030],NIVEL,Nivel medio diario,2017-05-06 00:00,cm,380.166666666667,Definitivo
23157030,BARRANCABERMEJA  - AUT [23157030],NIVEL,Nivel medio diario,2017-05-07 00:00,cm,409.5,Definitivo
23157030,BARRANCABERMEJA  - AUT [23157030],NIVEL,Nivel medio diario,2017-05-08 00:00,cm,423.0625,Definitivo
23157030,BARRANCABERMEJA  - AUT [23157030],NIVEL,Nivel medio diario,2017-05-09 00:00,cm,433.854166666667,Definitivo
23157030,BARRANCABERMEJA  - AUT [23157030],NIVEL,Nivel medio diario,2017-05-10 00:00,cm,444.9375,Definitivo
23157030,BARRANCABERMEJA  - AUT [23157030],NIVEL,Nivel medio diario,2017-05-11 00:00,cm,455.479166666667,Definitivo
23157030,BARRANCABERMEJA  - AUT [23157030],NIVEL,Nivel medio diario,2017-05-12 00:00,cm,473.166666666667,Definitivo
23157030,BARRANCABERMEJA  - AUT [23157030],NIVEL,Nivel medio diario,2017-05-13 00:00,cm,475.979166666667,Definitivo
23157030,BARRANCABERMEJA  - AUT [23157030],NIVEL,Nivel medio diario,2017-05-14 00:00,cm,474.604166666667,Definitivo
23157030,BARRANCABERMEJA  - AUT [23157030],NIVEL,Nivel medio diario,2017-05-15 00:00,cm,475.625,Definitivo
23157030,BARRANCABERMEJA  - AUT [23157030],NIVEL,Nivel medio diario,2017-05-16 00:00,cm,477.145833333333,Definitivo
23157030,BARRANCABERMEJA  - AUT [23157030],NIVEL,Nivel medio diario,2017-05-17 00:00,cm,481.020833333333,Definitivo
23157030,BARRANCABERMEJA  - AUT [23157030],NIVEL,Nivel medio diario,2017-05-18 00:00,cm,483.916666666667,Definitivo
23157030,BARRANCABERMEJA  - AUT [23157030],NIVEL,Nivel medio diario,2017-05-19 00:00,cm,486.729166666667,Definitivo
23157030,BARRANCABERMEJA  - AUT [23157030],NIVEL,Nivel medio diario,2017-05-20 00:00,cm,488.333333333333,Definitivo
23157030,BARRANCABERMEJA  - AUT [23157030],NIVEL,Nivel medio diario,2017-05-21 00:00,cm,492.1875,Definitivo
23157030,BARRANCABERMEJA  - AUT [23157030],NIVEL,Nivel medio diario,2017-05-22 00:00,cm,480.479166666667,Definitivo
23157030,BARRANCABERMEJA  - AUT [23157030],NIVEL,Nivel medio diario,2017-05-23 00:00,cm,461.5,Definitivo
23157030,BARRANCABERMEJA  - AUT [23157030],NIVEL,Nivel medio diario,2017-05-24 00:00,cm,426.9375,Definitivo
23157030,BARRANCABERMEJA  - AUT [23157030],NIVEL,Nivel medio diario,2017-05-25 00:00,cm,415.270833333333,Definitivo
23157030,BARRANCABERMEJA  - AUT [23157030],NIVEL,Nivel medio diario,2017-05-26 00:00,cm,393.291666666667,Definitivo
23157030,BARRANCABERMEJA  - AUT [23157030],NIVEL,Nivel medio diario,2017-05-27 00:00,cm,340.6875,Definitivo
23157030,BARRANCABERMEJA  - AUT [23157030],NIVEL,Nivel medio diario,2017-05-28 00:00,cm,309.75,Definitivo
23157030,BARRANCABERMEJA  - AUT [23157030],NIVEL,Nivel medio diario,2017-05-29 00:00,cm,275.229166666667,Definitivo
23157030,BARRANCABERMEJA  - AUT [23157030],NIVEL,Nivel medio diario,2017-05-30 00:00,cm,275.833333333333,Definitivo
23157030,BARRANCABERMEJA  - AUT [23157030],NIVEL,Nivel medio diario,2017-05-31 00:00,cm,313.625,Definitivo
23157030,BARRANCABERMEJA  - AUT [23157030],NIVEL,Nivel medio diario,2017-06-01 00:00,cm,256.6875,Definitivo
23157030,BARRANCABERMEJA  - AUT [23157030],NIVEL,Nivel medio diario,2017-06-02 00:00,cm,272.916666666667,Definitivo
23157030,BARRANCABERMEJA  - AUT [23157030],NIVEL,Nivel medio diario,2017-06-03 00:00,cm,285.145833333333,Definitivo
23157030,BARRANCABERMEJA  - AUT [23157030],NIVEL,Nivel medio diario,2017-06-04 00:00,cm,242.8125,Definitivo
23157030,BARRANCABERMEJA  - AUT [23157030],NIVEL,Nivel medio diario,2017-06-05 00:00,cm,234.6875,Definitivo
23157030,BARRANCABERMEJA  - AUT [23157030],NIVEL,Nivel medio diario,2017-06-06 00:00,cm,227.25,Definitivo
23157030,BARRANCABERMEJA  - AUT [23157030],NIVEL,Nivel medio diario,2017-06-07 00:00,cm,217.4375,Definitivo
23157030,BARRANCABERMEJA  - AUT [23157030],NIVEL,Nivel medio diario,2017-06-08 00:00,cm,272.083333333333,Definitivo
23157030,BARRANCABERMEJA  - AUT [23157030],NIVEL,Nivel medio diario,2017-06-09 00:00,cm,289.520833333333,Definitivo
23157030,BARRANCABERMEJA  - AUT [23157030],NIVEL,Nivel medio diario,2017-06-10 00:00,cm,269.3125,Definitivo
23157030,BARRANCABERMEJA  - AUT [23157030],NIVEL,Nivel medio diario,2017-06-11 00:00,cm,241.4375,Definitivo
23157030,BARRANCABERMEJA  - AUT [23157030],NIVEL,Nivel medio diario,2017-06-12 00:00,cm,275.020833333333,Definitivo
23157030,BARRANCABERMEJA  - AUT [23157030],NIVEL,Nivel medio diario,2017-06-13 00:00,cm,299.541666666667,Definitivo
23157030,BARRANCABERMEJA  - AUT [23157030],NIVEL,Nivel medio diario,2017-06-14 00:00,cm,299.395833333333,Definitivo
23157030,BARRANCABERMEJA  - AUT [23157030],NIVEL,Nivel medio diario,2017-06-15 00:00,cm,316.354166666667,Definitivo
23157030,BARRANCABERMEJA  - AUT [23157030],NIVEL,Nivel medio diario,2017-06-16 00:00,cm,349.145833333333,Definitivo
23157030,BARRANCABERMEJA  - AUT [23157030],NIVEL,Nivel medio diario,2017-06-17 00:00,cm,319.979166666667,Definitivo
23157030,BARRANCABERMEJA  - AUT [23157030],NIVEL,Nivel medio diario,2017-06-18 00:00,cm,312.75,Definitivo
23157030,BARRANCABERMEJA  - AUT [23157030],NIVEL,Nivel medio diario,2017-06-19 00:00,cm,325.895833333333,Definitivo
23157030,BARRANCABERMEJA  - AUT [23157030],NIVEL,Nivel medio diario,2017-06-20 00:00,cm,337.6875,Definitivo
23157030,BARRANCABERMEJA  - AUT [23157030],NIVEL,Nivel medio diario,2017-06-21 00:00,cm,310.666666666667,Definitivo
23157030,BARRANCABERMEJA  - AUT [23157030],NIVEL,Nivel medio diario,2017-06-22 00:00,cm,315.895833333333,Definitivo
23157030,BARRANCABERMEJA  - AUT [23157030],NIVEL,Nivel medio diario,2017-06-23 00:00,cm,289.0625,Definitivo
23157030,BARRANCABERMEJA  - AUT [23157030],NIVEL,Nivel medio diario,2017-06-24 00:00,cm,290.833333333333,Definitivo
23157030,BARRANCABERMEJA  - AUT [23157030],NIVEL,Nivel medio diario,2017-06-25 00:00,cm,263.291666666667,Definitivo
23157030,BARRANCABERMEJA  - AUT [23157030],NIVEL,Nivel medio diario,2017-06-26 00:00,cm,259.583333333333,Definitivo
23157030,BARRANCABERMEJA  - AUT [23157030],NIVEL,Nivel medio diario,2017-06-27 00:00,cm,302.333333333333,Definitivo
23157030,BARRANCABERMEJA  - AUT [23157030],NIVEL,Nivel medio diario,2017-06-28 00:00,cm,290.3125,Definitivo
23157030,BARRANCABERMEJA  - AUT [23157030],NIVEL,Nivel medio diario,2017-06-29 00:00,cm,282.291666666667,Definitivo
23157030,BARRANCABERMEJA  - AUT [23157030],NIVEL,Nivel medio diario,2017-06-30 00:00,cm,275.395833333333,Definitivo
23157030,BARRANCABERMEJA  - AUT [23157030],NIVEL,Nivel medio diario,2017-07-01 00:00,cm,326.458333333333,Definitivo
23157030,BARRANCABERMEJA  - AUT [23157030],NIVEL,Nivel medio diario,2017-07-02 00:00,cm,278.395833333333,Definitivo
23157030,BARRANCABERMEJA  - AUT [23157030],NIVEL,Nivel medio diario,2017-07-03 00:00,cm,249.416666666667,Definitivo
23157030,BARRANCABERMEJA  - AUT [23157030],NIVEL,Nivel medio diario,2017-07-04 00:00,cm,243.5,Definitivo
23157030,BARRANCABERMEJA  - AUT [23157030],NIVEL,Nivel medio diario,2017-07-05 00:00,cm,227.083333333333,Definitivo
23157030,BARRANCABERMEJA  - AUT [23157030],NIVEL,Nivel medio diario,2017-07-06 00:00,cm,228.270833333333,Definitivo
23157030,BARRANCABERMEJA  - AUT [23157030],NIVEL,Nivel medio diario,2017-07-07 00:00,cm,209.229166666667,Definitivo
23157030,BARRANCABERMEJA  - AUT [23157030],NIVEL,Nivel medio diario,2017-07-08 00:00,cm,158.833333333333,Definitivo
23157030,BARRANCABERMEJA  - AUT [23157030],NIVEL,Nivel medio diario,2017-07-09 00:00,cm,134.958333333333,Definitivo
23157030,BARRANCABERMEJA  - AUT [23157030],NIVEL,Nivel medio diario,2017-07-10 00:00,cm,146.979166666667,Definitivo
23157030,BARRANCABERMEJA  - AUT [23157030],NIVEL,Nivel medio diario,2017-07-11 00:00,cm,163.979166666667,Definitivo
23157030,BARRANCABERMEJA  - AUT [23157030],NIVEL,Nivel medio diario,2017-07-12 00:00,cm,190.479166666667,Definitivo
23157030,BARRANCABERMEJA  - AUT [23157030],NIVEL,Nivel medio diario,2017-07-13 00:00,cm,183.666666666667,Definitivo
23157030,BARRANCABERMEJA  - AUT [23157030],NIVEL,Nivel medio diario,2017-07-14 00:00,cm,217.875,Definitivo
23157030,BARRANCABERMEJA  - AUT [23157030],NIVEL,Nivel medio diario,2017-07-15 00:00,cm,205.604166666667,Definitivo
23157030,BARRANCABERMEJA  - AUT [23157030],NIVEL,Nivel medio diario,2017-07-16 00:00,cm,194.0625,Definitivo
23157030,BARRANCABERMEJA  - AUT [23157030],NIVEL,Nivel medio diario,2017-07-17 00:00,cm,201.958333333333,Definitivo
23157030,BARRANCABERMEJA  - AUT [23157030],NIVEL,Nivel medio diario,2017-07-18 00:00,cm,213.145833333333,Definitivo
23157030,BARRANCABERMEJA  - AUT [23157030],NIVEL,Nivel medio diario,2017-07-19 00:00,cm,191.854166666667,Definitivo
23157030,BARRANCABERMEJA  - AUT [23157030],NIVEL,Nivel medio diario,2017-07-20 00:00,cm,237.145833333333,Definitivo
23157030,BARRANCABERMEJA  - AUT [23157030],NIVEL,Nivel medio diario,2017-07-21 00:00,cm,240.083333333333,Definitivo
23157030,BARRANCABERMEJA  - AUT [23157030],NIVEL,Nivel medio diario,2017-07-22 00:00,cm,222.979166666667,Definitivo
23157030,BARRANCABERMEJA  - AUT [23157030],NIVEL,Nivel medio diario,2017-07-23 00:00,cm,179.520833333333,Definitivo
23157030,BARRANCABERMEJA  - AUT [23157030],NIVEL,Nivel medio diario,2017-07-24 00:00,cm,140.708333333333,Definitivo
23157030,BARRANCABERMEJA  - AUT [23157030],NIVEL,Nivel medio diario,2017-07-25 00:00,cm,140.895833333333,Definitivo
23157030,BARRANCABERMEJA  - AUT [23157030],NIVEL,Nivel medio diario,2017-07-26 00:00,cm,124.270833333333,Definitivo
23157030,BARRANCABERMEJA  - AUT [23157030],NIVEL,Nivel medio diario,2017-07-27 00:00,cm,150.75,Definitivo
23157030,BARRANCABERMEJA  - AUT [23157030],NIVEL,Nivel medio diario,2017-07-28 00:00,cm,158.083333333333,Definitivo
23157030,BARRANCABERMEJA  - AUT [23157030],NIVEL,Nivel medio diario,2017-07-29 00:00,cm,174.604166666667,Definitivo
23157030,BARRANCABERMEJA  - AUT [23157030],NIVEL,Nivel medio diario,2017-07-30 00:00,cm,138.375,Definitivo
23157030,BARRANCABERMEJA  - AUT [23157030],NIVEL,Nivel medio diario,2017-07-31 00:00,cm,181.645833333333,Definitivo
23157030,BARRANCABERMEJA  - AUT [23157030],NIVEL,Nivel medio diario,2017-08-01 00:00,cm,181.291666666667,Definitivo
23157030,BARRANCABERMEJA  - AUT [23157030],NIVEL,Nivel medio diario,2017-08-02 00:00,cm,159.229166666667,Definitivo
23157030,BARRANCABERMEJA  - AUT [23157030],NIVEL,Nivel medio diario,2017-08-03 00:00,cm,147.5,Definitivo
23157030,BARRANCABERMEJA  - AUT [23157030],NIVEL,Nivel medio diario,2017-08-04 00:00,cm,139.125,Definitivo
23157030,BARRANCABERMEJA  - AUT [23157030],NIVEL,Nivel medio diario,2017-08-05 00:00,cm,155.1875,Definitivo
23157030,BARRANCABERMEJA  - AUT [23157030],NIVEL,Nivel medio diario,2017-08-06 00:00,cm,148.458333333333,Definitivo
23157030,BARRANCABERMEJA  - AUT [23157030],NIVEL,Nivel medio diario,2017-08-07 00:00,cm,137.958333333333,Definitivo
23157030,BARRANCABERMEJA  - AUT [23157030],NIVEL,Nivel medio diario,2017-08-08 00:00,cm,166.791666666667,Definitivo
23157030,BARRANCABERMEJA  - AUT [23157030],NIVEL,Nivel medio diario,2017-08-09 00:00,cm,171.25,Definitivo
23157030,BARRANCABERMEJA  - AUT [23157030],NIVEL,Nivel medio diario,2017-08-10 00:00,cm,171.291666666667,Definitivo
23157030,BARRANCABERMEJA  - AUT [23157030],NIVEL,Nivel medio diario,2017-08-11 00:00,cm,164.854166666667,Definitivo
23157030,BARRANCABERMEJA  - AUT [23157030],NIVEL,Nivel medio diario,2017-08-12 00:00,cm,199.729166666667,Definitivo
23157030,BARRANCABERMEJA  - AUT [23157030],NIVEL,Nivel medio diario,2017-08-13 00:00,cm,255.270833333333,Definitivo
23157030,BARRANCABERMEJA  - AUT [23157030],NIVEL,Nivel medio diario,2017-08-14 00:00,cm,200.041666666667,Definitivo
23157030,BARRANCABERMEJA  - AUT [23157030],NIVEL,Nivel medio diario,2017-08-15 00:00,cm,154.520833333333,Definitivo
23157030,BARRANCABERMEJA  - AUT [23157030],NIVEL,Nivel medio diario,2017-08-16 00:00,cm,165.1875,Definitivo
23157030,BARRANCABERMEJA  - AUT [23157030],NIVEL,Nivel medio diario,2017-08-17 00:00,cm,178.854166666667,Definitivo
23157030,BARRANCABERMEJA  - AUT [23157030],NIVEL,Nivel medio diario,2017-08-18 00:00,cm,161.770833333333,Definitivo
23157030,BARRANCABERMEJA  - AUT [23157030],NIVEL,Nivel medio diario,2017-08-19 00:00,cm,179.770833333333,Definitivo
23157030,BARRANCABERMEJA  - AUT [23157030],NIVEL,Nivel medio diario,2017-08-20 00:00,cm,236.979166666667,Definitivo
23157030,BARRANCABERMEJA  - AUT [23157030],NIVEL,Nivel medio diario,2017-08-21 00:00,cm,241.9375,Definitivo
23157030,BARRANCABERMEJA  - AUT [23157030],NIVEL,Nivel medio diario,2017-08-22 00:00,cm,217.291666666667,Definitivo
23157030,BARRANCABERMEJA  - AUT [23157030],NIVEL,Nivel medio diario,2017-08-23 00:00,cm,218.541666666667,Definitivo
23157030,BARRANCABERMEJA  - AUT [23157030],NIVEL,Nivel medio diario,2017-08-24 00:00,cm,205.333333333333,Definitivo
23157030,BARRANCABERMEJA  - AUT [23157030],NIVEL,Nivel medio diario,2017-08-25 00:00,cm,206.375,Definitivo
23157030,BARRANCABERMEJA  - AUT [23157030],NIVEL,Nivel medio diario,2017-08-26 00:00,cm,187.645833333333,Definitivo
23157030,BARRANCABERMEJA  - AUT [23157030],NIVEL,Nivel medio diario,2017-08-27 00:00,cm,174.270833333333,Definitivo
23157030,BARRANCABERMEJA  - AUT [23157030],NIVEL,Nivel medio diario,2017-08-28 00:00,cm,232.375004166667,Definitivo
23157030,BARRANCABERMEJA  - AUT [23157030],NIVEL,Nivel medio diario,2017-08-29 00:00,cm,244.9375,Definitivo
23157030,BARRANCABERMEJA  - AUT [23157030],NIVEL,Nivel medio diario,2017-08-30 00:00,cm,265.041666666667,Definitivo
23157030,BARRANCABERMEJA  - AUT [23157030],NIVEL,Nivel medio diario,2017-08-31 00:00,cm,271.749979166667,Definitivo
23157030,BARRANCABERMEJA  - AUT [23157030],NIVEL,Nivel medio diario,2017-09-01 00:00,cm,223.125,Definitivo
23157030,BARRANCABERMEJA  - AUT [23157030],NIVEL,Nivel medio diario,2017-09-02 00:00,cm,211.708333333333,Definitivo
23157030,BARRANCABERMEJA  - AUT [23157030],NIVEL,Nivel medio diario,2017-09-03 00:00,cm,209.291666666667,Definitivo
23157030,BARRANCABERMEJA  - AUT [23157030],NIVEL,Nivel medio diario,2017-09-04 00:00,cm,210.541670833333,Definitivo
23157030,BARRANCABERMEJA  - AUT [23157030],NIVEL,Nivel medio diario,2017-09-05 00:00,cm,171.218729166667,Definitivo
23157030,BARRANCABERMEJA  - AUT [23157030],NIVEL,Nivel medio diario,2017-09-06 00:00,cm,195.90625,Definitivo
23157030,BARRANCABERMEJA  - AUT [23157030],NIVEL,Nivel medio diario,2017-09-07 00:00,cm,239.875,Definitivo
23157030,BARRANCABERMEJA  - AUT [23157030],NIVEL,Nivel medio diario,2017-09-08 00:00,cm,257.999995833333,Definitivo
23157030,BARRANCABERMEJA  - AUT [23157030],NIVEL,Nivel medio diario,2017-09-09 00:00,cm,253.9375,Definitivo
23157030,BARRANCABERMEJA  - AUT [23157030],NIVEL,Nivel medio diario,2017-09-10 00:00,cm,273.375000000014,Definitivo
23157030,BARRANCABERMEJA  - AUT [23157030],NIVEL,Nivel medio diario,2017-09-11 00:00,cm,263.178571428562,Definitivo
23157030,BARRANCABERMEJA  - AUT [23157030],NIVEL,Nivel medio diario,2017-09-12 00:00,cm,251.821428571429,Definitivo
23157030,BARRANCABERMEJA  - AUT [23157030],NIVEL,Nivel medio diario,2017-09-13 00:00,cm,234.249999999942,Definitivo
23157030,BARRANCABERMEJA  - AUT [23157030],NIVEL,Nivel medio diario,2017-09-14 00:00,cm,275.732142857193,Definitivo
23157030,BARRANCABERMEJA  - AUT [23157030],NIVEL,Nivel medio diario,2017-09-15 00:00,cm,226.455357142857,Definitivo
23157030,BARRANCABERMEJA  - AUT [23157030],NIVEL,Nivel medio diario,2017-09-16 00:00,cm,254.666666666667,Definitivo
23157030,BARRANCABERMEJA  - AUT [23157030],NIVEL,Nivel medio diario,2017-09-17 00:00,cm,291.895816666667,Definitivo
23157030,BARRANCABERMEJA  - AUT [23157030],NIVEL,Nivel medio diario,2017-09-18 00:00,cm,296.7916875,Definitivo
23157030,BARRANCABERMEJA  - AUT [23157030],NIVEL,Nivel medio diario,2017-09-19 00:00,cm,228.583333333333,Definitivo
23157030,BARRANCABERMEJA  - AUT [23157030],NIVEL,Nivel medio diario,2017-09-20 00:00,cm,250.229166666667,Definitivo
23157030,BARRANCABERMEJA  - AUT [23157030],NIVEL,Nivel medio diario,2017-09-21 00:00,cm,300.604166666667,Definitivo
23157030,BARRANCABERMEJA  - AUT [23157030],NIVEL,Nivel medio diario,2017-09-22 00:00,cm,252.000000000036,Definitivo
23157030,BARRANCABERMEJA  - AUT [23157030],NIVEL,Nivel medio diario,2017-09-23 00:00,cm,226.312499999945,Definitivo
23157030,BARRANCABERMEJA  - AUT [23157030],NIVEL,Nivel medio diario,2017-09-24 00:00,cm,285.687500000022,Definitivo
23157030,BARRANCABERMEJA  - AUT [23157030],NIVEL,Nivel medio diario,2017-09-25 00:00,cm,246.374979166667,Definitivo
23157030,BARRANCABERMEJA  - AUT [23157030],NIVEL,Nivel medio diario,2017-09-26 00:00,cm,219.708333333333,Definitivo
23157030,BARRANCABERMEJA  - AUT [23157030],NIVEL,Nivel medio diario,2017-09-27 00:00,cm,193.645833333333,Definitivo
23157030,BARRANCABERMEJA  - AUT [23157030],NIVEL,Nivel medio diario,2017-09-28 00:00,cm,196.791666666667,Definitivo
23157030,BARRANCABERMEJA  - AUT [23157030],NIVEL,Nivel medio diario,2017-09-29 00:00,cm,229.708333333333,Definitivo
23157030,BARRANCABERMEJA  - AUT [23157030],NIVEL,Nivel medio diario,2017-09-30 00:00,cm,240.0625,Definitivo
23157030,BARRANCABERMEJA  - AUT [23157030],NIVEL,Nivel medio diario,2017-10-01 00:00,cm,306.8541625,Definitivo
23157030,BARRANCABERMEJA  - AUT [23157030],NIVEL,Nivel medio diario,2017-10-02 00:00,cm,329.749999999968,Definitivo
23157030,BARRANCABERMEJA  - AUT [23157030],NIVEL,Nivel medio diario,2017-10-03 00:00,cm,363.312500000015,Definitivo
23157030,BARRANCABERMEJA  - AUT [23157030],NIVEL,Nivel medio diario,2017-10-04 00:00,cm,351.18749999997,Definitivo
23157030,BARRANCABERMEJA  - AUT [23157030],NIVEL,Nivel medio diario,2017-10-05 00:00,cm,383.375000000014,Definitivo
23157030,BARRANCABERMEJA  - AUT [23157030],NIVEL,Nivel medio diario,2017-10-06 00:00,cm,359.875000000016,Definitivo
23157030,BARRANCABERMEJA  - AUT [23157030],NIVEL,Nivel medio diario,2017-10-07 00:00,cm,336.250000000013,Definitivo
23157030,BARRANCABERMEJA  - AUT [23157030],NIVEL,Nivel medio diario,2017-10-08 00:00,cm,314.75000000004,Definitivo
23157030,BARRANCABERMEJA  - AUT [23157030],NIVEL,Nivel medio diario,2017-10-09 00:00,cm,267.875000000004,Definitivo
23157030,BARRANCABERMEJA  - AUT [23157030],NIVEL,Nivel medio diario,2017-10-10 00:00,cm,271.124999999999,Definitivo
23157030,BARRANCABERMEJA  - AUT [23157030],NIVEL,Nivel medio diario,2017-10-11 00:00,cm,267.437500000011,Definitivo
23157030,BARRANCABERMEJA  - AUT [23157030],NIVEL,Nivel medio diario,2017-10-12 00:00,cm,274.499999999969,Definitivo
23157030,BARRANCABERMEJA  - AUT [23157030],NIVEL,Nivel medio diario,2017-10-13 00:00,cm,286.246585714332,Definitivo
23157030,BARRANCABERMEJA  - AUT [23157030],NIVEL,Nivel medio diario,2017-10-14 00:00,cm,248.088380952381,Definitivo
23157030,BARRANCABERMEJA  - AUT [23157030],NIVEL,Nivel medio diario,2017-10-15 00:00,cm,224.687541666667,Definitivo
23157030,BARRANCABERMEJA  - AUT [23157030],NIVEL,Nivel medio diario,2017-10-16 00:00,cm,211.604166666667,Definitivo
23157030,BARRANCABERMEJA  - AUT [23157030],NIVEL,Nivel medio diario,2017-10-17 00:00,cm,199.250000000026,Definitivo
23157030,BARRANCABERMEJA  - AUT [23157030],NIVEL,Nivel medio diario,2017-10-18 00:00,cm,173.571428571426,Definitivo
23157030,BARRANCABERMEJA  - AUT [23157030],NIVEL,Nivel medio diario,2017-10-19 00:00,cm,150.616071428571,Definitivo
23157030,BARRANCABERMEJA  - AUT [23157030],NIVEL,Nivel medio diario,2017-10-20 00:00,cm,168.604166666667,Definitivo
23157030,BARRANCABERMEJA  - AUT [23157030],NIVEL,Nivel medio diario,2017-10-21 00:00,cm,172.229166666667,Definitivo
23157030,BARRANCABERMEJA  - AUT [23157030],NIVEL,Nivel medio diario,2017-10-22 00:00,cm,170.770833333333,Definitivo
23157030,BARRANCABERMEJA  - AUT [23157030],NIVEL,Nivel medio diario,2017-10-23 00:00,cm,257.0625,Definitivo
23157030,BARRANCABERMEJA  - AUT [23157030],NIVEL,Nivel medio diario,2017-10-24 00:00,cm,253.875,Definitivo
23157030,BARRANCABERMEJA  - AUT [23157030],NIVEL,Nivel medio diario,2017-10-25 00:00,cm,243.833333333333,Definitivo
23157030,BARRANCABERMEJA  - AUT [23157030],NIVEL,Nivel medio diario,2017-10-26 00:00,cm,208.104166666667,Definitivo
23157030,BARRANCABERMEJA  - AUT [23157030],NIVEL,Nivel medio diario,2017-10-27 00:00,cm,215.75,Definitivo
23157030,BARRANCABERMEJA  - AUT [23157030],NIVEL,Nivel medio diario,2017-10-28 00:00,cm,260.8125,Definitivo
23157030,BARRANCABERMEJA  - AUT [23157030],NIVEL,Nivel medio diario,2017-10-29 00:00,cm,298.25,Definitivo
23157030,BARRANCABERMEJA  - AUT [23157030],NIVEL,Nivel medio diario,2017-10-30 00:00,cm,327.145833333333,Definitivo
23157030,BARRANCABERMEJA  - AUT [23157030],NIVEL,Nivel medio diario,2017-10-31 00:00,cm,288,Definitivo
23157030,BARRANCABERMEJA  - AUT [23157030],NIVEL,Nivel medio diario,2017-11-01 00:00,cm,286.5,Definitivo
23157030,BARRANCABERMEJA  - AUT [23157030],NIVEL,Nivel medio diario,2017-11-02 00:00,cm,285.875,Definitivo
23157030,BARRANCABERMEJA  - AUT [23157030],NIVEL,Nivel medio diario,2017-11-03 00:00,cm,255.458333333333,Definitivo
23157030,BARRANCABERMEJA  - AUT [23157030],NIVEL,Nivel medio diario,2017-11-04 00:00,cm,272.708333333333,Definitivo
23157030,BARRANCABERMEJA  - AUT [23157030],NIVEL,Nivel medio diario,2017-11-05 00:00,cm,351.145833333333,Definitivo
23157030,BARRANCABERMEJA  - AUT [23157030],NIVEL,Nivel medio diario,2017-11-06 00:00,cm,362.4375,Definitivo
23157030,BARRANCABERMEJA  - AUT [23157030],NIVEL,Nivel medio diario,2017-11-07 00:00,cm,356.958333333333,Definitivo
23157030,BARRANCABERMEJA  - AUT [23157030],NIVEL,Nivel medio diario,2017-11-08 00:00,cm,307.166666666667,Definitivo
23157030,BARRANCABERMEJA  - AUT [23157030],NIVEL,Nivel medio diario,2017-11-09 00:00,cm,287.854166666667,Definitivo
23157030,BARRANCABERMEJA  - AUT [23157030],NIVEL,Nivel medio diario,2017-11-10 00:00,cm,311.3125,Definitivo
23157030,BARRANCABERMEJA  - AUT [23157030],NIVEL,Nivel medio diario,2017-11-11 00:00,cm,323.854166666667,Definitivo
23157030,BARRANCABERMEJA  - AUT [23157030],NIVEL,Nivel medio diario,2017-11-12 00:00,cm,322.9375,Definitivo
23157030,BARRANCABERMEJA  - AUT [23157030],NIVEL,Nivel medio diario,2017-11-13 00:00,cm,304.6875,Definitivo
23157030,BARRANCABERMEJA  - AUT [23157030],NIVEL,Nivel medio diario,2017-11-14 00:00,cm,330.1875,Definitivo
23157030,BARRANCABERMEJA  - AUT [23157030],NIVEL,Nivel medio diario,2017-11-15 00:00,cm,333.541666666667,Definitivo
23157030,BARRANCABERMEJA  - AUT [23157030],NIVEL,Nivel medio diario,2017-11-16 00:00,cm,346,Definitivo
23157030,BARRANCABERMEJA  - AUT [23157030],NIVEL,Nivel medio diario,2017-11-17 00:00,cm,392.416666666667,Definitivo
23157030,BARRANCABERMEJA  - AUT [23157030],NIVEL,Nivel medio diario,2017-11-18 00:00,cm,442.4583125,Definitivo
23157030,BARRANCABERMEJA  - AUT [23157030],NIVEL,Nivel medio diario,2017-11-19 00:00,cm,448.916691666667,Definitivo
23157030,BARRANCABERMEJA  - AUT [23157030],NIVEL,Nivel medio diario,2017-11-20 00:00,cm,445.5625,Definitivo
23157030,BARRANCABERMEJA  - AUT [23157030],NIVEL,Nivel medio diario,2017-11-21 00:00,cm,435.0625,Definitivo
23157030,BARRANCABERMEJA  - AUT [23157030],NIVEL,Nivel medio diario,2017-11-22 00:00,cm,406.125,Definitivo
23157030,BARRANCABERMEJA  - AUT [23157030],NIVEL,Nivel medio diario,2017-11-23 00:00,cm,403.083333333333,Definitivo
23157030,BARRANCABERMEJA  - AUT [23157030],NIVEL,Nivel medio diario,2017-11-24 00:00,cm,403.770833333333,Definitivo
23157030,BARRANCABERMEJA  - AUT [23157030],NIVEL,Nivel medio diario,2017-11-25 00:00,cm,396.875,Definitivo
23157030,BARRANCABERMEJA  - AUT [23157030],NIVEL,Nivel medio diario,2017-11-26 00:00,cm,395.208333333333,Definitivo
23157030,BARRANCABERMEJA  - AUT [23157030],NIVEL,Nivel medio diario,2017-11-27 00:00,cm,378.979166666667,Definitivo
23157030,BARRANCABERMEJA  - AUT [23157030],NIVEL,Nivel medio diario,2017-11-28 00:00,cm,361.0625,Definitivo
23157030,BARRANCABERMEJA  - AUT [23157030],NIVEL,Nivel medio diario,2017-11-29 00:00,cm,361.625,Definitivo
23157030,BARRANCABERMEJA  - AUT [23157030],NIVEL,Nivel medio diario,2017-11-30 00:00,cm,353.270833333333,Definitivo
23157030,BARRANCABERMEJA  - AUT [23157030],NIVEL,Nivel medio diario,2017-12-01 00:00,cm,352.1875,Definitivo
23157030,BARRANCABERMEJA  - AUT [23157030],NIVEL,Nivel medio diario,2017-12-02 00:00,cm,326.541666666667,Definitivo
23157030,BARRANCABERMEJA  - AUT [23157030],NIVEL,Nivel medio diario,2017-12-03 00:00,cm,325,Definitivo
23157030,BARRANCABERMEJA  - AUT [23157030],NIVEL,Nivel medio diario,2017-12-04 00:00,cm,263.479166666667,Definitivo
23157030,BARRANCABERMEJA  - AUT [23157030],NIVEL,Nivel medio diario,2017-12-05 00:00,cm,258.979166666667,Definitivo
23157030,BARRANCABERMEJA  - AUT [23157030],NIVEL,Nivel medio diario,2017-12-06 00:00,cm,302.791666666667,Definitivo
23157030,BARRANCABERMEJA  - AUT [23157030],NIVEL,Nivel medio diario,2017-12-07 00:00,cm,244.270833333333,Definitivo
23157030,BARRANCABERMEJA  - AUT [23157030],NIVEL,Nivel medio diario,2017-12-08 00:00,cm,244.520833333333,Definitivo
23157030,BARRANCABERMEJA  - AUT [23157030],NIVEL,Nivel medio diario,2017-12-09 00:00,cm,236.958333333333,Definitivo
23157030,BARRANCABERMEJA  - AUT [23157030],NIVEL,Nivel medio diario,2017-12-10 00:00,cm,279.458333333333,Definitivo
23157030,BARRANCABERMEJA  - AUT [23157030],NIVEL,Nivel medio diario,2017-12-11 00:00,cm,336.333333333333,Definitivo
23157030,BARRANCABERMEJA  - AUT [23157030],NIVEL,Nivel medio diario,2017-12-12 00:00,cm,317.083333333333,Definitivo
23157030,BARRANCABERMEJA  - AUT [23157030],NIVEL,Nivel medio diario,2017-12-13 00:00,cm,296.083333333333,Definitivo
23157030,BARRANCABERMEJA  - AUT [23157030],NIVEL,Nivel medio diario,2017-12-14 00:00,cm,304.375,Definitivo
23157030,BARRANCABERMEJA  - AUT [23157030],NIVEL,Nivel medio diario,2017-12-15 00:00,cm,282.541666666667,Definitivo
23157030,BARRANCABERMEJA  - AUT [23157030],NIVEL,Nivel medio diario,2017-12-16 00:00,cm,268.979166666667,Definitivo
23157030,BARRANCABERMEJA  - AUT [23157030],NIVEL,Nivel medio diario,2017-12-17 00:00,cm,226.916666666667,Definitivo
23157030,BARRANCABERMEJA  - AUT [23157030],NIVEL,Nivel medio diario,2017-12-18 00:00,cm,201.333333333333,Definitivo
23157030,BARRANCABERMEJA  - AUT [23157030],NIVEL,Nivel medio diario,2017-12-19 00:00,cm,199.583333333333,Definitivo
23157030,BARRANCABERMEJA  - AUT [23157030],NIVEL,Nivel medio diario,2017-12-20 00:00,cm,155.541666666667,Definitivo
23157030,BARRANCABERMEJA  - AUT [23157030],NIVEL,Nivel medio diario,2017-12-21 00:00,cm,148.645833333333,Definitivo
23157030,BARRANCABERMEJA  - AUT [23157030],NIVEL,Nivel medio diario,2017-12-22 00:00,cm,155.708333333333,Definitivo
23157030,BARRANCABERMEJA  - AUT [23157030],NIVEL,Nivel medio diario,2017-12-23 00:00,cm,164.819804166667,Definitivo
23157030,BARRANCABERMEJA  - AUT [23157030],NIVEL,Nivel medio diario,2017-12-24 00:00,cm,147.347070833333,Definitivo
23157030,BARRANCABERMEJA  - AUT [23157030],NIVEL,Nivel medio diario,2017-12-25 00:00,cm,165.125,Definitivo
23157030,BARRANCABERMEJA  - AUT [23157030],NIVEL,Nivel medio diario,2017-12-26 00:00,cm,153.270833333333,Definitivo
23157030,BARRANCABERMEJA  - AUT [23157030],NIVEL,Nivel medio diario,2017-12-27 00:00,cm,193.375,Definitivo
23157030,BARRANCABERMEJA  - AUT [23157030],NIVEL,Nivel medio diario,2017-12-28 00:00,cm,207.125,Definitivo
23157030,BARRANCABERMEJA  - AUT [23157030],NIVEL,Nivel medio diario,2017-12-29 00:00,cm,222.541666666667,Definitivo
23157030,BARRANCABERMEJA  - AUT [23157030],NIVEL,Nivel medio diario,2017-12-30 00:00,cm,291.104166666667,Definitivo
23157030,BARRANCABERMEJA  - AUT [23157030],NIVEL,Nivel medio diario,2017-12-31 00:00,cm,259.583333333333,Definitivo
23157030,BARRANCABERMEJA  - AUT [23157030],NIVEL,Nivel medio diario,2018-01-01 00:00,cm,247.770833333333,Definitivo
23157030,BARRANCABERMEJA  - AUT [23157030],NIVEL,Nivel medio diario,2018-01-02 00:00,cm,266.5625,Definitivo
23157030,BARRANCABERMEJA  - AUT [23157030],NIVEL,Nivel medio diario,2018-01-03 00:00,cm,298.270833333333,Definitivo
23157030,BARRANCABERMEJA  - AUT [23157030],NIVEL,Nivel medio diario,2018-01-04 00:00,cm,313.291666666667,Definitivo
23157030,BARRANCABERMEJA  - AUT [23157030],NIVEL,Nivel medio diario,2018-01-05 00:00,cm,306.104166666667,Definitivo
23157030,BARRANCABERMEJA  - AUT [23157030],NIVEL,Nivel medio diario,2018-01-06 00:00,cm,290.416666666667,Definitivo
23157030,BARRANCABERMEJA  - AUT [23157030],NIVEL,Nivel medio diario,2018-01-07 00:00,cm,305.875,Definitivo
23157030,BARRANCABERMEJA  - AUT [23157030],NIVEL,Nivel medio diario,2018-01-08 00:00,cm,271.208333333333,Definitivo
23157030,BARRANCABERMEJA  - AUT [23157030],NIVEL,Nivel medio diario,2018-01-09 00:00,cm,256.104166666667,Definitivo
23157030,BARRANCABERMEJA  - AUT [23157030],NIVEL,Nivel medio diario,2018-01-10 00:00,cm,279.75,Definitivo
23157030,BARRANCABERMEJA  - AUT [23157030],NIVEL,Nivel medio diario,2018-01-11 00:00,cm,294.541666666667,Definitivo
23157030,BARRANCABERMEJA  - AUT [23157030],NIVEL,Nivel medio diario,2018-01-12 00:00,cm,294.041666666667,Definitivo
23157030,BARRANCABERMEJA  - AUT [23157030],NIVEL,Nivel medio diario,2018-01-13 00:00,cm,320.604166666667,Definitivo
23157030,BARRANCABERMEJA  - AUT [23157030],NIVEL,Nivel medio diario,2018-01-14 00:00,cm,325.479166666667,Definitivo
23157030,BARRANCABERMEJA  - AUT [23157030],NIVEL,Nivel medio diario,2018-01-15 00:00,cm,336.520833333333,Definitivo
23157030,BARRANCABERMEJA  - AUT [23157030],NIVEL,Nivel medio diario,2018-01-16 00:00,cm,325.645833333333,Definitivo
23157030,BARRANCABERMEJA  - AUT [23157030],NIVEL,Nivel medio diario,2018-01-17 00:00,cm,323,Definitivo
23157030,BARRANCABERMEJA  - AUT [23157030],NIVEL,Nivel medio diario,2018-01-18 00:00,cm,371.020833333333,Definitivo
23157030,BARRANCABERMEJA  - AUT [23157030],NIVEL,Nivel medio diario,2018-01-19 00:00,cm,323.979166666667,Definitivo
23157030,BARRANCABERMEJA  - AUT [23157030],NIVEL,Nivel medio diario,2018-01-20 00:00,cm,297.0625,Definitivo
23157030,BARRANCABERMEJA  - AUT [23157030],NIVEL,Nivel medio diario,2018-01-21 00:00,cm,295.166666666667,Definitivo
23157030,BARRANCABERMEJA  - AUT [23157030],NIVEL,Nivel medio diario,2018-01-22 00:00,cm,282.041666666667,Definitivo
23157030,BARRANCABERMEJA  - AUT [23157030],NIVEL,Nivel medio diario,2018-01-23 00:00,cm,259.833333333333,Definitivo
23157030,BARRANCABERMEJA  - AUT [23157030],NIVEL,Nivel medio diario,2018-01-24 00:00,cm,234.770833333333,Definitivo
23157030,BARRANCABERMEJA  - AUT [23157030],NIVEL,Nivel medio diario,2018-01-25 00:00,cm,193.916666666667,Definitivo
23157030,BARRANCABERMEJA  - AUT [23157030],NIVEL,Nivel medio diario,2018-01-26 00:00,cm,197.541666666667,Definitivo
23157030,BARRANCABERMEJA  - AUT [23157030],NIVEL,Nivel medio diario,2018-01-27 00:00,cm,195.625,Definitivo
23157030,BARRANCABERMEJA  - AUT [23157030],NIVEL,Nivel medio diario,2018-01-28 00:00,cm,171.458333333333,Definitivo
23157030,BARRANCABERMEJA  - AUT [23157030],NIVEL,Nivel medio diario,2018-01-29 00:00,cm,174.916666666667,Definitivo
23157030,BARRANCABERMEJA  - AUT [23157030],NIVEL,Nivel medio diario,2018-01-30 00:00,cm,160.791666666667,Definitivo
23157030,BARRANCABERMEJA  - AUT [23157030],NIVEL,Nivel medio diario,2018-01-31 00:00,cm,135.041666666667,Definitivo
23157030,BARRANCABERMEJA  - AUT [23157030],NIVEL,Nivel medio diario,2018-02-01 00:00,cm,122.208333333333,Definitivo
23157030,BARRANCABERMEJA  - AUT [23157030],NIVEL,Nivel medio diario,2018-02-02 00:00,cm,158.208333333333,Definitivo
23157030,BARRANCABERMEJA  - AUT [23157030],NIVEL,Nivel medio diario,2018-02-03 00:00,cm,163.145833333333,Definitivo
23157030,BARRANCABERMEJA  - AUT [23157030],NIVEL,Nivel medio diario,2018-02-04 00:00,cm,202.1875,Definitivo
23157030,BARRANCABERMEJA  - AUT [23157030],NIVEL,Nivel medio diario,2018-02-05 00:00,cm,163.104166666667,Definitivo
23157030,BARRANCABERMEJA  - AUT [23157030],NIVEL,Nivel medio diario,2018-02-06 00:00,cm,137.458333333333,Definitivo
23157030,BARRANCABERMEJA  - AUT [23157030],NIVEL,Nivel medio diario,2018-02-07 00:00,cm,148.125,Definitivo
23157030,BARRANCABERMEJA  - AUT [23157030],NIVEL,Nivel medio diario,2018-02-08 00:00,cm,137.1875,Definitivo
23157030,BARRANCABERMEJA  - AUT [23157030],NIVEL,Nivel medio diario,2018-02-09 00:00,cm,129.3125,Definitivo
23157030,BARRANCABERMEJA  - AUT [23157030],NIVEL,Nivel medio diario,2018-02-10 00:00,cm,116.5,Definitivo
23157030,BARRANCABERMEJA  - AUT [23157030],NIVEL,Nivel medio diario,2018-02-11 00:00,cm,142.208333333333,Definitivo
23157030,BARRANCABERMEJA  - AUT [23157030],NIVEL,Nivel medio diario,2018-02-12 00:00,cm,151.479166666667,Definitivo
23157030,BARRANCABERMEJA  - AUT [23157030],NIVEL,Nivel medio diario,2018-02-13 00:00,cm,168.208333333333,Definitivo
23157030,BARRANCABERMEJA  - AUT [23157030],NIVEL,Nivel medio diario,2018-02-14 00:00,cm,166.916666666667,Definitivo
23157030,BARRANCABERMEJA  - AUT [23157030],NIVEL,Nivel medio diario,2018-02-15 00:00,cm,158.666666666667,Definitivo
23157030,BARRANCABERMEJA  - AUT [23157030],NIVEL,Nivel medio diario,2018-02-16 00:00,cm,143.333333333333,Definitivo
23157030,BARRANCABERMEJA  - AUT [23157030],NIVEL,Nivel medio diario,2018-02-17 00:00,cm,149.020833333333,Definitivo
23157030,BARRANCABERMEJA  - AUT [23157030],NIVEL,Nivel medio diario,2018-02-18 00:00,cm,197.020833333333,Definitivo
23157030,BARRANCABERMEJA  - AUT [23157030],NIVEL,Nivel medio diario,2018-02-19 00:00,cm,190.291666666667,Definitivo
23157030,BARRANCABERMEJA  - AUT [23157030],NIVEL,Nivel medio diario,2018-02-20 00:00,cm,163.875,Definitivo
23157030,BARRANCABERMEJA  - AUT [23157030],NIVEL,Nivel medio diario,2018-02-21 00:00,cm,161.645833333333,Definitivo
23157030,BARRANCABERMEJA  - AUT [23157030],NIVEL,Nivel medio diario,2018-02-22 00:00,cm,161.75,Definitivo
23157030,BARRANCABERMEJA  - AUT [23157030],NIVEL,Nivel medio diario,2018-02-23 00:00,cm,162.5625,Definitivo
23157030,BARRANCABERMEJA  - AUT [23157030],NIVEL,Nivel medio diario,2018-02-24 00:00,cm,177.708333333333,Definitivo
23157030,BARRANCABERMEJA  - AUT [23157030],NIVEL,Nivel medio diario,2018-02-25 00:00,cm,188.291666666667,Definitivo
23157030,BARRANCABERMEJA  - AUT [23157030],NIVEL,Nivel medio diario,2018-02-26 00:00,cm,175.041666666667,Definitivo
23157030,BARRANCABERMEJA  - AUT [23157030],NIVEL,Nivel medio diario,2018-02-27 00:00,cm,179.895833333333,Definitivo
23157030,BARRANCABERMEJA  - AUT [23157030],NIVEL,Nivel medio diario,2018-02-28 00:00,cm,220,Definitivo
23157030,BARRANCABERMEJA  - AUT [23157030],NIVEL,Nivel medio diario,2018-03-01 00:00,cm,194.895833333333,Definitivo
23157030,BARRANCABERMEJA  - AUT [23157030],NIVEL,Nivel medio diario,2018-03-02 00:00,cm,174.166666666667,Definitivo
23157030,BARRANCABERMEJA  - AUT [23157030],NIVEL,Nivel medio diario,2018-03-03 00:00,cm,167.020833333333,Definitivo
23157030,BARRANCABERMEJA  - AUT [23157030],NIVEL,Nivel medio diario,2018-03-04 00:00,cm,138.3125,Definitivo
23157030,BARRANCABERMEJA  - AUT [23157030],NIVEL,Nivel medio diario,2018-03-05 00:00,cm,213.270833333333,Definitivo
23157030,BARRANCABERMEJA  - AUT [23157030],NIVEL,Nivel medio diario,2018-03-06 00:00,cm,234.833333333333,Definitivo
23157030,BARRANCABERMEJA  - AUT [23157030],NIVEL,Nivel medio diario,2018-03-07 00:00,cm,219.979166666667,Definitivo
23157030,BARRANCABERMEJA  - AUT [23157030],NIVEL,Nivel medio diario,2018-03-08 00:00,cm,194.333333333333,Definitivo
23157030,BARRANCABERMEJA  - AUT [23157030],NIVEL,Nivel medio diario,2018-03-09 00:00,cm,206.3125,Definitivo
23157030,BARRANCABERMEJA  - AUT [23157030],NIVEL,Nivel medio diario,2018-03-10 00:00,cm,170.479166666667,Definitivo
23157030,BARRANCABERMEJA  - AUT [23157030],NIVEL,Nivel medio diario,2018-03-11 00:00,cm,133.9375,Definitivo
23157030,BARRANCABERMEJA  - AUT [23157030],NIVEL,Nivel medio diario,2018-03-12 00:00,cm,111.3125,Definitivo
23157030,BARRANCABERMEJA  - AUT [23157030],NIVEL,Nivel medio diario,2018-03-13 00:00,cm,107.729166666667,Definitivo
23157030,BARRANCABERMEJA  - AUT [23157030],NIVEL,Nivel medio diario,2018-03-14 00:00,cm,123.1875,Definitivo
23157030,BARRANCABERMEJA  - AUT [23157030],NIVEL,Nivel medio diario,2018-03-15 00:00,cm,115.3125,Definitivo
23157030,BARRANCABERMEJA  - AUT [23157030],NIVEL,Nivel medio diario,2018-03-16 00:00,cm,109.916666666667,Definitivo
23157030,BARRANCABERMEJA  - AUT [23157030],NIVEL,Nivel medio diario,2018-03-17 00:00,cm,131.270833333333,Definitivo
23157030,BARRANCABERMEJA  - AUT [23157030],NIVEL,Nivel medio diario,2018-03-18 00:00,cm,136.604166666667,Definitivo
23157030,BARRANCABERMEJA  - AUT [23157030],NIVEL,Nivel medio diario,2018-03-19 00:00,cm,149.166666666667,Definitivo
23157030,BARRANCABERMEJA  - AUT [23157030],NIVEL,Nivel medio diario,2018-03-20 00:00,cm,168.125,Definitivo
23157030,BARRANCABERMEJA  - AUT [23157030],NIVEL,Nivel medio diario,2018-03-21 00:00,cm,164.583333333333,Definitivo
23157030,BARRANCABERMEJA  - AUT [23157030],NIVEL,Nivel medio diario,2018-03-22 00:00,cm,216.895833333333,Definitivo
23157030,BARRANCABERMEJA  - AUT [23157030],NIVEL,Nivel medio diario,2018-03-23 00:00,cm,211.020833333333,Definitivo
23157030,BARRANCABERMEJA  - AUT [23157030],NIVEL,Nivel medio diario,2018-03-24 00:00,cm,222.479166666667,Definitivo
23157030,BARRANCABERMEJA  - AUT [23157030],NIVEL,Nivel medio diario,2018-03-25 00:00,cm,230.291666666667,Definitivo
23157030,BARRANCABERMEJA  - AUT [23157030],NIVEL,Nivel medio diario,2018-03-26 00:00,cm,238.020833333333,Definitivo
23157030,BARRANCABERMEJA  - AUT [23157030],NIVEL,Nivel medio diario,2018-03-27 00:00,cm,302.479166666667,Definitivo
23157030,BARRANCABERMEJA  - AUT [23157030],NIVEL,Nivel medio diario,2018-03-28 00:00,cm,273.083333333333,Definitivo
23157030,BARRANCABERMEJA  - AUT [23157030],NIVEL,Nivel medio diario,2018-03-29 00:00,cm,263.291666666667,Definitivo
23157030,BARRANCABERMEJA  - AUT [23157030],NIVEL,Nivel medio diario,2018-03-30 00:00,cm,261.583333333333,Definitivo
23157030,BARRANCABERMEJA  - AUT [23157030],NIVEL,Nivel medio diario,2018-03-31 00:00,cm,264.854166666667,Definitivo
23157030,BARRANCABERMEJA  - AUT [23157030],NIVEL,Nivel medio diario,2018-04-01 00:00,cm,268.520833333333,Definitivo
23157030,BARRANCABERMEJA  - AUT [23157030],NIVEL,Nivel medio diario,2018-04-02 00:00,cm,359.354166666667,Definitivo
23157030,BARRANCABERMEJA  - AUT [23157030],NIVEL,Nivel medio diario,2018-04-03 00:00,cm,374.291666666667,Definitivo
23157030,BARRANCABERMEJA  - AUT [23157030],NIVEL,Nivel medio diario,2018-04-04 00:00,cm,387.145833333333,Definitivo
23157030,BARRANCABERMEJA  - AUT [23157030],NIVEL,Nivel medio diario,2018-04-05 00:00,cm,379.895833333333,Definitivo
23157030,BARRANCABERMEJA  - AUT [23157030],NIVEL,Nivel medio diario,2018-04-06 00:00,cm,387.1875,Definitivo
23157030,BARRANCABERMEJA  - AUT [23157030],NIVEL,Nivel medio diario,2018-04-07 00:00,cm,430.1875,Definitivo
23157030,BARRANCABERMEJA  - AUT [23157030],NIVEL,Nivel medio diario,2018-04-08 00:00,cm,394.9375,Definitivo
23157030,BARRANCABERMEJA  - AUT [23157030],NIVEL,Nivel medio diario,2018-04-09 00:00,cm,381.229166666667,Definitivo
23157030,BARRANCABERMEJA  - AUT [23157030],NIVEL,Nivel medio diario,2018-04-10 00:00,cm,367.0625,Definitivo
23157030,BARRANCABERMEJA  - AUT [23157030],NIVEL,Nivel medio diario,2018-04-11 00:00,cm,392.291666666667,Definitivo
23157030,BARRANCABERMEJA  - AUT [23157030],NIVEL,Nivel medio diario,2018-04-12 00:00,cm,380.604166666667,Definitivo
23157030,BARRANCABERMEJA  - AUT [23157030],NIVEL,Nivel medio diario,2018-04-13 00:00,cm,397.8125,Definitivo
23157030,BARRANCABERMEJA  - AUT [23157030],NIVEL,Nivel medio diario,2018-04-14 00:00,cm,380.1875,Definitivo
23157030,BARRANCABERMEJA  - AUT [23157030],NIVEL,Nivel medio diario,2018-04-15 00:00,cm,389.625,Definitivo
23157030,BARRANCABERMEJA  - AUT [23157030],NIVEL,Nivel medio diario,2018-04-16 00:00,cm,380.666666666667,Definitivo
23157030,BARRANCABERMEJA  - AUT [23157030],NIVEL,Nivel medio diario,2018-04-17 00:00,cm,398.166666666667,Definitivo
23157030,BARRANCABERMEJA  - AUT [23157030],NIVEL,Nivel medio diario,2018-04-18 00:00,cm,339.916666666667,Definitivo
23157030,BARRANCABERMEJA  - AUT [23157030],NIVEL,Nivel medio diario,2018-04-19 00:00,cm,323.0625,Definitivo
23157030,BARRANCABERMEJA  - AUT [23157030],NIVEL,Nivel medio diario,2018-04-20 00:00,cm,330.395833333333,Definitivo
23157030,BARRANCABERMEJA  - AUT [23157030],NIVEL,Nivel medio diario,2018-04-21 00:00,cm,281.333333333333,Definitivo
23157030,BARRANCABERMEJA  - AUT [23157030],NIVEL,Nivel medio diario,2018-04-22 00:00,cm,249.4375,Definitivo
23157030,BARRANCABERMEJA  - AUT [23157030],NIVEL,Nivel medio diario,2018-04-23 00:00,cm,257.770833333333,Definitivo
23157030,BARRANCABERMEJA  - AUT [23157030],NIVEL,Nivel medio diario,2018-04-24 00:00,cm,274.520833333333,Definitivo
23157030,BARRANCABERMEJA  - AUT [23157030],NIVEL,Nivel medio diario,2018-04-25 00:00,cm,270.708333333333,Definitivo
23157030,BARRANCABERMEJA  - AUT [23157030],NIVEL,Nivel medio diario,2018-04-26 00:00,cm,318.229166666667,Definitivo
23157030,BARRANCABERMEJA  - AUT [23157030],NIVEL,Nivel medio diario,2018-04-27 00:00,cm,339.333333333333,Definitivo
23157030,BARRANCABERMEJA  - AUT [23157030],NIVEL,Nivel medio diario,2018-04-28 00:00,cm,355.708333333333,Definitivo
23157030,BARRANCABERMEJA  - AUT [23157030],NIVEL,Nivel medio diario,2018-04-29 00:00,cm,342.666666666667,Definitivo
23157030,BARRANCABERMEJA  - AUT [23157030],NIVEL,Nivel medio diario,2018-04-30 00:00,cm,358.604166666645,Definitivo
23157030,BARRANCABERMEJA  - AUT [23157030],NIVEL,Nivel medio diario,2018-05-01 00:00,cm,358.687500000023,Definitivo
23157030,BARRANCABERMEJA  - AUT [23157030],NIVEL,Nivel medio diario,2018-05-02 00:00,cm,334.375000000002,Definitivo
23157030,BARRANCABERMEJA  - AUT [23157030],NIVEL,Nivel medio diario,2018-05-03 00:00,cm,334.249999999993,Definitivo
23157030,BARRANCABERMEJA  - AUT [23157030],NIVEL,Nivel medio diario,2018-05-04 00:00,cm,342.312499999989,Definitivo
23157030,BARRANCABERMEJA  - AUT [23157030],NIVEL,Nivel medio diario,2018-05-05 00:00,cm,355.062500000005,Definitivo
23157030,BARRANCABERMEJA  - AUT [23157030],NIVEL,Nivel medio diario,2018-05-06 00:00,cm,349.874999999985,Definitivo
23157030,BARRANCABERMEJA  - AUT [23157030],NIVEL,Nivel medio diario,2018-05-07 00:00,cm,381.499999999973,Definitivo
23157030,BARRANCABERMEJA  - AUT [23157030],NIVEL,Nivel medio diario,2018-05-08 00:00,cm,411.56249999999,Definitivo
23157030,BARRANCABERMEJA  - AUT [23157030],NIVEL,Nivel medio diario,2018-05-09 00:00,cm,427.062499999982,Definitivo
23157030,BARRANCABERMEJA  - AUT [23157030],NIVEL,Nivel medio diario,2018-05-10 00:00,cm,446.374999999995,Definitivo
23157030,BARRANCABERMEJA  - AUT [23157030],NIVEL,Nivel medio diario,2018-05-11 00:00,cm,454.999999999993,Definitivo
23157030,BARRANCABERMEJA  - AUT [23157030],NIVEL,Nivel medio diario,2018-05-12 00:00,cm,460.937499999998,Definitivo
23157030,BARRANCABERMEJA  - AUT [23157030],NIVEL,Nivel medio diario,2018-05-13 00:00,cm,462.187500000002,Definitivo
23157030,BARRANCABERMEJA  - AUT [23157030],NIVEL,Nivel medio diario,2018-05-14 00:00,cm,458.749999999994,Definitivo
23157030,BARRANCABERMEJA  - AUT [23157030],NIVEL,Nivel medio diario,2018-05-15 00:00,cm,466.499999999997,Definitivo
23157030,BARRANCABERMEJA  - AUT [23157030],NIVEL,Nivel medio diario,2018-05-16 00:00,cm,471.124999999996,Definitivo
23157030,BARRANCABERMEJA  - AUT [23157030],NIVEL,Nivel medio diario,2018-05-17 00:00,cm,475.3125,Definitivo
23157030,BARRANCABERMEJA  - AUT [23157030],NIVEL,Nivel medio diario,2018-05-18 00:00,cm,474.500000000007,Definitivo
23157030,BARRANCABERMEJA  - AUT [23157030],NIVEL,Nivel medio diario,2018-05-19 00:00,cm,467.437499999995,Definitivo
23157030,BARRANCABERMEJA  - AUT [23157030],NIVEL,Nivel medio diario,2018-05-20 00:00,cm,464.750000000007,Definitivo
23157030,BARRANCABERMEJA  - AUT [23157030],NIVEL,Nivel medio diario,2018-05-21 00:00,cm,456.812500000008,Definitivo
23157030,BARRANCABERMEJA  - AUT [23157030],NIVEL,Nivel medio diario,2018-05-22 00:00,cm,448.249999999997,Definitivo
23157030,BARRANCABERMEJA  - AUT [23157030],NIVEL,Nivel medio diario,2018-05-23 00:00,cm,450.250000000006,Definitivo
23157030,BARRANCABERMEJA  - AUT [23157030],NIVEL,Nivel medio diario,2018-05-24 00:00,cm,439.312500000024,Definitivo
23157030,BARRANCABERMEJA  - AUT [23157030],NIVEL,Nivel medio diario,2018-05-25 00:00,cm,405.625000000023,Definitivo
23157030,BARRANCABERMEJA  - AUT [23157030],NIVEL,Nivel medio diario,2018-05-26 00:00,cm,388.250000000004,Definitivo
23157030,BARRANCABERMEJA  - AUT [23157030],NIVEL,Nivel medio diario,2018-05-27 00:00,cm,368.187500000018,Definitivo
23157030,BARRANCABERMEJA  - AUT [23157030],NIVEL,Nivel medio diario,2018-05-28 00:00,cm,352.062499999977,Definitivo
23157030,BARRANCABERMEJA  - AUT [23157030],NIVEL,Nivel medio diario,2018-05-29 00:00,cm,383.25,Definitivo
23157030,BARRANCABERMEJA  - AUT [23157030],NIVEL,Nivel medio diario,2018-05-30 00:00,cm,379.500000000017,Definitivo
23157030,BARRANCABERMEJA  - AUT [23157030],NIVEL,Nivel medio diario,2018-05-31 00:00,cm,366.625000000002,Definitivo
23157030,BARRANCABERMEJA  - AUT [23157030],NIVEL,Nivel medio diario,2018-06-01 00:00,cm,350.250000000019,Definitivo
23157030,BARRANCABERMEJA  - AUT [23157030],NIVEL,Nivel medio diario,2018-06-02 00:00,cm,360.374999999956,Definitivo
23157030,BARRANCABERMEJA  - AUT [23157030],NIVEL,Nivel medio diario,2018-06-03 00:00,cm,388.500000000019,Definitivo
23157030,BARRANCABERMEJA  - AUT [23157030],NIVEL,Nivel medio diario,2018-06-04 00:00,cm,358.500000000026,Definitivo
23157030,BARRANCABERMEJA  - AUT [23157030],NIVEL,Nivel medio diario,2018-06-05 00:00,cm,329.250000000003,Definitivo
23157030,BARRANCABERMEJA  - AUT [23157030],NIVEL,Nivel medio diario,2018-06-06 00:00,cm,321.62500000002,Definitivo
23157030,BARRANCABERMEJA  - AUT [23157030],NIVEL,Nivel medio diario,2018-06-07 00:00,cm,302.749999999992,Definitivo
23157030,BARRANCABERMEJA  - AUT [23157030],NIVEL,Nivel medio diario,2018-06-08 00:00,cm,304.25000000002,Definitivo
23157030,BARRANCABERMEJA  - AUT [23157030],NIVEL,Nivel medio diario,2018-06-09 00:00,cm,272.500000000021,Definitivo
23157030,BARRANCABERMEJA  - AUT [23157030],NIVEL,Nivel medio diario,2018-06-10 00:00,cm,255.125000000004,Definitivo
23157030,BARRANCABERMEJA  - AUT [23157030],NIVEL,Nivel medio diario,2018-06-11 00:00,cm,250.624999999987,Definitivo
23157030,BARRANCABERMEJA  - AUT [23157030],NIVEL,Nivel medio diario,2018-06-12 00:00,cm,272.562499999982,Definitivo
23157030,BARRANCABERMEJA  - AUT [23157030],NIVEL,Nivel medio diario,2018-06-13 00:00,cm,292.125000000005,Definitivo
23157030,BARRANCABERMEJA  - AUT [23157030],NIVEL,Nivel medio diario,2018-06-14 00:00,cm,286.687499999994,Definitivo
23157030,BARRANCABERMEJA  - AUT [23157030],NIVEL,Nivel medio diario,2018-06-15 00:00,cm,285.500000000032,Definitivo
23157030,BARRANCABERMEJA  - AUT [23157030],NIVEL,Nivel medio diario,2018-06-16 00:00,cm,248.624999999999,Definitivo
23157030,BARRANCABERMEJA  - AUT [23157030],NIVEL,Nivel medio diario,2018-06-17 00:00,cm,257.000000000009,Definitivo
23157030,BARRANCABERMEJA  - AUT [23157030],NIVEL,Nivel medio diario,2018-06-18 00:00,cm,244.75000000001,Definitivo
23157030,BARRANCABERMEJA  - AUT [23157030],NIVEL,Nivel medio diario,2018-06-19 00:00,cm,228.624999999996,Definitivo
23157030,BARRANCABERMEJA  - AUT [23157030],NIVEL,Nivel medio diario,2018-06-20 00:00,cm,242.499999999996,Definitivo
23157030,BARRANCABERMEJA  - AUT [23157030],NIVEL,Nivel medio diario,2018-06-21 00:00,cm,234.500000000012,Definitivo
23157030,BARRANCABERMEJA  - AUT [23157030],NIVEL,Nivel medio diario,2018-06-22 00:00,cm,225.625000000002,Definitivo
23157030,BARRANCABERMEJA  - AUT [23157030],NIVEL,Nivel medio diario,2018-06-23 00:00,cm,222.125000000004,Definitivo
23157030,BARRANCABERMEJA  - AUT [23157030],NIVEL,Nivel medio diario,2018-06-24 00:00,cm,227.12499999998,Definitivo
23157030,BARRANCABERMEJA  - AUT [23157030],NIVEL,Nivel medio diario,2018-06-25 00:00,cm,244.250000000012,Definitivo
23157030,BARRANCABERMEJA  - AUT [23157030],NIVEL,Nivel medio diario,2018-06-26 00:00,cm,230.520833333333,Definitivo
23157030,BARRANCABERMEJA  - AUT [23157030],NIVEL,Nivel medio diario,2018-06-27 00:00,cm,236.916666666667,Definitivo
23157030,BARRANCABERMEJA  - AUT [23157030],NIVEL,Nivel medio diario,2018-06-28 00:00,cm,238.625,Definitivo
23157030,BARRANCABERMEJA  - AUT [23157030],NIVEL,Nivel medio diario,2018-06-29 00:00,cm,225.270833333333,Definitivo
23157030,BARRANCABERMEJA  - AUT [23157030],NIVEL,Nivel medio diario,2018-06-30 00:00,cm,198.958333333333,Definitivo
23157030,BARRANCABERMEJA  - AUT [23157030],NIVEL,Nivel medio diario,2018-07-01 00:00,cm,234,Definitivo
23157030,BARRANCABERMEJA  - AUT [23157030],NIVEL,Nivel medio diario,2018-07-02 00:00,cm,214.75,Definitivo
23157030,BARRANCABERMEJA  - AUT [23157030],NIVEL,Nivel medio diario,2018-07-03 00:00,cm,256.708333333333,Definitivo
23157030,BARRANCABERMEJA  - AUT [23157030],NIVEL,Nivel medio diario,2018-07-04 00:00,cm,297.9375,Definitivo
23157030,BARRANCABERMEJA  - AUT [23157030],NIVEL,Nivel medio diario,2018-07-05 00:00,cm,252.1875,Definitivo
23157030,BARRANCABERMEJA  - AUT [23157030],NIVEL,Nivel medio diario,2018-07-06 00:00,cm,244.75,Definitivo
23157030,BARRANCABERMEJA  - AUT [23157030],NIVEL,Nivel medio diario,2018-07-07 00:00,cm,224.0625,Definitivo
23157030,BARRANCABERMEJA  - AUT [23157030],NIVEL,Nivel medio diario,2018-07-08 00:00,cm,203.270833333333,Definitivo
23157030,BARRANCABERMEJA  - AUT [23157030],NIVEL,Nivel medio diario,2018-07-09 00:00,cm,181.854166666667,Definitivo
23157030,BARRANCABERMEJA  - AUT [23157030],NIVEL,Nivel medio diario,2018-07-10 00:00,cm,178.958333333333,Definitivo
23157030,BARRANCABERMEJA  - AUT [23157030],NIVEL,Nivel medio diario,2018-07-11 00:00,cm,176.270833333333,Definitivo
23157030,BARRANCABERMEJA  - AUT [23157030],NIVEL,Nivel medio diario,2018-07-12 00:00,cm,183.125,Definitivo
23157030,BARRANCABERMEJA  - AUT [23157030],NIVEL,Nivel medio diario,2018-07-13 00:00,cm,179.125,Definitivo
23157030,BARRANCABERMEJA  - AUT [23157030],NIVEL,Nivel medio diario,2018-07-14 00:00,cm,171.1875,Definitivo
23157030,BARRANCABERMEJA  - AUT [23157030],NIVEL,Nivel medio diario,2018-07-15 00:00,cm,175.354166666667,Definitivo
23157030,BARRANCABERMEJA  - AUT [23157030],NIVEL,Nivel medio diario,2018-07-16 00:00,cm,182,Definitivo
23157030,BARRANCABERMEJA  - AUT [23157030],NIVEL,Nivel medio diario,2018-07-17 00:00,cm,188.541666666667,Definitivo
23157030,BARRANCABERMEJA  - AUT [23157030],NIVEL,Nivel medio diario,2018-07-18 00:00,cm,182.9375,Definitivo
23157030,BARRANCABERMEJA  - AUT [23157030],NIVEL,Nivel medio diario,2018-07-19 00:00,cm,182.229166666667,Definitivo
23157030,BARRANCABERMEJA  - AUT [23157030],NIVEL,Nivel medio diario,2018-07-20 00:00,cm,152.867117117117,Definitivo
23157030,BARRANCABERMEJA  - AUT [23157030],NIVEL,Nivel medio diario,2018-07-21 00:00,cm,137.216216216216,Definitivo
23157030,BARRANCABERMEJA  - AUT [23157030],NIVEL,Nivel medio diario,2018-07-22 00:00,cm,126.520833333333,Definitivo
23157030,BARRANCABERMEJA  - AUT [23157030],NIVEL,Nivel medio diario,2018-07-23 00:00,cm,140.541666666667,Definitivo
23157030,BARRANCABERMEJA  - AUT [23157030],NIVEL,Nivel medio diario,2018-07-24 00:00,cm,131.520833333333,Definitivo
23157030,BARRANCABERMEJA  - AUT [23157030],NIVEL,Nivel medio diario,2018-07-25 00:00,cm,173,Definitivo
23157030,BARRANCABERMEJA  - AUT [23157030],NIVEL,Nivel medio diario,2018-07-26 00:00,cm,177.104166666667,Definitivo
23157030,BARRANCABERMEJA  - AUT [23157030],NIVEL,Nivel medio diario,2018-07-27 00:00,cm,156.791666666667,Definitivo
23157030,BARRANCABERMEJA  - AUT [23157030],NIVEL,Nivel medio diario,2018-07-28 00:00,cm,196.479166666667,Definitivo
23157030,BARRANCABERMEJA  - AUT [23157030],NIVEL,Nivel medio diario,2018-07-29 00:00,cm,152.229166666667,Definitivo
23157030,BARRANCABERMEJA  - AUT [23157030],NIVEL,Nivel medio diario,2018-07-30 00:00,cm,163.875,Definitivo
23157030,BARRANCABERMEJA  - AUT [23157030],NIVEL,Nivel medio diario,2018-07-31 00:00,cm,195.479166666667,Definitivo
23157030,BARRANCABERMEJA  - AUT [23157030],NIVEL,Nivel medio diario,2018-08-01 00:00,cm,208.770833333333,Definitivo
23157030,BARRANCABERMEJA  - AUT [23157030],NIVEL,Nivel medio diario,2018-08-02 00:00,cm,209.520833333333,Definitivo
23157030,BARRANCABERMEJA  - AUT [23157030],NIVEL,Nivel medio diario,2018-08-03 00:00,cm,230.583333333333,Definitivo
23157030,BARRANCABERMEJA  - AUT [23157030],NIVEL,Nivel medio diario,2018-08-04 00:00,cm,270.375,Definitivo
23157030,BARRANCABERMEJA  - AUT [23157030],NIVEL,Nivel medio diario,2018-08-05 00:00,cm,264.270833333333,Definitivo
23157030,BARRANCABERMEJA  - AUT [23157030],NIVEL,Nivel medio diario,2018-08-06 00:00,cm,285.229166666667,Definitivo
23157030,BARRANCABERMEJA  - AUT [23157030],NIVEL,Nivel medio diario,2018-08-07 00:00,cm,252.666666666667,Definitivo
23157030,BARRANCABERMEJA  - AUT [23157030],NIVEL,Nivel medio diario,2018-08-08 00:00,cm,235.75,Definitivo
23157030,BARRANCABERMEJA  - AUT [23157030],NIVEL,Nivel medio diario,2018-08-09 00:00,cm,197.125,Definitivo
23157030,BARRANCABERMEJA  - AUT [23157030],NIVEL,Nivel medio diario,2018-08-10 00:00,cm,161.1875,Definitivo
23157030,BARRANCABERMEJA  - AUT [23157030],NIVEL,Nivel medio diario,2018-08-11 00:00,cm,124.0625,Definitivo
23157030,BARRANCABERMEJA  - AUT [23157030],NIVEL,Nivel medio diario,2018-08-12 00:00,cm,134.6875,Definitivo
23157030,BARRANCABERMEJA  - AUT [23157030],NIVEL,Nivel medio diario,2018-08-13 00:00,cm,138.979166666667,Definitivo
23157030,BARRANCABERMEJA  - AUT [23157030],NIVEL,Nivel medio diario,2018-08-14 00:00,cm,140.875,Definitivo
23157030,BARRANCABERMEJA  - AUT [23157030],NIVEL,Nivel medio diario,2018-08-15 00:00,cm,118.1875,Definitivo
23157030,BARRANCABERMEJA  - AUT [23157030],NIVEL,Nivel medio diario,2018-08-16 00:00,cm,115.0625,Definitivo
23157030,BARRANCABERMEJA  - AUT [23157030],NIVEL,Nivel medio diario,2018-08-17 00:00,cm,108.270833333333,Definitivo
23157030,BARRANCABERMEJA  - AUT [23157030],NIVEL,Nivel medio diario,2018-08-18 00:00,cm,90.125,Definitivo
23157030,BARRANCABERMEJA  - AUT [23157030],NIVEL,Nivel medio diario,2018-08-19 00:00,cm,118.833333333333,Definitivo
23157030,BARRANCABERMEJA  - AUT [23157030],NIVEL,Nivel medio diario,2018-08-20 00:00,cm,117.145833333333,Definitivo
23157030,BARRANCABERMEJA  - AUT [23157030],NIVEL,Nivel medio diario,2018-08-21 00:00,cm,106.729166666667,Definitivo
23157030,BARRANCABERMEJA  - AUT [23157030],NIVEL,Nivel medio diario,2018-08-22 00:00,cm,82.8541666666667,Definitivo
23157030,BARRANCABERMEJA  - AUT [23157030],NIVEL,Nivel medio diario,2018-08-23 00:00,cm,90.5625,Definitivo
23157030,BARRANCABERMEJA  - AUT [23157030],NIVEL,Nivel medio diario,2018-08-24 00:00,cm,113.395833333333,Definitivo
23157030,BARRANCABERMEJA  - AUT [23157030],NIVEL,Nivel medio diario,2018-08-25 00:00,cm,111.354166666667,Definitivo
23157030,BARRANCABERMEJA  - AUT [23157030],NIVEL,Nivel medio diario,2018-08-26 00:00,cm,129.645833333333,Definitivo
23157030,BARRANCABERMEJA  - AUT [23157030],NIVEL,Nivel medio diario,2018-08-27 00:00,cm,124.75,Definitivo
23157030,BARRANCABERMEJA  - AUT [23157030],NIVEL,Nivel medio diario,2018-08-28 00:00,cm,127.083333333333,Definitivo
23157030,BARRANCABERMEJA  - AUT [23157030],NIVEL,Nivel medio diario,2018-08-29 00:00,cm,96.1666666666667,Definitivo
23157030,BARRANCABERMEJA  - AUT [23157030],NIVEL,Nivel medio diario,2018-08-30 00:00,cm,76.1666666666667,Definitivo
23157030,BARRANCABERMEJA  - AUT [23157030],NIVEL,Nivel medio diario,2018-08-31 00:00,cm,131.583333333333,Definitivo
23157030,BARRANCABERMEJA  - AUT [23157030],NIVEL,Nivel medio diario,2018-09-01 00:00,cm,194.875,Definitivo
23157030,BARRANCABERMEJA  - AUT [23157030],NIVEL,Nivel medio diario,2018-09-02 00:00,cm,224.395833333333,Definitivo
23157030,BARRANCABERMEJA  - AUT [23157030],NIVEL,Nivel medio diario,2018-09-03 00:00,cm,143.666666666667,Definitivo
23157030,BARRANCABERMEJA  - AUT [23157030],NIVEL,Nivel medio diario,2018-09-04 00:00,cm,120.208333333297,Definitivo
23157030,BARRANCABERMEJA  - AUT [23157030],NIVEL,Nivel medio diario,2018-09-05 00:00,cm,185.374999999973,Definitivo
23157030,BARRANCABERMEJA  - AUT [23157030],NIVEL,Nivel medio diario,2018-09-06 00:00,cm,199.499999999976,Definitivo
23157030,BARRANCABERMEJA  - AUT [23157030],NIVEL,Nivel medio diario,2018-09-07 00:00,cm,230.749999999999,Definitivo
23157030,BARRANCABERMEJA  - AUT [23157030],NIVEL,Nivel medio diario,2018-09-08 00:00,cm,231.625000000019,Definitivo
23157030,BARRANCABERMEJA  - AUT [23157030],NIVEL,Nivel medio diario,2018-09-09 00:00,cm,200.124999999997,Definitivo
23157030,BARRANCABERMEJA  - AUT [23157030],NIVEL,Nivel medio diario,2018-09-10 00:00,cm,203.625000000025,Definitivo
23157030,BARRANCABERMEJA  - AUT [23157030],NIVEL,Nivel medio diario,2018-09-11 00:00,cm,176.249999999999,Definitivo
23157030,BARRANCABERMEJA  - AUT [23157030],NIVEL,Nivel medio diario,2018-09-12 00:00,cm,184.874999999978,Definitivo
23157030,BARRANCABERMEJA  - AUT [23157030],NIVEL,Nivel medio diario,2018-09-13 00:00,cm,197.125000000019,Definitivo
23157030,BARRANCABERMEJA  - AUT [23157030],NIVEL,Nivel medio diario,2018-09-14 00:00,cm,183.624999999962,Definitivo
23157030,BARRANCABERMEJA  - AUT [23157030],NIVEL,Nivel medio diario,2018-09-15 00:00,cm,239.374999999989,Definitivo
23157030,BARRANCABERMEJA  - AUT [23157030],NIVEL,Nivel medio diario,2018-09-16 00:00,cm,262.249999999966,Definitivo
23157030,BARRANCABERMEJA  - AUT [23157030],NIVEL,Nivel medio diario,2018-09-17 00:00,cm,288.750000000016,Definitivo
23157030,BARRANCABERMEJA  - AUT [23157030],NIVEL,Nivel medio diario,2018-09-18 00:00,cm,278.999999999991,Definitivo
23157030,BARRANCABERMEJA  - AUT [23157030],NIVEL,Nivel medio diario,2018-09-19 00:00,cm,281.375000000011,Definitivo
23157030,BARRANCABERMEJA  - AUT [23157030],NIVEL,Nivel medio diario,2018-09-20 00:00,cm,267.43750000002,Definitivo
23157030,BARRANCABERMEJA  - AUT [23157030],NIVEL,Nivel medio diario,2018-09-21 00:00,cm,240.375000000026,Definitivo
23157030,BARRANCABERMEJA  - AUT [23157030],NIVEL,Nivel medio diario,2018-09-22 00:00,cm,219.062499999978,Definitivo
23157030,BARRANCABERMEJA  - AUT [23157030],NIVEL,Nivel medio diario,2018-09-23 00:00,cm,253.000000000027,Definitivo
23157030,BARRANCABERMEJA  - AUT [23157030],NIVEL,Nivel medio diario,2018-09-24 00:00,cm,208.562500000004,Definitivo
23157030,BARRANCABERMEJA  - AUT [23157030],NIVEL,Nivel medio diario,2018-09-25 00:00,cm,207.687500000008,Definitivo
23157030,BARRANCABERMEJA  - AUT [23157030],NIVEL,Nivel medio diario,2018-09-26 00:00,cm,199.999999999985,Definitivo
23157030,BARRANCABERMEJA  - AUT [23157030],NIVEL,Nivel medio diario,2018-09-27 00:00,cm,233.374999999949,Definitivo
23157030,BARRANCABERMEJA  - AUT [23157030],NIVEL,Nivel medio diario,2018-09-28 00:00,cm,284.187500000024,Definitivo
23157030,BARRANCABERMEJA  - AUT [23157030],NIVEL,Nivel medio diario,2018-09-29 00:00,cm,245.437500000007,Definitivo
23157030,BARRANCABERMEJA  - AUT [23157030],NIVEL,Nivel medio diario,2018-09-30 00:00,cm,250.562499999985,Definitivo
23157030,BARRANCABERMEJA  - AUT [23157030],NIVEL,Nivel medio diario,2018-10-01 00:00,cm,256.125000000028,Definitivo
23157030,BARRANCABERMEJA  - AUT [23157030],NIVEL,Nivel medio diario,2018-10-02 00:00,cm,226.437499999981,Definitivo
23157030,BARRANCABERMEJA  - AUT [23157030],NIVEL,Nivel medio diario,2018-10-03 00:00,cm,236.625000000017,Definitivo
23157030,BARRANCABERMEJA  - AUT [23157030],NIVEL,Nivel medio diario,2018-10-04 00:00,cm,218.12499999995,Definitivo
23157030,BARRANCABERMEJA  - AUT [23157030],NIVEL,Nivel medio diario,2018-10-05 00:00,cm,273.499999999995,Definitivo
23157030,BARRANCABERMEJA  - AUT [23157030],NIVEL,Nivel medio diario,2018-10-06 00:00,cm,289.749999999953,Definitivo
23157030,BARRANCABERMEJA  - AUT [23157030],NIVEL,Nivel medio diario,2018-10-07 00:00,cm,290.937500000049,Definitivo
23157030,BARRANCABERMEJA  - AUT [23157030],NIVEL,Nivel medio diario,2018-10-08 00:00,cm,299.687499999953,Definitivo
23157030,BARRANCABERMEJA  - AUT [23157030],NIVEL,Nivel medio diario,2018-10-09 00:00,cm,344.874999999982,Definitivo
23157030,BARRANCABERMEJA  - AUT [23157030],NIVEL,Nivel medio diario,2018-10-10 00:00,cm,351.750000000005,Definitivo
23157030,BARRANCABERMEJA  - AUT [23157030],NIVEL,Nivel medio diario,2018-10-11 00:00,cm,357.749999999962,Definitivo
23157030,BARRANCABERMEJA  - AUT [23157030],NIVEL,Nivel medio diario,2018-10-12 00:00,cm,400.999999999989,Definitivo
23157030,BARRANCABERMEJA  - AUT [23157030],NIVEL,Nivel medio diario,2018-10-13 00:00,cm,397.500000000029,Definitivo
23157030,BARRANCABERMEJA  - AUT [23157030],NIVEL,Nivel medio diario,2018-10-14 00:00,cm,362.750000000025,Definitivo
23157030,BARRANCABERMEJA  - AUT [23157030],NIVEL,Nivel medio diario,2018-10-15 00:00,cm,335.250000000006,Definitivo
23157030,BARRANCABERMEJA  - AUT [23157030],NIVEL,Nivel medio diario,2018-10-16 00:00,cm,330.125,Definitivo
23157030,BARRANCABERMEJA  - AUT [23157030],NIVEL,Nivel medio diario,2018-10-17 00:00,cm,335.999999999993,Definitivo
23157030,BARRANCABERMEJA  - AUT [23157030],NIVEL,Nivel medio diario,2018-10-18 00:00,cm,345.124999999995,Definitivo
23157030,BARRANCABERMEJA  - AUT [23157030],NIVEL,Nivel medio diario,2018-10-19 00:00,cm,350.874999999987,Definitivo
23157030,BARRANCABERMEJA  - AUT [23157030],NIVEL,Nivel medio diario,2018-10-20 00:00,cm,367.124999999995,Definitivo
23157030,BARRANCABERMEJA  - AUT [23157030],NIVEL,Nivel medio diario,2018-10-21 00:00,cm,370.750000000003,Definitivo
23157030,BARRANCABERMEJA  - AUT [23157030],NIVEL,Nivel medio diario,2018-10-22 00:00,cm,373.500000000001,Definitivo
23157030,BARRANCABERMEJA  - AUT [23157030],NIVEL,Nivel medio diario,2018-10-23 00:00,cm,365.874999999992,Definitivo
23157030,BARRANCABERMEJA  - AUT [23157030],NIVEL,Nivel medio diario,2018-10-24 00:00,cm,372.250000000033,Definitivo
23157030,BARRANCABERMEJA  - AUT [23157030],NIVEL,Nivel medio diario,2018-10-25 00:00,cm,336.374999999993,Definitivo
23157030,BARRANCABERMEJA  - AUT [23157030],NIVEL,Nivel medio diario,2018-10-26 00:00,cm,341.999999999992,Definitivo
23157030,BARRANCABERMEJA  - AUT [23157030],NIVEL,Nivel medio diario,2018-10-27 00:00,cm,359.12499999999,Definitivo
23157030,BARRANCABERMEJA  - AUT [23157030],NIVEL,Nivel medio diario,2018-10-28 00:00,cm,365.87500000001,Definitivo
23157030,BARRANCABERMEJA  - AUT [23157030],NIVEL,Nivel medio diario,2018-10-29 00:00,cm,341.562500000006,Definitivo
23157030,BARRANCABERMEJA  - AUT [23157030],NIVEL,Nivel medio diario,2018-10-30 00:00,cm,345.687500000007,Definitivo
23157030,BARRANCABERMEJA  - AUT [23157030],NIVEL,Nivel medio diario,2018-10-31 00:00,cm,332.249999999995,Definitivo
23157030,BARRANCABERMEJA  - AUT [23157030],NIVEL,Nivel medio diario,2018-11-01 00:00,cm,344.5,Definitivo
23157030,BARRANCABERMEJA  - AUT [23157030],NIVEL,Nivel medio diario,2018-11-02 00:00,cm,351.624999999956,Definitivo
23157030,BARRANCABERMEJA  - AUT [23157030],NIVEL,Nivel medio diario,2018-11-03 00:00,cm,383.937500000026,Definitivo
23157030,BARRANCABERMEJA  - AUT [23157030],NIVEL,Nivel medio diario,2018-11-04 00:00,cm,358.312500000004,Definitivo
23157030,BARRANCABERMEJA  - AUT [23157030],NIVEL,Nivel medio diario,2018-11-05 00:00,cm,362.99999999997,Definitivo
23157030,BARRANCABERMEJA  - AUT [23157030],NIVEL,Nivel medio diario,2018-11-06 00:00,cm,397.000000000015,Definitivo
23157030,BARRANCABERMEJA  - AUT [23157030],NIVEL,Nivel medio diario,2018-11-07 00:00,cm,368.125000000027,Definitivo
23157030,BARRANCABERMEJA  - AUT [23157030],NIVEL,Nivel medio diario,2018-11-08 00:00,cm,333.750000000026,Definitivo
23157030,BARRANCABERMEJA  - AUT [23157030],NIVEL,Nivel medio diario,2018-11-09 00:00,cm,313.249999999927,Definitivo
23157030,BARRANCABERMEJA  - AUT [23157030],NIVEL,Nivel medio diario,2018-11-10 00:00,cm,394.000000000006,Definitivo
23157030,BARRANCABERMEJA  - AUT [23157030],NIVEL,Nivel medio diario,2018-11-11 00:00,cm,374.687500000013,Definitivo
23157030,BARRANCABERMEJA  - AUT [23157030],NIVEL,Nivel medio diario,2018-11-12 00:00,cm,357.68750000001,Definitivo
23157030,BARRANCABERMEJA  - AUT [23157030],NIVEL,Nivel medio diario,2018-11-13 00:00,cm,354.124999999983,Definitivo
23157030,BARRANCABERMEJA  - AUT [23157030],NIVEL,Nivel medio diario,2018-11-14 00:00,cm,369.250000000011,Definitivo
23157030,BARRANCABERMEJA  - AUT [23157030],NIVEL,Nivel medio diario,2018-11-15 00:00,cm,354.187500000024,Definitivo
23157030,BARRANCABERMEJA  - AUT [23157030],NIVEL,Nivel medio diario,2018-11-16 00:00,cm,323.875000000005,Definitivo
23157030,BARRANCABERMEJA  - AUT [23157030],NIVEL,Nivel medio diario,2018-11-17 00:00,cm,309.000000000004,Definitivo
23157030,BARRANCABERMEJA  - AUT [23157030],NIVEL,Nivel medio diario,2018-11-18 00:00,cm,320.749999999984,Definitivo
23157030,BARRANCABERMEJA  - AUT [23157030],NIVEL,Nivel medio diario,2018-11-19 00:00,cm,339.812499999962,Definitivo
23157030,BARRANCABERMEJA  - AUT [23157030],NIVEL,Nivel medio diario,2018-11-20 00:00,cm,381,Definitivo
23157030,BARRANCABERMEJA  - AUT [23157030],NIVEL,Nivel medio diario,2018-11-21 00:00,cm,385.374999999993,Definitivo
23157030,BARRANCABERMEJA  - AUT [23157030],NIVEL,Nivel medio diario,2018-11-22 00:00,cm,392.625000000002,Definitivo
23157030,BARRANCABERMEJA  - AUT [23157030],NIVEL,Nivel medio diario,2018-11-23 00:00,cm,384.437499999993,Definitivo
23157030,BARRANCABERMEJA  - AUT [23157030],NIVEL,Nivel medio diario,2018-11-24 00:00,cm,391.750000000025,Definitivo
23157030,BARRANCABERMEJA  - AUT [23157030],NIVEL,Nivel medio diario,2018-11-25 00:00,cm,357.437500000017,Definitivo
23157030,BARRANCABERMEJA  - AUT [23157030],NIVEL,Nivel medio diario,2018-11-26 00:00,cm,337.750000000003,Definitivo
23157030,BARRANCABERMEJA  - AUT [23157030],NIVEL,Nivel medio diario,2018-11-27 00:00,cm,340.249999999944,Definitivo
23157030,BARRANCABERMEJA  - AUT [23157030],NIVEL,Nivel medio diario,2018-11-28 00:00,cm,404.750000000013,Definitivo
23157030,BARRANCABERMEJA  - AUT [23157030],NIVEL,Nivel medio diario,2018-11-29 00:00,cm,370.000000000045,Definitivo
23157030,BARRANCABERMEJA  - AUT [23157030],NIVEL,Nivel medio diario,2018-11-30 00:00,cm,324.25,Definitivo
23157030,BARRANCABERMEJA  - AUT [23157030],NIVEL,Nivel medio diario,2018-12-01 00:00,cm,325.624999999988,Definitivo
23157030,BARRANCABERMEJA  - AUT [23157030],NIVEL,Nivel medio diario,2018-12-02 00:00,cm,335.125000000014,Definitivo
23157030,BARRANCABERMEJA  - AUT [23157030],NIVEL,Nivel medio diario,2018-12-03 00:00,cm,315.437500000024,Definitivo
23157030,BARRANCABERMEJA  - AUT [23157030],NIVEL,Nivel medio diario,2018-12-04 00:00,cm,290.937500000001,Definitivo
23157030,BARRANCABERMEJA  - AUT [23157030],NIVEL,Nivel medio diario,2018-12-05 00:00,cm,285.875000000018,Definitivo
23157030,BARRANCABERMEJA  - AUT [23157030],NIVEL,Nivel medio diario,2018-12-06 00:00,cm,263.687499999993,Definitivo
23157030,BARRANCABERMEJA  - AUT [23157030],NIVEL,Nivel medio diario,2018-12-07 00:00,cm,266.062500000028,Definitivo
23157030,BARRANCABERMEJA  - AUT [23157030],NIVEL,Nivel medio diario,2018-12-08 00:00,cm,225.750000000004,Definitivo
23157030,BARRANCABERMEJA  - AUT [23157030],NIVEL,Nivel medio diario,2018-12-09 00:00,cm,225.124999999999,Definitivo
23157030,BARRANCABERMEJA  - AUT [23157030],NIVEL,Nivel medio diario,2018-12-10 00:00,cm,224.187500000017,Definitivo
23157030,BARRANCABERMEJA  - AUT [23157030],NIVEL,Nivel medio diario,2018-12-11 00:00,cm,209.187499999987,Definitivo
23157030,BARRANCABERMEJA  - AUT [23157030],NIVEL,Nivel medio diario,2018-12-12 00:00,cm,231.99999999999,Definitivo
23157030,BARRANCABERMEJA  - AUT [23157030],NIVEL,Nivel medio diario,2018-12-13 00:00,cm,239.93750000002,Definitivo
23157030,BARRANCABERMEJA  - AUT [23157030],NIVEL,Nivel medio diario,2018-12-14 00:00,cm,214.562500000007,Definitivo
23157030,BARRANCABERMEJA  - AUT [23157030],NIVEL,Nivel medio diario,2018-12-15 00:00,cm,202.625000000012,Definitivo
23157030,BARRANCABERMEJA  - AUT [23157030],NIVEL,Nivel medio diario,2018-12-16 00:00,cm,187.062500000015,Definitivo
23157030,BARRANCABERMEJA  - AUT [23157030],NIVEL,Nivel medio diario,2018-12-17 00:00,cm,171.812500000002,Definitivo
23157030,BARRANCABERMEJA  - AUT [23157030],NIVEL,Nivel medio diario,2018-12-18 00:00,cm,170.499999999995,Definitivo
23157030,BARRANCABERMEJA  - AUT [23157030],NIVEL,Nivel medio diario,2018-12-19 00:00,cm,172.875000000011,Definitivo
23157030,BARRANCABERMEJA  - AUT [23157030],NIVEL,Nivel medio diario,2018-12-20 00:00,cm,169.312499999984,Definitivo
23157030,BARRANCABERMEJA  - AUT [23157030],NIVEL,Nivel medio diario,2018-12-21 00:00,cm,194.687499999956,Definitivo
23157030,BARRANCABERMEJA  - AUT [23157030],NIVEL,Nivel medio diario,2018-12-22 00:00,cm,218.75000000004,Definitivo
23157030,BARRANCABERMEJA  - AUT [23157030],NIVEL,Nivel medio diario,2018-12-23 00:00,cm,188.62499999999,Definitivo
23157030,BARRANCABERMEJA  - AUT [23157030],NIVEL,Nivel medio diario,2018-12-24 00:00,cm,187.625000000026,Definitivo
23157030,BARRANCABERMEJA  - AUT [23157030],NIVEL,Nivel medio diario,2018-12-25 00:00,cm,150.562500000033,Definitivo
23157030,BARRANCABERMEJA  - AUT [23157030],NIVEL,Nivel medio diario,2018-12-26 00:00,cm,111.062499999998,Definitivo
23157030,BARRANCABERMEJA  - AUT [23157030],NIVEL,Nivel medio diario,2018-12-27 00:00,cm,117.874999999987,Definitivo
23157030,BARRANCABERMEJA  - AUT [23157030],NIVEL,Nivel medio diario,2018-12-28 00:00,cm,124.250000000019,Definitivo
23157030,BARRANCABERMEJA  - AUT [23157030],NIVEL,Nivel medio diario,2018-12-29 00:00,cm,99.8750000000086,Definitivo
23157030,BARRANCABERMEJA  - AUT [23157030],NIVEL,Nivel medio diario,2018-12-30 00:00,cm,89.5000000000104,Definitivo
23157030,BARRANCABERMEJA  - AUT [23157030],NIVEL,Nivel medio diario,2018-12-31 00:00,cm,77.4999999999688,Definitivo
23157030,BARRANCABERMEJA  - AUT [23157030],NIVEL,Nivel medio diario,2019-01-01 00:00,cm,116.624999999987,Definitivo
23157030,BARRANCABERMEJA  - AUT [23157030],NIVEL,Nivel medio diario,2019-01-02 00:00,cm,110.937500000027,Definitivo
23157030,BARRANCABERMEJA  - AUT [23157030],NIVEL,Nivel medio diario,2019-01-03 00:00,cm,90.4375000000022,Definitivo
23157030,BARRANCABERMEJA  - AUT [23157030],NIVEL,Nivel medio diario,2019-01-04 00:00,cm,89.3749999999889,Definitivo
23157030,BARRANCABERMEJA  - AUT [23157030],NIVEL,Nivel medio diario,2019-01-05 00:00,cm,89.6250000000198,Definitivo
23157030,BARRANCABERMEJA  - AUT [23157030],NIVEL,Nivel medio diario,2019-01-06 00:00,cm,60.7500000000107,Definitivo
23157030,BARRANCABERMEJA  - AUT [23157030],NIVEL,Nivel medio diario,2019-01-07 00:00,cm,58.249999999965,Definitivo
23157030,BARRANCABERMEJA  - AUT [23157030],NIVEL,Nivel medio diario,2019-01-08 00:00,cm,120.124999999986,Definitivo
23157030,BARRANCABERMEJA  - AUT [23157030],NIVEL,Nivel medio diario,2019-01-09 00:00,cm,112.375000000032,Definitivo
23157030,BARRANCABERMEJA  - AUT [23157030],NIVEL,Nivel medio diario,2019-01-10 00:00,cm,76.1874999999889,Definitivo
23157030,BARRANCABERMEJA  - AUT [23157030],NIVEL,Nivel medio diario,2019-01-11 00:00,cm,95.937499999986,Definitivo
23157030,BARRANCABERMEJA  - AUT [23157030],NIVEL,Nivel medio diario,2019-01-12 00:00,cm,109.624999999998,Definitivo
23157030,BARRANCABERMEJA  - AUT [23157030],NIVEL,Nivel medio diario,2019-01-13 00:00,cm,95.3750000000132,Definitivo
23157030,BARRANCABERMEJA  - AUT [23157030],NIVEL,Nivel medio diario,2019-01-14 00:00,cm,83.2499999999934,Definitivo
23157030,BARRANCABERMEJA  - AUT [23157030],NIVEL,Nivel medio diario,2019-01-15 00:00,cm,101.437499999985,Definitivo
23157030,BARRANCABERMEJA  - AUT [23157030],NIVEL,Nivel medio diario,2019-01-16 00:00,cm,120.249999999983,Definitivo
23157030,BARRANCABERMEJA  - AUT [23157030],NIVEL,Nivel medio diario,2019-01-17 00:00,cm,143.937499999988,Definitivo
23157030,BARRANCABERMEJA  - AUT [23157030],NIVEL,Nivel medio diario,2019-01-18 00:00,cm,166.499999999988,Definitivo
23157030,BARRANCABERMEJA  - AUT [23157030],NIVEL,Nivel medio diario,2019-01-19 00:00,cm,160.562500000002,Definitivo
23157030,BARRANCABERMEJA  - AUT [23157030],NIVEL,Nivel medio diario,2019-01-20 00:00,cm,162.9375,Definitivo
23157030,BARRANCABERMEJA  - AUT [23157030],NIVEL,Nivel medio diario,2019-01-21 00:00,cm,156.312499999993,Definitivo
23157030,BARRANCABERMEJA  - AUT [23157030],NIVEL,Nivel medio diario,2019-01-22 00:00,cm,161.500000000013,Definitivo
23157030,BARRANCABERMEJA  - AUT [23157030],NIVEL,Nivel medio diario,2019-01-23 00:00,cm,134.687500000035,Definitivo
23157030,BARRANCABERMEJA  - AUT [23157030],NIVEL,Nivel medio diario,2019-01-24 00:00,cm,100.812499999987,Definitivo
23157030,BARRANCABERMEJA  - AUT [23157030],NIVEL,Nivel medio diario,2019-01-25 00:00,cm,104.43750000001,Definitivo
23157030,BARRANCABERMEJA  - AUT [23157030],NIVEL,Nivel medio diario,2019-01-26 00:00,cm,95.3749999999946,Definitivo
23157030,BARRANCABERMEJA  - AUT [23157030],NIVEL,Nivel medio diario,2019-01-27 00:00,cm,96.6875000000028,Definitivo
23157030,BARRANCABERMEJA  - AUT [23157030],NIVEL,Nivel medio diario,2019-01-28 00:00,cm,89.0000000000159,Definitivo
23157030,BARRANCABERMEJA  - AUT [23157030],NIVEL,Nivel medio diario,2019-01-29 00:00,cm,99.1874999999198,Definitivo
23157030,BARRANCABERMEJA  - AUT [23157030],NIVEL,Nivel medio diario,2019-01-30 00:00,cm,179.062500000033,Definitivo
23157030,BARRANCABERMEJA  - AUT [23157030],NIVEL,Nivel medio diario,2019-01-31 00:00,cm,133.500000000025,Definitivo
23157030,BARRANCABERMEJA  - AUT [23157030],NIVEL,Nivel medio diario,2019-02-01 00:00,cm,116.937499999947,Definitivo
23157030,BARRANCABERMEJA  - AUT [23157030],NIVEL,Nivel medio diario,2019-02-02 00:00,cm,175.999999999995,Definitivo
23157030,BARRANCABERMEJA  - AUT [23157030],NIVEL,Nivel medio diario,2019-02-03 00:00,cm,197.312499999984,Definitivo
23157030,BARRANCABERMEJA  - AUT [23157030],NIVEL,Nivel medio diario,2019-02-04 00:00,cm,190.562500000032,Definitivo
23157030,BARRANCABERMEJA  - AUT [23157030],NIVEL,Nivel medio diario,2019-02-05 00:00,cm,156.50000000002,Definitivo
23157030,BARRANCABERMEJA  - AUT [23157030],NIVEL,Nivel medio diario,2019-02-06 00:00,cm,132.124999999995,Definitivo
23157030,BARRANCABERMEJA  - AUT [23157030],NIVEL,Nivel medio diario,2019-02-07 00:00,cm,154.874999999972,Definitivo
23157030,BARRANCABERMEJA  - AUT [23157030],NIVEL,Nivel medio diario,2019-02-08 00:00,cm,167.500000000012,Definitivo
23157030,BARRANCABERMEJA  - AUT [23157030],NIVEL,Nivel medio diario,2019-02-09 00:00,cm,175.624999999957,Definitivo
23157030,BARRANCABERMEJA  - AUT [23157030],NIVEL,Nivel medio diario,2019-02-10 00:00,cm,228.999999999964,Definitivo
23157030,BARRANCABERMEJA  - AUT [23157030],NIVEL,Nivel medio diario,2019-02-11 00:00,cm,266.250000000043,Definitivo
23157030,BARRANCABERMEJA  - AUT [23157030],NIVEL,Nivel medio diario,2019-02-12 00:00,cm,211.500000000005,Definitivo
23157030,BARRANCABERMEJA  - AUT [23157030],NIVEL,Nivel medio diario,2019-02-13 00:00,cm,220.624999999995,Definitivo
23157030,BARRANCABERMEJA  - AUT [23157030],NIVEL,Nivel medio diario,2019-02-14 00:00,cm,222.624999999968,Definitivo
23157030,BARRANCABERMEJA  - AUT [23157030],NIVEL,Nivel medio diario,2019-02-15 00:00,cm,267.687500000021,Definitivo
23157030,BARRANCABERMEJA  - AUT [23157030],NIVEL,Nivel medio diario,2019-02-16 00:00,cm,223.062500000034,Definitivo
23157030,BARRANCABERMEJA  - AUT [23157030],NIVEL,Nivel medio diario,2019-02-17 00:00,cm,190.687500000015,Definitivo
23157030,BARRANCABERMEJA  - AUT [23157030],NIVEL,Nivel medio diario,2019-02-18 00:00,cm,176.43749999999,Definitivo
23157030,BARRANCABERMEJA  - AUT [23157030],NIVEL,Nivel medio diario,2019-02-19 00:00,cm,197.874999999968,Definitivo
23157030,BARRANCABERMEJA  - AUT [23157030],NIVEL,Nivel medio diario,2019-02-20 00:00,cm,231.999999999966,Definitivo
23157030,BARRANCABERMEJA  - AUT [23157030],NIVEL,Nivel medio diario,2019-02-21 00:00,cm,270.062500000011,Definitivo
23157030,BARRANCABERMEJA  - AUT [23157030],NIVEL,Nivel medio diario,2019-02-22 00:00,cm,245.43750000003,Definitivo
23157030,BARRANCABERMEJA  - AUT [23157030],NIVEL,Nivel medio diario,2019-02-23 00:00,cm,206.875000000006,Definitivo
23157030,BARRANCABERMEJA  - AUT [23157030],NIVEL,Nivel medio diario,2019-02-24 00:00,cm,212.874999999996,Definitivo
23157030,BARRANCABERMEJA  - AUT [23157030],NIVEL,Nivel medio diario,2019-02-25 00:00,cm,226.999999999959,Definitivo
23157030,BARRANCABERMEJA  - AUT [23157030],NIVEL,Nivel medio diario,2019-02-26 00:00,cm,268.375000000002,Definitivo
23157030,BARRANCABERMEJA  - AUT [23157030],NIVEL,Nivel medio diario,2019-02-27 00:00,cm,264.500000000011,Definitivo
23157030,BARRANCABERMEJA  - AUT [23157030],NIVEL,Nivel medio diario,2019-02-28 00:00,cm,255.250000000015,Definitivo
23157030,BARRANCABERMEJA  - AUT [23157030],NIVEL,Nivel medio diario,2019-03-01 00:00,cm,227.437500000031,Definitivo
23157030,BARRANCABERMEJA  - AUT [23157030],NIVEL,Nivel medio diario,2019-03-02 00:00,cm,190.87499999998,Definitivo
23157030,BARRANCABERMEJA  - AUT [23157030],NIVEL,Nivel medio diario,2019-03-03 00:00,cm,228.562499999977,Definitivo
23157030,BARRANCABERMEJA  - AUT [23157030],NIVEL,Nivel medio diario,2019-03-04 00:00,cm,232.437500000045,Definitivo
23157030,BARRANCABERMEJA  - AUT [23157030],NIVEL,Nivel medio diario,2019-03-05 00:00,cm,193.624999999973,Definitivo
23157030,BARRANCABERMEJA  - AUT [23157030],NIVEL,Nivel medio diario,2019-03-06 00:00,cm,229.437499999992,Definitivo
23157030,BARRANCABERMEJA  - AUT [23157030],NIVEL,Nivel medio diario,2019-03-07 00:00,cm,229.124999999997,Definitivo
23157030,BARRANCABERMEJA  - AUT [23157030],NIVEL,Nivel medio diario,2019-03-08 00:00,cm,233.062500000012,Definitivo
23157030,BARRANCABERMEJA  - AUT [23157030],NIVEL,Nivel medio diario,2019-03-09 00:00,cm,213.125000000018,Definitivo
23157030,BARRANCABERMEJA  - AUT [23157030],NIVEL,Nivel medio diario,2019-03-10 00:00,cm,192.437500000008,Definitivo
23157030,BARRANCABERMEJA  - AUT [23157030],NIVEL,Nivel medio diario,2019-03-11 00:00,cm,177.312499999986,Definitivo
23157030,BARRANCABERMEJA  - AUT [23157030],NIVEL,Nivel medio diario,2019-03-12 00:00,cm,205.812499999982,Definitivo
23157030,BARRANCABERMEJA  - AUT [23157030],NIVEL,Nivel medio diario,2019-03-13 00:00,cm,222.937500000002,Definitivo
23157030,BARRANCABERMEJA  - AUT [23157030],NIVEL,Nivel medio diario,2019-03-14 00:00,cm,224.187499999974,Definitivo
23157030,BARRANCABERMEJA  - AUT [23157030],NIVEL,Nivel medio diario,2019-03-15 00:00,cm,252.999999999987,Definitivo
23157030,BARRANCABERMEJA  - AUT [23157030],NIVEL,Nivel medio diario,2019-03-16 00:00,cm,258.250000000031,Definitivo
23157030,BARRANCABERMEJA  - AUT [23157030],NIVEL,Nivel medio diario,2019-03-17 00:00,cm,228.999999999997,Definitivo
23157030,BARRANCABERMEJA  - AUT [23157030],NIVEL,Nivel medio diario,2019-03-18 00:00,cm,220.625000000016,Definitivo
23157030,BARRANCABERMEJA  - AUT [23157030],NIVEL,Nivel medio diario,2019-03-19 00:00,cm,223.687499999894,Definitivo
23157030,BARRANCABERMEJA  - AUT [23157030],NIVEL,Nivel medio diario,2019-03-20 00:00,cm,343.187500000007,Definitivo
23157030,BARRANCABERMEJA  - AUT [23157030],NIVEL,Nivel medio diario,2019-03-21 00:00,cm,316.375000000026,Definitivo
23157030,BARRANCABERMEJA  - AUT [23157030],NIVEL,Nivel medio diario,2019-03-22 00:00,cm,294.12499999998,Definitivo
23157030,BARRANCABERMEJA  - AUT [23157030],NIVEL,Nivel medio diario,2019-03-23 00:00,cm,325.374999999964,Definitivo
23157030,BARRANCABERMEJA  - AUT [23157030],NIVEL,Nivel medio diario,2019-03-24 00:00,cm,360.937500000017,Definitivo
23157030,BARRANCABERMEJA  - AUT [23157030],NIVEL,Nivel medio diario,2019-03-25 00:00,cm,335.500000000004,Definitivo
23157030,BARRANCABERMEJA  - AUT [23157030],NIVEL,Nivel medio diario,2019-03-26 00:00,cm,333.562499999976,Definitivo
23157030,BARRANCABERMEJA  - AUT [23157030],NIVEL,Nivel medio diario,2019-03-27 00:00,cm,352.625000000034,Definitivo
23157030,BARRANCABERMEJA  - AUT [23157030],NIVEL,Nivel medio diario,2019-03-28 00:00,cm,314.625000000002,Definitivo
23157030,BARRANCABERMEJA  - AUT [23157030],NIVEL,Nivel medio diario,2019-03-29 00:00,cm,304.624999999965,Definitivo
23157030,BARRANCABERMEJA  - AUT [23157030],NIVEL,Nivel medio diario,2019-03-30 00:00,cm,353.18750000001,Definitivo
23157030,BARRANCABERMEJA  - AUT [23157030],NIVEL,Nivel medio diario,2019-03-31 00:00,cm,333.43750000002,Definitivo
23157030,BARRANCABERMEJA  - AUT [23157030],NIVEL,Nivel medio diario,2019-04-01 00:00,cm,307.874999999974,Definitivo
23157030,BARRANCABERMEJA  - AUT [23157030],NIVEL,Nivel medio diario,2019-04-02 00:00,cm,344.937499999981,Definitivo
23157030,BARRANCABERMEJA  - AUT [23157030],NIVEL,Nivel medio diario,2019-04-03 00:00,cm,365.687500000009,Definitivo
23157030,BARRANCABERMEJA  - AUT [23157030],NIVEL,Nivel medio diario,2019-04-04 00:00,cm,352.187499999996,Definitivo
23157030,BARRANCABERMEJA  - AUT [23157030],NIVEL,Nivel medio diario,2019-04-05 00:00,cm,354.187500000027,Definitivo
23157030,BARRANCABERMEJA  - AUT [23157030],NIVEL,Nivel medio diario,2019-04-06 00:00,cm,315.625000000018,Definitivo
23157030,BARRANCABERMEJA  - AUT [23157030],NIVEL,Nivel medio diario,2019-04-07 00:00,cm,303.812499999985,Definitivo
23157030,BARRANCABERMEJA  - AUT [23157030],NIVEL,Nivel medio diario,2019-04-08 00:00,cm,319.374999999962,Definitivo
23157030,BARRANCABERMEJA  - AUT [23157030],NIVEL,Nivel medio diario,2019-04-09 00:00,cm,357.312500000025,Definitivo
23157030,BARRANCABERMEJA  - AUT [23157030],NIVEL,Nivel medio diario,2019-04-10 00:00,cm,325.125000000018,Definitivo
23157030,BARRANCABERMEJA  - AUT [23157030],NIVEL,Nivel medio diario,2019-04-11 00:00,cm,312.749999999984,Definitivo
23157030,BARRANCABERMEJA  - AUT [23157030],NIVEL,Nivel medio diario,2019-04-12 00:00,cm,323.500000000024,Definitivo
23157030,BARRANCABERMEJA  - AUT [23157030],NIVEL,Nivel medio diario,2019-04-13 00:00,cm,294.25000000001,Definitivo
23157030,BARRANCABERMEJA  - AUT [23157030],NIVEL,Nivel medio diario,2019-04-14 00:00,cm,283.124999999982,Definitivo
23157030,BARRANCABERMEJA  - AUT [23157030],NIVEL,Nivel medio diario,2019-04-15 00:00,cm,303.749999999993,Definitivo
23157030,BARRANCABERMEJA  - AUT [23157030],NIVEL,Nivel medio diario,2019-04-16 00:00,cm,320.062500000012,Definitivo
23157030,BARRANCABERMEJA  - AUT [23157030],NIVEL,Nivel medio diario,2019-04-17 00:00,cm,303.187499999954,Definitivo
23157030,BARRANCABERMEJA  - AUT [23157030],NIVEL,Nivel medio diario,2019-04-18 00:00,cm,358.500000000006,Definitivo
23157030,BARRANCABERMEJA  - AUT [23157030],NIVEL,Nivel medio diario,2019-04-19 00:00,cm,343.999999999999,Definitivo
23157030,BARRANCABERMEJA  - AUT [23157030],NIVEL,Nivel medio diario,2019-04-20 00:00,cm,350.187499999985,Definitivo
23157030,BARRANCABERMEJA  - AUT [23157030],NIVEL,Nivel medio diario,2019-04-21 00:00,cm,374.187499999982,Definitivo
23157030,BARRANCABERMEJA  - AUT [23157030],NIVEL,Nivel medio diario,2019-04-22 00:00,cm,406.624999999956,Definitivo
23157030,BARRANCABERMEJA  - AUT [23157030],NIVEL,Nivel medio diario,2019-04-23 00:00,cm,448.875000000011,Definitivo
23157030,BARRANCABERMEJA  - AUT [23157030],NIVEL,Nivel medio diario,2019-04-24 00:00,cm,435.437500000008,Definitivo
23157030,BARRANCABERMEJA  - AUT [23157030],NIVEL,Nivel medio diario,2019-04-25 00:00,cm,427.312499999996,Definitivo
23157030,BARRANCABERMEJA  - AUT [23157030],NIVEL,Nivel medio diario,2019-04-26 00:00,cm,435.437499999992,Definitivo
23157030,BARRANCABERMEJA  - AUT [23157030],NIVEL,Nivel medio diario,2019-04-27 00:00,cm,444.687500000016,Definitivo
23157030,BARRANCABERMEJA  - AUT [23157030],NIVEL,Nivel medio diario,2019-04-28 00:00,cm,409.312500000047,Definitivo
23157030,BARRANCABERMEJA  - AUT [23157030],NIVEL,Nivel medio diario,2019-04-29 00:00,cm,354.437500000032,Definitivo
23157030,BARRANCABERMEJA  - AUT [23157030],NIVEL,Nivel medio diario,2019-04-30 00:00,cm,319.562500000018,Definitivo
23157030,BARRANCABERMEJA  - AUT [23157030],NIVEL,Nivel medio diario,2019-05-01 00:00,cm,295.312500000011,Definitivo
23157030,BARRANCABERMEJA  - AUT [23157030],NIVEL,Nivel medio diario,2019-05-02 00:00,cm,278.187500000027,Definitivo
23157030,BARRANCABERMEJA  - AUT [23157030],NIVEL,Nivel medio diario,2019-05-03 00:00,cm,243.000000000012,Definitivo
23157030,BARRANCABERMEJA  - AUT [23157030],NIVEL,Nivel medio diario,2019-05-04 00:00,cm,230.500000000004,Definitivo
23157030,BARRANCABERMEJA  - AUT [23157030],NIVEL,Nivel medio diario,2019-05-05 00:00,cm,224.250000000008,Definitivo
23157030,BARRANCABERMEJA  - AUT [23157030],NIVEL,Nivel medio diario,2019-05-06 00:00,cm,211.437500000006,Definitivo
23157030,BARRANCABERMEJA  - AUT [23157030],NIVEL,Nivel medio diario,2019-05-07 00:00,cm,203.37500000001,Definitivo
23157030,BARRANCABERMEJA  - AUT [23157030],NIVEL,Nivel medio diario,2019-05-08 00:00,cm,198.499999999995,Definitivo
23157030,BARRANCABERMEJA  - AUT [23157030],NIVEL,Nivel medio diario,2019-05-09 00:00,cm,215.687499999961,Definitivo
23157030,BARRANCABERMEJA  - AUT [23157030],NIVEL,Nivel medio diario,2019-05-10 00:00,cm,256.312499999976,Definitivo
23157030,BARRANCABERMEJA  - AUT [23157030],NIVEL,Nivel medio diario,2019-05-11 00:00,cm,277.374999999996,Definitivo
23157030,BARRANCABERMEJA  - AUT [23157030],NIVEL,Nivel medio diario,2019-05-12 00:00,cm,309.124999999936,Definitivo
23157030,BARRANCABERMEJA  - AUT [23157030],NIVEL,Nivel medio diario,2019-05-13 00:00,cm,357.375000000029,Definitivo
23157030,BARRANCABERMEJA  - AUT [23157030],NIVEL,Nivel medio diario,2019-05-14 00:00,cm,331.937499999978,Definitivo
23157030,BARRANCABERMEJA  - AUT [23157030],NIVEL,Nivel medio diario,2019-05-15 00:00,cm,354.000000000016,Definitivo
23157030,BARRANCABERMEJA  - AUT [23157030],NIVEL,Nivel medio diario,2019-05-16 00:00,cm,342.187500000014,Definitivo
23157030,BARRANCABERMEJA  - AUT [23157030],NIVEL,Nivel medio diario,2019-05-17 00:00,cm,326.124999999972,Definitivo
23157030,BARRANCABERMEJA  - AUT [23157030],NIVEL,Nivel medio diario,2019-05-18 00:00,cm,354.062500000035,Definitivo
23157030,BARRANCABERMEJA  - AUT [23157030],NIVEL,Nivel medio diario,2019-05-19 00:00,cm,324.249999999972,Definitivo
23157030,BARRANCABERMEJA  - AUT [23157030],NIVEL,Nivel medio diario,2019-05-20 00:00,cm,361.749999999965,Definitivo
23157030,BARRANCABERMEJA  - AUT [23157030],NIVEL,Nivel medio diario,2019-05-21 00:00,cm,404.437499999984,Definitivo
23157030,BARRANCABERMEJA  - AUT [23157030],NIVEL,Nivel medio diario,2019-05-22 00:00,cm,417.250000000005,Definitivo
23157030,BARRANCABERMEJA  - AUT [23157030],NIVEL,Nivel medio diario,2019-05-23 00:00,cm,405.750000000014,Definitivo
23157030,BARRANCABERMEJA  - AUT [23157030],NIVEL,Nivel medio diario,2019-05-24 00:00,cm,392.500000000001,Definitivo
23157030,BARRANCABERMEJA  - AUT [23157030],NIVEL,Nivel medio diario,2019-05-25 00:00,cm,392.374999999995,Definitivo
23157030,BARRANCABERMEJA  - AUT [23157030],NIVEL,Nivel medio diario,2019-05-26 00:00,cm,392.25000000001,Definitivo
23157030,BARRANCABERMEJA  - AUT [23157030],NIVEL,Nivel medio diario,2019-05-27 00:00,cm,383.187499999996,Definitivo
23157030,BARRANCABERMEJA  - AUT [23157030],NIVEL,Nivel medio diario,2019-05-28 00:00,cm,393.812499999991,Definitivo
23157030,BARRANCABERMEJA  - AUT [23157030],NIVEL,Nivel medio diario,2019-05-29 00:00,cm,391.125000000009,Definitivo
23157030,BARRANCABERMEJA  - AUT [23157030],NIVEL,Nivel medio diario,2019-05-30 00:00,cm,378.624999999984,Definitivo
23157030,BARRANCABERMEJA  - AUT [23157030],NIVEL,Nivel medio diario,2019-05-31 00:00,cm,403.187499999985,Definitivo
23157030,BARRANCABERMEJA  - AUT [23157030],NIVEL,Nivel medio diario,2019-06-01 00:00,cm,426.874999999966,Definitivo
23157030,BARRANCABERMEJA  - AUT [23157030],NIVEL,Nivel medio diario,2019-06-02 00:00,cm,463.312499999993,Definitivo
23157030,BARRANCABERMEJA  - AUT [23157030],NIVEL,Nivel medio diario,2019-06-03 00:00,cm,467.500000000005,Definitivo
23157030,BARRANCABERMEJA  - AUT [23157030],NIVEL,Nivel medio diario,2019-06-04 00:00,cm,455.625000000015,Definitivo
23157030,BARRANCABERMEJA  - AUT [23157030],NIVEL,Nivel medio diario,2019-06-05 00:00,cm,431.500000000024,Definitivo
23157030,BARRANCABERMEJA  - AUT [23157030],NIVEL,Nivel medio diario,2019-06-06 00:00,cm,395.875000000017,Definitivo
23157030,BARRANCABERMEJA  - AUT [23157030],NIVEL,Nivel medio diario,2019-06-07 00:00,cm,374.499999999992,Definitivo
23157030,BARRANCABERMEJA  - AUT [23157030],NIVEL,Nivel medio diario,2019-06-08 00:00,cm,384.625000000012,Definitivo
23157030,BARRANCABERMEJA  - AUT [23157030],NIVEL,Nivel medio diario,2019-06-09 00:00,cm,359.375000000024,Definitivo
23157030,BARRANCABERMEJA  - AUT [23157030],NIVEL,Nivel medio diario,2019-06-10 00:00,cm,332.25,Definitivo
23157030,BARRANCABERMEJA  - AUT [23157030],NIVEL,Nivel medio diario,2019-06-11 00:00,cm,320.000000000032,Definitivo
23157030,BARRANCABERMEJA  - AUT [23157030],NIVEL,Nivel medio diario,2019-06-12 00:00,cm,292.62499999996,Definitivo
23157030,BARRANCABERMEJA  - AUT [23157030],NIVEL,Nivel medio diario,2019-06-13 00:00,cm,329.43750000001,Definitivo
23157030,BARRANCABERMEJA  - AUT [23157030],NIVEL,Nivel medio diario,2019-06-14 00:00,cm,320.562499999992,Definitivo
23157030,BARRANCABERMEJA  - AUT [23157030],NIVEL,Nivel medio diario,2019-06-15 00:00,cm,318.375000000035,Definitivo
23157030,BARRANCABERMEJA  - AUT [23157030],NIVEL,Nivel medio diario,2019-06-16 00:00,cm,292.74999999997,Definitivo
23157030,BARRANCABERMEJA  - AUT [23157030],NIVEL,Nivel medio diario,2019-06-17 00:00,cm,329.875000000007,Definitivo
23157030,BARRANCABERMEJA  - AUT [23157030],NIVEL,Nivel medio diario,2019-06-18 00:00,cm,309.375000000025,Definitivo
23157030,BARRANCABERMEJA  - AUT [23157030],NIVEL,Nivel medio diario,2019-06-19 00:00,cm,282.250000000013,Definitivo
23157030,BARRANCABERMEJA  - AUT [23157030],NIVEL,Nivel medio diario,2019-06-20 00:00,cm,267.499999999982,Definitivo
23157030,BARRANCABERMEJA  - AUT [23157030],NIVEL,Nivel medio diario,2019-06-21 00:00,cm,281.125000000031,Definitivo
23157030,BARRANCABERMEJA  - AUT [23157030],NIVEL,Nivel medio diario,2019-06-22 00:00,cm,244.250000000006,Definitivo
23157030,BARRANCABERMEJA  - AUT [23157030],NIVEL,Nivel medio diario,2019-06-23 00:00,cm,251.374999999981,Definitivo
23157030,BARRANCABERMEJA  - AUT [23157030],NIVEL,Nivel medio diario,2019-06-24 00:00,cm,270.24999999999,Definitivo
23157030,BARRANCABERMEJA  - AUT [23157030],NIVEL,Nivel medio diario,2019-06-25 00:00,cm,290.124999999985,Definitivo
23157030,BARRANCABERMEJA  - AUT [23157030],NIVEL,Nivel medio diario,2019-06-26 00:00,cm,300.875000000018,Definitivo
23157030,BARRANCABERMEJA  - AUT [23157030],NIVEL,Nivel medio diario,2019-06-27 00:00,cm,277.500000000003,Definitivo
23157030,BARRANCABERMEJA  - AUT [23157030],NIVEL,Nivel medio diario,2019-06-28 00:00,cm,272.250000000021,Definitivo
23157030,BARRANCABERMEJA  - AUT [23157030],NIVEL,Nivel medio diario,2019-06-29 00:00,cm,243.50000000002,Definitivo
23157030,BARRANCABERMEJA  - AUT [23157030],NIVEL,Nivel medio diario,2019-06-30 00:00,cm,222.625000000006,Definitivo
23157030,BARRANCABERMEJA  - AUT [23157030],NIVEL,Nivel medio diario,2019-07-01 00:00,cm,214.625,Definitivo
23157030,BARRANCABERMEJA  - AUT [23157030],NIVEL,Nivel medio diario,2019-07-02 00:00,cm,217.749999999997,Definitivo
23157030,BARRANCABERMEJA  - AUT [23157030],NIVEL,Nivel medio diario,2019-07-03 00:00,cm,221.249999999984,Definitivo
23157030,BARRANCABERMEJA  - AUT [23157030],NIVEL,Nivel medio diario,2019-07-04 00:00,cm,248.000000000008,Definitivo
23157030,BARRANCABERMEJA  - AUT [23157030],NIVEL,Nivel medio diario,2019-07-05 00:00,cm,226.12500000002,Definitivo
23157030,BARRANCABERMEJA  - AUT [23157030],NIVEL,Nivel medio diario,2019-07-06 00:00,cm,210.625000000008,Definitivo
23157030,BARRANCABERMEJA  - AUT [23157030],NIVEL,Nivel medio diario,2019-07-07 00:00,cm,195.125000000018,Definitivo
23157030,BARRANCABERMEJA  - AUT [23157030],NIVEL,Nivel medio diario,2019-07-08 00:00,cm,166.499999999994,Definitivo
23157030,BARRANCABERMEJA  - AUT [23157030],NIVEL,Nivel medio diario,2019-07-09 00:00,cm,185.250000000001,Definitivo
23157030,BARRANCABERMEJA  - AUT [23157030],NIVEL,Nivel medio diario,2019-07-10 00:00,cm,174.375000000006,Definitivo
23157030,BARRANCABERMEJA  - AUT [23157030],NIVEL,Nivel medio diario,2019-07-11 00:00,cm,168.250000000007,Definitivo
23157030,BARRANCABERMEJA  - AUT [23157030],NIVEL,Nivel medio diario,2019-07-12 00:00,cm,146.12500000001,Definitivo
23157030,BARRANCABERMEJA  - AUT [23157030],NIVEL,Nivel medio diario,2019-07-13 00:00,cm,150.249999999977,Definitivo
23157030,BARRANCABERMEJA  - AUT [23157030],NIVEL,Nivel medio diario,2019-07-14 00:00,cm,180.374999999999,Definitivo
23157030,BARRANCABERMEJA  - AUT [23157030],NIVEL,Nivel medio diario,2019-07-15 00:00,cm,177.999999999987,Definitivo
23157030,BARRANCABERMEJA  - AUT [23157030],NIVEL,Nivel medio diario,2019-07-16 00:00,cm,204.749999999996,Definitivo
23157030,BARRANCABERMEJA  - AUT [23157030],NIVEL,Nivel medio diario,2019-07-17 00:00,cm,215.5625,Definitivo
23157030,BARRANCABERMEJA  - AUT [23157030],NIVEL,Nivel medio diario,2019-07-18 00:00,cm,207.187500000011,Definitivo
23157030,BARRANCABERMEJA  - AUT [23157030],NIVEL,Nivel medio diario,2019-07-19 00:00,cm,193.437500000008,Definitivo
23157030,BARRANCABERMEJA  - AUT [23157030],NIVEL,Nivel medio diario,2019-07-20 00:00,cm,185.562500000026,Definitivo
23157030,BARRANCABERMEJA  - AUT [23157030],NIVEL,Nivel medio diario,2019-07-21 00:00,cm,155.124999999994,Definitivo
23157030,BARRANCABERMEJA  - AUT [23157030],NIVEL,Nivel medio diario,2019-07-22 00:00,cm,172.687499999976,Definitivo
23157030,BARRANCABERMEJA  - AUT [23157030],NIVEL,Nivel medio diario,2019-07-23 00:00,cm,195.250000000014,Definitivo
23157030,BARRANCABERMEJA  - AUT [23157030],NIVEL,Nivel medio diario,2019-07-24 00:00,cm,186.187499999993,Definitivo
23157030,BARRANCABERMEJA  - AUT [23157030],NIVEL,Nivel medio diario,2019-07-25 00:00,cm,193.062500000015,Definitivo
23157030,BARRANCABERMEJA  - AUT [23157030],NIVEL,Nivel medio diario,2019-07-26 00:00,cm,178.937499999969,Definitivo
23157030,BARRANCABERMEJA  - AUT [23157030],NIVEL,Nivel medio diario,2019-07-27 00:00,cm,213.437500000021,Definitivo
23157030,BARRANCABERMEJA  - AUT [23157030],NIVEL,Nivel medio diario,2019-07-28 00:00,cm,186.187499999998,Definitivo
23157030,BARRANCABERMEJA  - AUT [23157030],NIVEL,Nivel medio diario,2019-07-29 00:00,cm,187.62500000001,Definitivo
23157030,BARRANCABERMEJA  - AUT [23157030],NIVEL,Nivel medio diario,2019-07-30 00:00,cm,175.12500000001,Definitivo
23157030,BARRANCABERMEJA  - AUT [23157030],NIVEL,Nivel medio diario,2019-07-31 00:00,cm,167.249999999979,Definitivo
23157030,BARRANCABERMEJA  - AUT [23157030],NIVEL,Nivel medio diario,2019-08-01 00:00,cm,193.187499999997,Definitivo
23157030,BARRANCABERMEJA  - AUT [23157030],NIVEL,Nivel medio diario,2019-08-02 00:00,cm,190.812500000004,Definitivo
23157030,BARRANCABERMEJA  - AUT [23157030],NIVEL,Nivel medio diario,2019-08-03 00:00,cm,186.749999999991,Definitivo
23157030,BARRANCABERMEJA  - AUT [23157030],NIVEL,Nivel medio diario,2019-08-04 00:00,cm,196.000000000013,Definitivo
23157030,BARRANCABERMEJA  - AUT [23157030],NIVEL,Nivel medio diario,2019-08-05 00:00,cm,174.750000000001,Definitivo
23157030,BARRANCABERMEJA  - AUT [23157030],NIVEL,Nivel medio diario,2019-08-06 00:00,cm,180.374999999982,Definitivo
23157030,BARRANCABERMEJA  - AUT [23157030],NIVEL,Nivel medio diario,2019-08-07 00:00,cm,190.000000000032,Definitivo
23157030,BARRANCABERMEJA  - AUT [23157030],NIVEL,Nivel medio diario,2019-08-08 00:00,cm,141.12500000003,Definitivo
23157030,BARRANCABERMEJA  - AUT [23157030],NIVEL,Nivel medio diario,2019-08-09 00:00,cm,112.249999999986,Definitivo
23157030,BARRANCABERMEJA  - AUT [23157030],NIVEL,Nivel medio diario,2019-08-10 00:00,cm,133.000000000001,Definitivo
23157030,BARRANCABERMEJA  - AUT [23157030],NIVEL,Nivel medio diario,2019-08-11 00:00,cm,122.250000000003,Definitivo
23157030,BARRANCABERMEJA  - AUT [23157030],NIVEL,Nivel medio diario,2019-08-12 00:00,cm,122.499999999985,Definitivo
23157030,BARRANCABERMEJA  - AUT [23157030],NIVEL,Nivel medio diario,2019-08-13 00:00,cm,140.124999999994,Definitivo
23157030,BARRANCABERMEJA  - AUT [23157030],NIVEL,Nivel medio diario,2019-08-14 00:00,cm,133.500000000005,Definitivo
23157030,BARRANCABERMEJA  - AUT [23157030],NIVEL,Nivel medio diario,2019-08-15 00:00,cm,125.625000000001,Definitivo
23157030,BARRANCABERMEJA  - AUT [23157030],NIVEL,Nivel medio diario,2019-08-16 00:00,cm,130.312499999963,Definitivo
23157030,BARRANCABERMEJA  - AUT [23157030],NIVEL,Nivel medio diario,2019-08-17 00:00,cm,186.562499999969,Definitivo
23157030,BARRANCABERMEJA  - AUT [23157030],NIVEL,Nivel medio diario,2019-08-18 00:00,cm,195.625000000041,Definitivo
23157030,BARRANCABERMEJA  - AUT [23157030],NIVEL,Nivel medio diario,2019-08-19 00:00,cm,145.000000000021,Definitivo
23157030,BARRANCABERMEJA  - AUT [23157030],NIVEL,Nivel medio diario,2019-08-20 00:00,cm,125.874999999996,Definitivo
23157030,BARRANCABERMEJA  - AUT [23157030],NIVEL,Nivel medio diario,2019-08-21 00:00,cm,130.374999999992,Definitivo
23157030,BARRANCABERMEJA  - AUT [23157030],NIVEL,Nivel medio diario,2019-08-22 00:00,cm,128.875000000006,Definitivo
23157030,BARRANCABERMEJA  - AUT [23157030],NIVEL,Nivel medio diario,2019-08-23 00:00,cm,126.499999999998,Definitivo
23157030,BARRANCABERMEJA  - AUT [23157030],NIVEL,Nivel medio diario,2019-08-24 00:00,cm,119.500000000004,Definitivo
23157030,BARRANCABERMEJA  - AUT [23157030],NIVEL,Nivel medio diario,2019-08-25 00:00,cm,110.125000000012,Definitivo
23157030,BARRANCABERMEJA  - AUT [23157030],NIVEL,Nivel medio diario,2019-08-26 00:00,cm,98.7499999999957,Definitivo
23157030,BARRANCABERMEJA  - AUT [23157030],NIVEL,Nivel medio diario,2019-08-27 00:00,cm,93.0624999999952,Definitivo
23157030,BARRANCABERMEJA  - AUT [23157030],NIVEL,Nivel medio diario,2019-08-28 00:00,cm,103.937499999985,Definitivo
23157030,BARRANCABERMEJA  - AUT [23157030],NIVEL,Nivel medio diario,2019-08-29 00:00,cm,115.000000000005,Definitivo
23157030,BARRANCABERMEJA  - AUT [23157030],NIVEL,Nivel medio diario,2019-08-30 00:00,cm,109.875000000003,Definitivo
23157030,BARRANCABERMEJA  - AUT [23157030],NIVEL,Nivel medio diario,2019-08-31 00:00,cm,101.437499999998,Definitivo
23157030,BARRANCABERMEJA  - AUT [23157030],NIVEL,Nivel medio diario,2019-09-01 00:00,cm,102.937499999995,Definitivo
23157030,BARRANCABERMEJA  - AUT [23157030],NIVEL,Nivel medio diario,2019-09-02 00:00,cm,96.6250000000111,Definitivo
23157030,BARRANCABERMEJA  - AUT [23157030],NIVEL,Nivel medio diario,2019-09-03 00:00,cm,88.4999999999902,Definitivo
23157030,BARRANCABERMEJA  - AUT [23157030],NIVEL,Nivel medio diario,2019-09-04 00:00,cm,110.249999999975,Definitivo
23157030,BARRANCABERMEJA  - AUT [23157030],NIVEL,Nivel medio diario,2019-09-05 00:00,cm,137.124999999995,Definitivo
23157030,BARRANCABERMEJA  - AUT [23157030],NIVEL,Nivel medio diario,2019-09-06 00:00,cm,142.249999999984,Definitivo
23157030,BARRANCABERMEJA  - AUT [23157030],NIVEL,Nivel medio diario,2019-09-07 00:00,cm,156.125000000021,Definitivo
23157030,BARRANCABERMEJA  - AUT [23157030],NIVEL,Nivel medio diario,2019-09-08 00:00,cm,113.187500000046,Definitivo
23157030,BARRANCABERMEJA  - AUT [23157030],NIVEL,Nivel medio diario,2019-09-09 00:00,cm,66.9999999999777,Definitivo
23157030,BARRANCABERMEJA  - AUT [23157030],NIVEL,Nivel medio diario,2019-09-10 00:00,cm,105.687499999978,Definitivo
23157030,BARRANCABERMEJA  - AUT [23157030],NIVEL,Nivel medio diario,2019-09-11 00:00,cm,124.625000000001,Definitivo
23157030,BARRANCABERMEJA  - AUT [23157030],NIVEL,Nivel medio diario,2019-09-12 00:00,cm,111.50000000002,Definitivo
23157030,BARRANCABERMEJA  - AUT [23157030],NIVEL,Nivel medio diario,2019-09-13 00:00,cm,109.874999999953,Definitivo
23157030,BARRANCABERMEJA  - AUT [23157030],NIVEL,Nivel medio diario,2019-09-14 00:00,cm,172.999999999987,Definitivo
23157030,BARRANCABERMEJA  - AUT [23157030],NIVEL,Nivel medio diario,2019-09-15 00:00,cm,173.625000000023,Definitivo
23157030,BARRANCABERMEJA  - AUT [23157030],NIVEL,Nivel medio diario,2019-09-16 00:00,cm,135.625000000012,Definitivo
23157030,BARRANCABERMEJA  - AUT [23157030],NIVEL,Nivel medio diario,2019-09-17 00:00,cm,133.124999999996,Definitivo
23157030,BARRANCABERMEJA  - AUT [23157030],NIVEL,Nivel medio diario,2019-09-18 00:00,cm,143.249999999934,Definitivo
23157030,BARRANCABERMEJA  - AUT [23157030],NIVEL,Nivel medio diario,2019-09-19 00:00,cm,217.624999999996,Definitivo
23157030,BARRANCABERMEJA  - AUT [23157030],NIVEL,Nivel medio diario,2019-09-20 00:00,cm,222.875000000026,Definitivo
23157030,BARRANCABERMEJA  - AUT [23157030],NIVEL,Nivel medio diario,2019-09-21 00:00,cm,186.562500000026,Definitivo
23157030,BARRANCABERMEJA  - AUT [23157030],NIVEL,Nivel medio diario,2019-09-22 00:00,cm,153.875000000026,Definitivo
23157030,BARRANCABERMEJA  - AUT [23157030],NIVEL,Nivel medio diario,2019-09-23 00:00,cm,115.874999999993,Definitivo
23157030,BARRANCABERMEJA  - AUT [23157030],NIVEL,Nivel medio diario,2019-09-24 00:00,cm,157.874999999914,Definitivo
23157030,BARRANCABERMEJA  - AUT [23157030],NIVEL,Nivel medio diario,2019-09-25 00:00,cm,243.812500000002,Definitivo
23157030,BARRANCABERMEJA  - AUT [23157030],NIVEL,Nivel medio diario,2019-09-26 00:00,cm,245.624999999993,Definitivo
23157030,BARRANCABERMEJA  - AUT [23157030],NIVEL,Nivel medio diario,2019-09-27 00:00,cm,245.375000000013,Definitivo
23157030,BARRANCABERMEJA  - AUT [23157030],NIVEL,Nivel medio diario,2019-09-28 00:00,cm,224.75000000003,Definitivo
23157030,BARRANCABERMEJA  - AUT [23157030],NIVEL,Nivel medio diario,2019-09-29 00:00,cm,193.74999999999,Definitivo
23157030,BARRANCABERMEJA  - AUT [23157030],NIVEL,Nivel medio diario,2019-09-30 00:00,cm,192.750000000016,Definitivo
23157030,BARRANCABERMEJA  - AUT [23157030],NIVEL,Nivel medio diario,2019-10-01 00:00,cm,192.124999999951,Definitivo
23157030,BARRANCABERMEJA  - AUT [23157030],NIVEL,Nivel medio diario,2019-10-02 00:00,cm,237.750000000007,Definitivo
23157030,BARRANCABERMEJA  - AUT [23157030],NIVEL,Nivel medio diario,2019-10-03 00:00,cm,236.499999999969,Definitivo
23157030,BARRANCABERMEJA  - AUT [23157030],NIVEL,Nivel medio diario,2019-10-04 00:00,cm,249.500000000037,Definitivo
23157030,BARRANCABERMEJA  - AUT [23157030],NIVEL,Nivel medio diario,2019-10-05 00:00,cm,202.062500000018,Definitivo
23157030,BARRANCABERMEJA  - AUT [23157030],NIVEL,Nivel medio diario,2019-10-06 00:00,cm,201.499999999951,Definitivo
23157030,BARRANCABERMEJA  - AUT [23157030],NIVEL,Nivel medio diario,2019-10-07 00:00,cm,239.437500000016,Definitivo
23157030,BARRANCABERMEJA  - AUT [23157030],NIVEL,Nivel medio diario,2019-10-08 00:00,cm,238.125000000011,Definitivo
23157030,BARRANCABERMEJA  - AUT [23157030],NIVEL,Nivel medio diario,2019-10-09 00:00,cm,217.875000000012,Definitivo
23157030,BARRANCABERMEJA  - AUT [23157030],NIVEL,Nivel medio diario,2019-10-10 00:00,cm,199.000000000002,Definitivo
23157030,BARRANCABERMEJA  - AUT [23157030],NIVEL,Nivel medio diario,2019-10-11 00:00,cm,202.499999999983,Definitivo
23157030,BARRANCABERMEJA  - AUT [23157030],NIVEL,Nivel medio diario,2019-10-12 00:00,cm,235.499999999975,Definitivo
23157030,BARRANCABERMEJA  - AUT [23157030],NIVEL,Nivel medio diario,2019-10-13 00:00,cm,253.125000000009,Definitivo
23157030,BARRANCABERMEJA  - AUT [23157030],NIVEL,Nivel medio diario,2019-10-14 00:00,cm,256.874999999967,Definitivo
23157030,BARRANCABERMEJA  - AUT [23157030],NIVEL,Nivel medio diario,2019-10-15 00:00,cm,275.375000000039,Definitivo
23157030,BARRANCABERMEJA  - AUT [23157030],NIVEL,Nivel medio diario,2019-10-16 00:00,cm,235.374999999987,Definitivo
23157030,BARRANCABERMEJA  - AUT [23157030],NIVEL,Nivel medio diario,2019-10-17 00:00,cm,259.37499999998,Definitivo
23157030,BARRANCABERMEJA  - AUT [23157030],NIVEL,Nivel medio diario,2019-10-18 00:00,cm,275.249999999981,Definitivo
23157030,BARRANCABERMEJA  - AUT [23157030],NIVEL,Nivel medio diario,2019-10-19 00:00,cm,302.374999999988,Definitivo
23157030,BARRANCABERMEJA  - AUT [23157030],NIVEL,Nivel medio diario,2019-10-20 00:00,cm,313.87500000002,Definitivo
23157030,BARRANCABERMEJA  - AUT [23157030],NIVEL,Nivel medio diario,2019-10-21 00:00,cm,298.374999999987,Definitivo
23157030,BARRANCABERMEJA  - AUT [23157030],NIVEL,Nivel medio diario,2019-10-22 00:00,cm,322.125000000001,Definitivo
23157030,BARRANCABERMEJA  - AUT [23157030],NIVEL,Nivel medio diario,2019-10-23 00:00,cm,306.18749999998,Definitivo
23157030,BARRANCABERMEJA  - AUT [23157030],NIVEL,Nivel medio diario,2019-10-24 00:00,cm,332.312499999976,Definitivo
23157030,BARRANCABERMEJA  - AUT [23157030],NIVEL,Nivel medio diario,2019-10-25 00:00,cm,358.249999999998,Definitivo
23157030,BARRANCABERMEJA  - AUT [23157030],NIVEL,Nivel medio diario,2019-10-26 00:00,cm,359.062500000012,Definitivo
23157030,BARRANCABERMEJA  - AUT [23157030],NIVEL,Nivel medio diario,2019-10-27 00:00,cm,349.812499999981,Definitivo
23157030,BARRANCABERMEJA  - AUT [23157030],NIVEL,Nivel medio diario,2019-10-28 00:00,cm,372.375000000022,Definitivo
23157030,BARRANCABERMEJA  - AUT [23157030],NIVEL,Nivel medio diario,2019-10-29 00:00,cm,342.062500000004,Definitivo
23157030,BARRANCABERMEJA  - AUT [23157030],NIVEL,Nivel medio diario,2019-10-30 00:00,cm,346.187499999975,Definitivo
23157030,BARRANCABERMEJA  - AUT [23157030],NIVEL,Nivel medio diario,2019-10-31 00:00,cm,360.750000000032,Definitivo
23157030,BARRANCABERMEJA  - AUT [23157030],NIVEL,Nivel medio diario,2019-11-01 00:00,cm,323.562500000003,Definitivo
23157030,BARRANCABERMEJA  - AUT [23157030],NIVEL,Nivel medio diario,2019-11-02 00:00,cm,322.687499999975,Definitivo
23157030,BARRANCABERMEJA  - AUT [23157030],NIVEL,Nivel medio diario,2019-11-03 00:00,cm,344.000000000028,Definitivo
23157030,BARRANCABERMEJA  - AUT [23157030],NIVEL,Nivel medio diario,2019-11-04 00:00,cm,298.375000000016,Definitivo
23157030,BARRANCABERMEJA  - AUT [23157030],NIVEL,Nivel medio diario,2019-11-05 00:00,cm,307.624999999974,Definitivo
23157030,BARRANCABERMEJA  - AUT [23157030],NIVEL,Nivel medio diario,2019-11-06 00:00,cm,315.750000000008,Definitivo
23157030,BARRANCABERMEJA  - AUT [23157030],NIVEL,Nivel medio diario,2019-11-07 00:00,cm,315.625000000001,Definitivo
23157030,BARRANCABERMEJA  - AUT [23157030],NIVEL,Nivel medio diario,2019-11-08 00:00,cm,314.000000000018,Definitivo
23157030,BARRANCABERMEJA  - AUT [23157030],NIVEL,Nivel medio diario,2019-11-09 00:00,cm,296.249999999957,Definitivo
23157030,BARRANCABERMEJA  - AUT [23157030],NIVEL,Nivel medio diario,2019-11-10 00:00,cm,329.500000000035,Definitivo
23157030,BARRANCABERMEJA  - AUT [23157030],NIVEL,Nivel medio diario,2019-11-11 00:00,cm,298.249999999946,Definitivo
23157030,BARRANCABERMEJA  - AUT [23157030],NIVEL,Nivel medio diario,2019-11-12 00:00,cm,368.187499999965,Definitivo
23157030,BARRANCABERMEJA  - AUT [23157030],NIVEL,Nivel medio diario,2019-11-13 00:00,cm,405.499999999972,Definitivo
23157030,BARRANCABERMEJA  - AUT [23157030],NIVEL,Nivel medio diario,2019-11-14 00:00,cm,443.687499999992,Definitivo
23157030,BARRANCABERMEJA  - AUT [23157030],NIVEL,Nivel medio diario,2019-11-15 00:00,cm,446.500000000002,Definitivo
23157030,BARRANCABERMEJA  - AUT [23157030],NIVEL,Nivel medio diario,2019-11-16 00:00,cm,440.125000000025,Definitivo
23157030,BARRANCABERMEJA  - AUT [23157030],NIVEL,Nivel medio diario,2019-11-17 00:00,cm,404.250000000029,Definitivo
23157030,BARRANCABERMEJA  - AUT [23157030],NIVEL,Nivel medio diario,2019-11-18 00:00,cm,355.812500000042,Definitivo
23157030,BARRANCABERMEJA  - AUT [23157030],NIVEL,Nivel medio diario,2019-11-19 00:00,cm,312.062499999993,Definitivo
23157030,BARRANCABERMEJA  - AUT [23157030],NIVEL,Nivel medio diario,2019-11-20 00:00,cm,332.937499999968,Definitivo
23157030,BARRANCABERMEJA  - AUT [23157030],NIVEL,Nivel medio diario,2019-11-21 00:00,cm,355.687500000007,Definitivo
23157030,BARRANCABERMEJA  - AUT [23157030],NIVEL,Nivel medio diario,2019-11-22 00:00,cm,350.749999999977,Definitivo
23157030,BARRANCABERMEJA  - AUT [23157030],NIVEL,Nivel medio diario,2019-11-23 00:00,cm,383.749999999982,Definitivo
23157030,BARRANCABERMEJA  - AUT [23157030],NIVEL,Nivel medio diario,2019-11-24 00:00,cm,378.375000000037,Definitivo
23157030,BARRANCABERMEJA  - AUT [23157030],NIVEL,Nivel medio diario,2019-11-25 00:00,cm,346.75,Definitivo
23157030,BARRANCABERMEJA  - AUT [23157030],NIVEL,Nivel medio diario,2019-11-26 00:00,cm,326.500000000043,Definitivo
23157030,BARRANCABERMEJA  - AUT [23157030],NIVEL,Nivel medio diario,2019-11-27 00:00,cm,274.000000000022,Definitivo
23157030,BARRANCABERMEJA  - AUT [23157030],NIVEL,Nivel medio diario,2019-11-28 00:00,cm,251.750000000002,Definitivo
23157030,BARRANCABERMEJA  - AUT [23157030],NIVEL,Nivel medio diario,2019-11-29 00:00,cm,254.625000000022,Definitivo
23157030,BARRANCABERMEJA  - AUT [23157030],NIVEL,Nivel medio diario,2019-11-30 00:00,cm,235.374999999995,Definitivo
23157030,BARRANCABERMEJA  - AUT [23157030],NIVEL,Nivel medio diario,2019-12-01 00:00,cm,238.500000000008,Definitivo
23157030,BARRANCABERMEJA  - AUT [23157030],NIVEL,Nivel medio diario,2019-12-02 00:00,cm,235.249999999986,Definitivo
23157030,BARRANCABERMEJA  - AUT [23157030],NIVEL,Nivel medio diario,2019-12-03 00:00,cm,250.249999999986,Definitivo
23157030,BARRANCABERMEJA  - AUT [23157030],NIVEL,Nivel medio diario,2019-12-04 00:00,cm,270.749999999995,Definitivo
23157030,BARRANCABERMEJA  - AUT [23157030],NIVEL,Nivel medio diario,2019-12-05 00:00,cm,263.87500000004,Definitivo
23157030,BARRANCABERMEJA  - AUT [23157030],NIVEL,Nivel medio diario,2019-12-06 00:00,cm,223.499999999988,Definitivo
23157030,BARRANCABERMEJA  - AUT [23157030],NIVEL,Nivel medio diario,2019-12-07 00:00,cm,234.437499999983,Definitivo
23157030,BARRANCABERMEJA  - AUT [23157030],NIVEL,Nivel medio diario,2019-12-08 00:00,cm,266.499999999948,Definitivo
23157030,BARRANCABERMEJA  - AUT [23157030],NIVEL,Nivel medio diario,2019-12-09 00:00,cm,309.437500000027,Definitivo
23157030,BARRANCABERMEJA  - AUT [23157030],NIVEL,Nivel medio diario,2019-12-10 00:00,cm,283.250000000003,Definitivo
23157030,BARRANCABERMEJA  - AUT [23157030],NIVEL,Nivel medio diario,2019-12-11 00:00,cm,271.375000000044,Definitivo
23157030,BARRANCABERMEJA  - AUT [23157030],NIVEL,Nivel medio diario,2019-12-12 00:00,cm,228.749999999954,Definitivo
23157030,BARRANCABERMEJA  - AUT [23157030],NIVEL,Nivel medio diario,2019-12-13 00:00,cm,281.000000000019,Definitivo
23157030,BARRANCABERMEJA  - AUT [23157030],NIVEL,Nivel medio diario,2019-12-14 00:00,cm,252.62499999998,Definitivo
23157030,BARRANCABERMEJA  - AUT [23157030],NIVEL,Nivel medio diario,2019-12-15 00:00,cm,289.374999999996,Definitivo
23157030,BARRANCABERMEJA  - AUT [23157030],NIVEL,Nivel medio diario,2019-12-16 00:00,cm,288.000000000016,Definitivo
23157030,BARRANCABERMEJA  - AUT [23157030],NIVEL,Nivel medio diario,2019-12-17 00:00,cm,286.124999999984,Definitivo
23157030,BARRANCABERMEJA  - AUT [23157030],NIVEL,Nivel medio diario,2019-12-18 00:00,cm,302.249999999994,Definitivo
23157030,BARRANCABERMEJA  - AUT [23157030],NIVEL,Nivel medio diario,2019-12-19 00:00,cm,313.374999999998,Definitivo
23157030,BARRANCABERMEJA  - AUT [23157030],NIVEL,Nivel medio diario,2019-12-20 00:00,cm,317.999999999989,Definitivo
23157030,BARRANCABERMEJA  - AUT [23157030],NIVEL,Nivel medio diario,2019-12-21 00:00,cm,327.250000000026,Definitivo
23157030,BARRANCABERMEJA  - AUT [23157030],NIVEL,Nivel medio diario,2019-12-22 00:00,cm,294.00000000002,Definitivo
23157030,BARRANCABERMEJA  - AUT [23157030],NIVEL,Nivel medio diario,2019-12-23 00:00,cm,266.312500000019,Definitivo
23157030,BARRANCABERMEJA  - AUT [23157030],NIVEL,Nivel medio diario,2019-12-24 00:00,cm,247.187500000003,Definitivo
23157030,BARRANCABERMEJA  - AUT [23157030],NIVEL,Nivel medio diario,2019-12-25 00:00,cm,252.249999999978,Definitivo
23157030,BARRANCABERMEJA  - AUT [23157030],NIVEL,Nivel medio diario,2019-12-26 00:00,cm,278.187499999991,Definitivo
23157030,BARRANCABERMEJA  - AUT [23157030],NIVEL,Nivel medio diario,2019-12-27 00:00,cm,293.937500000017,Definitivo
23157030,BARRANCABERMEJA  - AUT [23157030],NIVEL,Nivel medio diario,2019-12-28 00:00,cm,265.375000000009,Definitivo
23157030,BARRANCABERMEJA  - AUT [23157030],NIVEL,Nivel medio diario,2019-12-29 00:00,cm,255.375000000026,Definitivo
23157030,BARRANCABERMEJA  - AUT [23157030],NIVEL,Nivel medio diario,2019-12-30 00:00,cm,224.12500000001,Definitivo
23157030,BARRANCABERMEJA  - AUT [23157030],NIVEL,Nivel medio diario,2019-12-31 00:00,cm,245.999999999922,Definitivo
23157030,BARRANCABERMEJA  - AUT [23157030],NIVEL,Nivel medio diario,2020-01-01 00:00,cm,323.187499999994,Definitivo
23157030,BARRANCABERMEJA  - AUT [23157030],NIVEL,Nivel medio diario,2020-01-02 00:00,cm,316.562500000028,Definitivo
23157030,BARRANCABERMEJA  - AUT [23157030],NIVEL,Nivel medio diario,2020-01-03 00:00,cm,281.312500000037,Definitivo
23157030,BARRANCABERMEJA  - AUT [23157030],NIVEL,Nivel medio diario,2020-01-04 00:00,cm,231.562500000024,Definitivo
23157030,BARRANCABERMEJA  - AUT [23157030],NIVEL,Nivel medio diario,2020-01-05 00:00,cm,206.750000000015,Definitivo
23157030,BARRANCABERMEJA  - AUT [23157030],NIVEL,Nivel medio diario,2020-01-06 00:00,cm,181.125000000023,Definitivo
23157030,BARRANCABERMEJA  - AUT [23157030],NIVEL,Nivel medio diario,2020-01-07 00:00,cm,156.937500000008,Definitivo
23157030,BARRANCABERMEJA  - AUT [23157030],NIVEL,Nivel medio diario,2020-01-08 00:00,cm,159.062499999981,Definitivo
23157030,BARRANCABERMEJA  - AUT [23157030],NIVEL,Nivel medio diario,2020-01-09 00:00,cm,177.250000000001,Definitivo
23157030,BARRANCABERMEJA  - AUT [23157030],NIVEL,Nivel medio diario,2020-01-10 00:00,cm,164.750000000018,Definitivo
23157030,BARRANCABERMEJA  - AUT [23157030],NIVEL,Nivel medio diario,2020-01-11 00:00,cm,149.124999999991,Definitivo
23157030,BARRANCABERMEJA  - AUT [23157030],NIVEL,Nivel medio diario,2020-01-12 00:00,cm,163.499999999991,Definitivo
23157030,BARRANCABERMEJA  - AUT [23157030],NIVEL,Nivel medio diario,2020-01-13 00:00,cm,166.812500000005,Definitivo
23157030,BARRANCABERMEJA  - AUT [23157030],NIVEL,Nivel medio diario,2020-01-14 00:00,cm,166.312499999997,Definitivo
23157030,BARRANCABERMEJA  - AUT [23157030],NIVEL,Nivel medio diario,2020-01-15 00:00,cm,166.000000000004,Definitivo
23157030,BARRANCABERMEJA  - AUT [23157030],NIVEL,Nivel medio diario,2020-01-16 00:00,cm,143.000000000035,Definitivo
23157030,BARRANCABERMEJA  - AUT [23157030],NIVEL,Nivel medio diario,2020-01-17 00:00,cm,114.687499999977,Definitivo
23157030,BARRANCABERMEJA  - AUT [23157030],NIVEL,Nivel medio diario,2020-01-18 00:00,cm,145.562499999995,Definitivo
23157030,BARRANCABERMEJA  - AUT [23157030],NIVEL,Nivel medio diario,2020-01-19 00:00,cm,144.500000000009,Definitivo
23157030,BARRANCABERMEJA  - AUT [23157030],NIVEL,Nivel medio diario,2020-01-20 00:00,cm,128.999999999995,Definitivo
23157030,BARRANCABERMEJA  - AUT [23157030],NIVEL,Nivel medio diario,2020-01-21 00:00,cm,136.375000000005,Definitivo
23157030,BARRANCABERMEJA  - AUT [23157030],NIVEL,Nivel medio diario,2020-01-22 00:00,cm,128.812499999993,Definitivo
23157030,BARRANCABERMEJA  - AUT [23157030],NIVEL,Nivel medio diario,2020-01-23 00:00,cm,143.562499999999,Definitivo
23157030,BARRANCABERMEJA  - AUT [23157030],NIVEL,Nivel medio diario,2020-01-24 00:00,cm,141.750000000006,Definitivo
23157030,BARRANCABERMEJA  - AUT [23157030],NIVEL,Nivel medio diario,2020-01-25 00:00,cm,137.500000000002,Definitivo
23157030,BARRANCABERMEJA  - AUT [23157030],NIVEL,Nivel medio diario,2020-01-26 00:00,cm,128.875000000013,Definitivo
23157030,BARRANCABERMEJA  - AUT [23157030],NIVEL,Nivel medio diario,2020-01-27 00:00,cm,111.749999999997,Definitivo
23157030,BARRANCABERMEJA  - AUT [23157030],NIVEL,Nivel medio diario,2020-01-28 00:00,cm,118.062499999993,Definitivo
23157030,BARRANCABERMEJA  - AUT [23157030],NIVEL,Nivel medio diario,2020-01-29 00:00,cm,145.062499999966,Definitivo
23157030,BARRANCABERMEJA  - AUT [23157030],NIVEL,Nivel medio diario,2020-01-30 00:00,cm,172.125000000016,Definitivo
23157030,BARRANCABERMEJA  - AUT [23157030],NIVEL,Nivel medio diario,2020-01-31 00:00,cm,147.12500000002,Definitivo
23157030,BARRANCABERMEJA  - AUT [23157030],NIVEL,Nivel medio diario,2020-02-01 00:00,cm,119.812500000016,Definitivo
23157030,BARRANCABERMEJA  - AUT [23157030],NIVEL,Nivel medio diario,2020-02-02 00:00,cm,104.000000000002,Definitivo
23157030,BARRANCABERMEJA  - AUT [23157030],NIVEL,Nivel medio diario,2020-02-03 00:00,cm,114.624999999956,Definitivo
23157030,BARRANCABERMEJA  - AUT [23157030],NIVEL,Nivel medio diario,2020-02-04 00:00,cm,153.687500000042,Definitivo
23157030,BARRANCABERMEJA  - AUT [23157030],NIVEL,Nivel medio diario,2020-02-05 00:00,cm,112.375000000002,Definitivo
23157030,BARRANCABERMEJA  - AUT [23157030],NIVEL,Nivel medio diario,2020-02-06 00:00,cm,105.125000000014,Definitivo
23157030,BARRANCABERMEJA  - AUT [23157030],NIVEL,Nivel medio diario,2020-02-07 00:00,cm,91.2499999999656,Definitivo
23157030,BARRANCABERMEJA  - AUT [23157030],NIVEL,Nivel medio diario,2020-02-08 00:00,cm,122.875000000012,Definitivo
23157030,BARRANCABERMEJA  - AUT [23157030],NIVEL,Nivel medio diario,2020-02-09 00:00,cm,100.312500000016,Definitivo
23157030,BARRANCABERMEJA  - AUT [23157030],NIVEL,Nivel medio diario,2020-02-10 00:00,cm,99.4999999999644,Definitivo
23157030,BARRANCABERMEJA  - AUT [23157030],NIVEL,Nivel medio diario,2020-02-11 00:00,cm,137.562499999998,Definitivo
23157030,BARRANCABERMEJA  - AUT [23157030],NIVEL,Nivel medio diario,2020-02-12 00:00,cm,139.437500000014,Definitivo
23157030,BARRANCABERMEJA  - AUT [23157030],NIVEL,Nivel medio diario,2020-02-13 00:00,cm,121.562500000001,Definitivo
23157030,BARRANCABERMEJA  - AUT [23157030],NIVEL,Nivel medio diario,2020-02-14 00:00,cm,124.187499999986,Definitivo
23157030,BARRANCABERMEJA  - AUT [23157030],NIVEL,Nivel medio diario,2020-02-15 00:00,cm,132.562500000012,Definitivo
23157030,BARRANCABERMEJA  - AUT [23157030],NIVEL,Nivel medio diario,2020-02-16 00:00,cm,127.812499999977,Definitivo
23157030,BARRANCABERMEJA  - AUT [23157030],NIVEL,Nivel medio diario,2020-02-17 00:00,cm,150.562500000013,Definitivo
23157030,BARRANCABERMEJA  - AUT [23157030],NIVEL,Nivel medio diario,2020-02-18 00:00,cm,134.687499999991,Definitivo
23157030,BARRANCABERMEJA  - AUT [23157030],NIVEL,Nivel medio diario,2020-02-19 00:00,cm,129.312500000031,Definitivo
23157030,BARRANCABERMEJA  - AUT [23157030],NIVEL,Nivel medio diario,2020-02-20 00:00,cm,95.500000000007,Definitivo
23157030,BARRANCABERMEJA  - AUT [23157030],NIVEL,Nivel medio diario,2020-02-21 00:00,cm,94.4999999999722,Definitivo
23157030,BARRANCABERMEJA  - AUT [23157030],NIVEL,Nivel medio diario,2020-02-22 00:00,cm,121.875000000003,Definitivo
23157030,BARRANCABERMEJA  - AUT [23157030],NIVEL,Nivel medio diario,2020-02-23 00:00,cm,126.124999999969,Definitivo
23157030,BARRANCABERMEJA  - AUT [23157030],NIVEL,Nivel medio diario,2020-02-24 00:00,cm,172.062499999988,Definitivo
23157030,BARRANCABERMEJA  - AUT [23157030],NIVEL,Nivel medio diario,2020-02-25 00:00,cm,166.750000000032,Definitivo
23157030,BARRANCABERMEJA  - AUT [23157030],NIVEL,Nivel medio diario,2020-02-26 00:00,cm,138.312499999998,Definitivo
23157030,BARRANCABERMEJA  - AUT [23157030],NIVEL,Nivel medio diario,2020-02-27 00:00,cm,153.124999999978,Definitivo
23157030,BARRANCABERMEJA  - AUT [23157030],NIVEL,Nivel medio diario,2020-02-28 00:00,cm,173.374999999995,Definitivo
23157030,BARRANCABERMEJA  - AUT [23157030],NIVEL,Nivel medio diario,2020-02-29 00:00,cm,182.37499999998,Definitivo
23157030,BARRANCABERMEJA  - AUT [23157030],NIVEL,Nivel medio diario,2020-03-01 00:00,cm,199.812500000018,Definitivo
23157030,BARRANCABERMEJA  - AUT [23157030],NIVEL,Nivel medio diario,2020-03-02 00:00,cm,192.56249999999,Definitivo
23157030,BARRANCABERMEJA  - AUT [23157030],NIVEL,Nivel medio diario,2020-03-03 00:00,cm,197.250000000004,Definitivo
23157030,BARRANCABERMEJA  - AUT [23157030],NIVEL,Nivel medio diario,2020-03-04 00:00,cm,193.812499999991,Definitivo
23157030,BARRANCABERMEJA  - AUT [23157030],NIVEL,Nivel medio diario,2020-03-05 00:00,cm,210.749999999973,Definitivo
23157030,BARRANCABERMEJA  - AUT [23157030],NIVEL,Nivel medio diario,2020-03-06 00:00,cm,230.62500000004,Definitivo
23157030,BARRANCABERMEJA  - AUT [23157030],NIVEL,Nivel medio diario,2020-03-07 00:00,cm,178.125000000011,Definitivo
23157030,BARRANCABERMEJA  - AUT [23157030],NIVEL,Nivel medio diario,2020-03-08 00:00,cm,164.312500000022,Definitivo
23157030,BARRANCABERMEJA  - AUT [23157030],NIVEL,Nivel medio diario,2020-03-09 00:00,cm,141.062500000006,Definitivo
23157030,BARRANCABERMEJA  - AUT [23157030],NIVEL,Nivel medio diario,2020-03-10 00:00,cm,140.499999999986,Definitivo
23157030,BARRANCABERMEJA  - AUT [23157030],NIVEL,Nivel medio diario,2020-03-11 00:00,cm,153.312499999995,Definitivo
23157030,BARRANCABERMEJA  - AUT [23157030],NIVEL,Nivel medio diario,2020-03-12 00:00,cm,163.062499999983,Definitivo
23157030,BARRANCABERMEJA  - AUT [23157030],NIVEL,Nivel medio diario,2020-03-13 00:00,cm,182.687499999953,Definitivo
23157030,BARRANCABERMEJA  - AUT [23157030],NIVEL,Nivel medio diario,2020-03-14 00:00,cm,258.062499999964,Definitivo
23157030,BARRANCABERMEJA  - AUT [23157030],NIVEL,Nivel medio diario,2020-03-15 00:00,cm,291.124999999993,Definitivo
23157030,BARRANCABERMEJA  - AUT [23157030],NIVEL,Nivel medio diario,2020-03-16 00:00,cm,293.625000000033,Definitivo
23157030,BARRANCABERMEJA  - AUT [23157030],NIVEL,Nivel medio diario,2020-03-17 00:00,cm,258.187499999999,Definitivo
23157030,BARRANCABERMEJA  - AUT [23157030],NIVEL,Nivel medio diario,2020-03-18 00:00,cm,250.56250000003,Definitivo
23157030,BARRANCABERMEJA  - AUT [23157030],NIVEL,Nivel medio diario,2020-03-19 00:00,cm,212.000000000013,Definitivo
23157030,BARRANCABERMEJA  - AUT [23157030],NIVEL,Nivel medio diario,2020-03-20 00:00,cm,204.937499999986,Definitivo
23157030,BARRANCABERMEJA  - AUT [23157030],NIVEL,Nivel medio diario,2020-03-21 00:00,cm,226.374999999978,Definitivo
23157030,BARRANCABERMEJA  - AUT [23157030],NIVEL,Nivel medio diario,2020-03-22 00:00,cm,250.374999999991,Definitivo
23157030,BARRANCABERMEJA  - AUT [23157030],NIVEL,Nivel medio diario,2020-03-23 00:00,cm,256.687500000006,Definitivo
23157030,BARRANCABERMEJA  - AUT [23157030],NIVEL,Nivel medio diario,2020-03-24 00:00,cm,234.062500000034,Definitivo
23157030,BARRANCABERMEJA  - AUT [23157030],NIVEL,Nivel medio diario,2020-03-25 00:00,cm,189.125000000028,Definitivo
23157030,BARRANCABERMEJA  - AUT [23157030],NIVEL,Nivel medio diario,2020-03-26 00:00,cm,157.250000000004,Definitivo
23157030,BARRANCABERMEJA  - AUT [23157030],NIVEL,Nivel medio diario,2020-03-27 00:00,cm,161.874999999991,Definitivo
23157030,BARRANCABERMEJA  - AUT [23157030],NIVEL,Nivel medio diario,2020-03-28 00:00,cm,161.500000000004,Definitivo
23157030,BARRANCABERMEJA  - AUT [23157030],NIVEL,Nivel medio diario,2020-03-29 00:00,cm,157.312500000004,Definitivo
23157030,BARRANCABERMEJA  - AUT [23157030],NIVEL,Nivel medio diario,2020-03-30 00:00,cm,150.187500000009,Definitivo
23157030,BARRANCABERMEJA  - AUT [23157030],NIVEL,Nivel medio diario,2020-03-31 00:00,cm,156.187499999974,Definitivo
23157030,BARRANCABERMEJA  - AUT [23157030],NIVEL,Nivel medio diario,2020-04-01 00:00,cm,180.562499999979,Definitivo
23157030,BARRANCABERMEJA  - AUT [23157030],NIVEL,Nivel medio diario,2020-04-02 00:00,cm,240.312499999961,Definitivo
23157030,BARRANCABERMEJA  - AUT [23157030],NIVEL,Nivel medio diario,2020-04-03 00:00,cm,253.750000000047,Definitivo
23157030,BARRANCABERMEJA  - AUT [23157030],NIVEL,Nivel medio diario,2020-04-04 00:00,cm,204.874999999979,Definitivo
23157030,BARRANCABERMEJA  - AUT [23157030],NIVEL,Nivel medio diario,2020-04-05 00:00,cm,232.062499999986,Definitivo
23157030,BARRANCABERMEJA  - AUT [23157030],NIVEL,Nivel medio diario,2020-04-06 00:00,cm,248.374999999989,Definitivo
23157030,BARRANCABERMEJA  - AUT [23157030],NIVEL,Nivel medio diario,2020-04-07 00:00,cm,256.000000000013,Definitivo
23157030,BARRANCABERMEJA  - AUT [23157030],NIVEL,Nivel medio diario,2020-04-08 00:00,cm,244.749999999999,Definitivo
23157030,BARRANCABERMEJA  - AUT [23157030],NIVEL,Nivel medio diario,2020-04-09 00:00,cm,227.00000000004,Definitivo
23157030,BARRANCABERMEJA  - AUT [23157030],NIVEL,Nivel medio diario,2020-04-10 00:00,cm,203.187499999972,Definitivo
23157030,BARRANCABERMEJA  - AUT [23157030],NIVEL,Nivel medio diario,2020-04-11 00:00,cm,219.500000000029,Definitivo
23157030,BARRANCABERMEJA  - AUT [23157030],NIVEL,Nivel medio diario,2020-04-12 00:00,cm,200.99999999996,Definitivo
23157030,BARRANCABERMEJA  - AUT [23157030],NIVEL,Nivel medio diario,2020-04-13 00:00,cm,237.812500000011,Definitivo
23157030,BARRANCABERMEJA  - AUT [23157030],NIVEL,Nivel medio diario,2020-04-14 00:00,cm,222.687499999981,Definitivo
23157030,BARRANCABERMEJA  - AUT [23157030],NIVEL,Nivel medio diario,2020-04-15 00:00,cm,263.562499999946,Definitivo
23157030,BARRANCABERMEJA  - AUT [23157030],NIVEL,Nivel medio diario,2020-04-16 00:00,cm,314.250000000049,Definitivo
23157030,BARRANCABERMEJA  - AUT [23157030],NIVEL,Nivel medio diario,2020-04-17 00:00,cm,249.187500000033,Definitivo
23157030,BARRANCABERMEJA  - AUT [23157030],NIVEL,Nivel medio diario,2020-04-18 00:00,cm,211.812500000008,Definitivo
23157030,BARRANCABERMEJA  - AUT [23157030],NIVEL,Nivel medio diario,2020-04-19 00:00,cm,201.374999999983,Definitivo
23157030,BARRANCABERMEJA  - AUT [23157030],NIVEL,Nivel medio diario,2020-04-20 00:00,cm,233.749999999995,Definitivo
23157030,BARRANCABERMEJA  - AUT [23157030],NIVEL,Nivel medio diario,2020-04-21 00:00,cm,246.999999999953,Definitivo
23157030,BARRANCABERMEJA  - AUT [23157030],NIVEL,Nivel medio diario,2020-04-22 00:00,cm,304.937500000011,Definitivo
23157030,BARRANCABERMEJA  - AUT [23157030],NIVEL,Nivel medio diario,2020-04-23 00:00,cm,271.812500000031,Definitivo
23157030,BARRANCABERMEJA  - AUT [23157030],NIVEL,Nivel medio diario,2020-04-24 00:00,cm,257.937499999981,Definitivo
23157030,BARRANCABERMEJA  - AUT [23157030],NIVEL,Nivel medio diario,2020-04-25 00:00,cm,258.125000000027,Definitivo
23157030,BARRANCABERMEJA  - AUT [23157030],NIVEL,Nivel medio diario,2020-04-26 00:00,cm,232.937500000009,Definitivo
23157030,BARRANCABERMEJA  - AUT [23157030],NIVEL,Nivel medio diario,2020-04-27 00:00,cm,220.500000000012,Definitivo
23157030,BARRANCABERMEJA  - AUT [23157030],NIVEL,Nivel medio diario,2020-04-28 00:00,cm,207.374999999988,Definitivo
23157030,BARRANCABERMEJA  - AUT [23157030],NIVEL,Nivel medio diario,2020-04-29 00:00,cm,241.749999999988,Definitivo
23157030,BARRANCABERMEJA  - AUT [23157030],NIVEL,Nivel medio diario,2020-04-30 00:00,cm,240.374999999997,Definitivo
23157030,BARRANCABERMEJA  - AUT [23157030],NIVEL,Nivel medio diario,2020-05-01 00:00,cm,248.499999999988,Definitivo
23157030,BARRANCABERMEJA  - AUT [23157030],NIVEL,Nivel medio diario,2020-05-02 00:00,cm,263.062499999993,Definitivo
23157030,BARRANCABERMEJA  - AUT [23157030],NIVEL,Nivel medio diario,2020-05-03 00:00,cm,264.31250000001,Definitivo
23157030,BARRANCABERMEJA  - AUT [23157030],NIVEL,Nivel medio diario,2020-05-04 00:00,cm,265.999999999968,Definitivo
23157030,BARRANCABERMEJA  - AUT [23157030],NIVEL,Nivel medio diario,2020-05-05 00:00,cm,291.250000000019,Definitivo
23157030,BARRANCABERMEJA  - AUT [23157030],NIVEL,Nivel medio diario,2020-05-06 00:00,cm,277.624999999988,Definitivo
23157030,BARRANCABERMEJA  - AUT [23157030],NIVEL,Nivel medio diario,2020-05-07 00:00,cm,278.562500000034,Definitivo
23157030,BARRANCABERMEJA  - AUT [23157030],NIVEL,Nivel medio diario,2020-05-08 00:00,cm,241.562500000002,Definitivo
23157030,BARRANCABERMEJA  - AUT [23157030],NIVEL,Nivel medio diario,2020-05-09 00:00,cm,240.562500000003,Definitivo
23157030,BARRANCABERMEJA  - AUT [23157030],NIVEL,Nivel medio diario,2020-05-10 00:00,cm,239.125000000006,Definitivo
23157030,BARRANCABERMEJA  - AUT [23157030],NIVEL,Nivel medio diario,2020-05-11 00:00,cm,224.437500000029,Definitivo
23157030,BARRANCABERMEJA  - AUT [23157030],NIVEL,Nivel medio diario,2020-05-12 00:00,cm,195.187499999984,Definitivo
23157030,BARRANCABERMEJA  - AUT [23157030],NIVEL,Nivel medio diario,2020-05-13 00:00,cm,220.812499999935,Definitivo
23157030,BARRANCABERMEJA  - AUT [23157030],NIVEL,Nivel medio diario,2020-05-14 00:00,cm,285.250000000025,Definitivo
23157030,BARRANCABERMEJA  - AUT [23157030],NIVEL,Nivel medio diario,2020-05-15 00:00,cm,251.375000000006,Definitivo
23157030,BARRANCABERMEJA  - AUT [23157030],NIVEL,Nivel medio diario,2020-05-16 00:00,cm,256.87499999998,Definitivo
23157030,BARRANCABERMEJA  - AUT [23157030],NIVEL,Nivel medio diario,2020-05-17 00:00,cm,269.062500000021,Definitivo
23157030,BARRANCABERMEJA  - AUT [23157030],NIVEL,Nivel medio diario,2020-05-18 00:00,cm,245.000000000018,Definitivo
23157030,BARRANCABERMEJA  - AUT [23157030],NIVEL,Nivel medio diario,2020-05-19 00:00,cm,224.437499999983,Definitivo
23157030,BARRANCABERMEJA  - AUT [23157030],NIVEL,Nivel medio diario,2020-05-20 00:00,cm,247.62499999999,Definitivo
23157030,BARRANCABERMEJA  - AUT [23157030],NIVEL,Nivel medio diario,2020-05-21 00:00,cm,250.500000000009,Definitivo
23157030,BARRANCABERMEJA  - AUT [23157030],NIVEL,Nivel medio diario,2020-05-22 00:00,cm,243.999999999953,Definitivo
23157030,BARRANCABERMEJA  - AUT [23157030],NIVEL,Nivel medio diario,2020-05-23 00:00,cm,278.125000000063,Definitivo
23157030,BARRANCABERMEJA  - AUT [23157030],NIVEL,Nivel medio diario,2020-05-24 00:00,cm,212.437499999988,Definitivo
23157030,BARRANCABERMEJA  - AUT [23157030],NIVEL,Nivel medio diario,2020-05-25 00:00,cm,228.812499999982,Definitivo
23157030,BARRANCABERMEJA  - AUT [23157030],NIVEL,Nivel medio diario,2020-05-26 00:00,cm,245.31250000003,Definitivo
23157030,BARRANCABERMEJA  - AUT [23157030],NIVEL,Nivel medio diario,2020-05-27 00:00,cm,207.062499999967,Definitivo
23157030,BARRANCABERMEJA  - AUT [23157030],NIVEL,Nivel medio diario,2020-05-28 00:00,cm,245.499999999995,Definitivo
23157030,BARRANCABERMEJA  - AUT [23157030],NIVEL,Nivel medio diario,2020-05-29 00:00,cm,244.312500000001,Definitivo
23157030,BARRANCABERMEJA  - AUT [23157030],NIVEL,Nivel medio diario,2020-05-30 00:00,cm,249.187499999981,Definitivo
23157030,BARRANCABERMEJA  - AUT [23157030],NIVEL,Nivel medio diario,2020-05-31 00:00,cm,279.687499999959,Definitivo
23157030,BARRANCABERMEJA  - AUT [23157030],NIVEL,Nivel medio diario,2020-06-01 00:00,cm,320.437500000002,Definitivo
23157030,BARRANCABERMEJA  - AUT [23157030],NIVEL,Nivel medio diario,2020-06-02 00:00,cm,319.437499999997,Definitivo
23157030,BARRANCABERMEJA  - AUT [23157030],NIVEL,Nivel medio diario,2020-06-03 00:00,cm,322.437499999987,Definitivo
23157030,BARRANCABERMEJA  - AUT [23157030],NIVEL,Nivel medio diario,2020-06-04 00:00,cm,338.374999999985,Definitivo
23157030,BARRANCABERMEJA  - AUT [23157030],NIVEL,Nivel medio diario,2020-06-05 00:00,cm,352.187500000028,Definitivo
23157030,BARRANCABERMEJA  - AUT [23157030],NIVEL,Nivel medio diario,2020-06-06 00:00,cm,319.687500000006,Definitivo
23157030,BARRANCABERMEJA  - AUT [23157030],NIVEL,Nivel medio diario,2020-06-07 00:00,cm,306.000000000023,Definitivo
23157030,BARRANCABERMEJA  - AUT [23157030],NIVEL,Nivel medio diario,2020-06-08 00:00,cm,279.125000000006,Definitivo
23157030,BARRANCABERMEJA  - AUT [23157030],NIVEL,Nivel medio diario,2020-06-09 00:00,cm,270.437500000022,Definitivo
23157030,BARRANCABERMEJA  - AUT [23157030],NIVEL,Nivel medio diario,2020-06-10 00:00,cm,241.562500000008,Definitivo
23157030,BARRANCABERMEJA  - AUT [23157030],NIVEL,Nivel medio diario,2020-06-11 00:00,cm,231.749999999989,Definitivo
23157030,BARRANCABERMEJA  - AUT [23157030],NIVEL,Nivel medio diario,2020-06-12 00:00,cm,253.687499999983,Definitivo
23157030,BARRANCABERMEJA  - AUT [23157030],NIVEL,Nivel medio diario,2020-06-13 00:00,cm,281.874999999958,Definitivo
23157030,BARRANCABERMEJA  - AUT [23157030],NIVEL,Nivel medio diario,2020-06-14 00:00,cm,313.937500000024,Definitivo
23157030,BARRANCABERMEJA  - AUT [23157030],NIVEL,Nivel medio diario,2020-06-15 00:00,cm,295.874999999986,Definitivo
23157030,BARRANCABERMEJA  - AUT [23157030],NIVEL,Nivel medio diario,2020-06-16 00:00,cm,302.500000000029,Definitivo
23157030,BARRANCABERMEJA  - AUT [23157030],NIVEL,Nivel medio diario,2020-06-17 00:00,cm,268.687499999996,Definitivo
23157030,BARRANCABERMEJA  - AUT [23157030],NIVEL,Nivel medio diario,2020-06-18 00:00,cm,278.187500000012,Definitivo
23157030,BARRANCABERMEJA  - AUT [23157030],NIVEL,Nivel medio diario,2020-06-19 00:00,cm,258.750000000004,Definitivo
23157030,BARRANCABERMEJA  - AUT [23157030],NIVEL,Nivel medio diario,2020-06-20 00:00,cm,251.625000000018,Definitivo
23157030,BARRANCABERMEJA  - AUT [23157030],NIVEL,Nivel medio diario,2020-06-21 00:00,cm,240.812499999979,Definitivo
23157030,BARRANCABERMEJA  - AUT [23157030],NIVEL,Nivel medio diario,2020-06-22 00:00,cm,255.500000000011,Definitivo
23157030,BARRANCABERMEJA  - AUT [23157030],NIVEL,Nivel medio diario,2020-06-23 00:00,cm,241.562499999979,Definitivo
23157030,BARRANCABERMEJA  - AUT [23157030],NIVEL,Nivel medio diario,2020-06-24 00:00,cm,266.125000000011,Definitivo
23157030,BARRANCABERMEJA  - AUT [23157030],NIVEL,Nivel medio diario,2020-06-25 00:00,cm,255.437500000007,Definitivo
23157030,BARRANCABERMEJA  - AUT [23157030],NIVEL,Nivel medio diario,2020-06-26 00:00,cm,235.687500000009,Definitivo
23157030,BARRANCABERMEJA  - AUT [23157030],NIVEL,Nivel medio diario,2020-06-27 00:00,cm,243.374999999973,Definitivo
23157030,BARRANCABERMEJA  - AUT [23157030],NIVEL,Nivel medio diario,2020-06-28 00:00,cm,271.12499999995,Definitivo
23157030,BARRANCABERMEJA  - AUT [23157030],NIVEL,Nivel medio diario,2020-06-29 00:00,cm,323.562499999997,Definitivo
23157030,BARRANCABERMEJA  - AUT [23157030],NIVEL,Nivel medio diario,2020-06-30 00:00,cm,320.312500000002,Definitivo
23157030,BARRANCABERMEJA  - AUT [23157030],NIVEL,Nivel medio diario,2020-07-01 00:00,cm,318.875000000021,Definitivo
23157030,BARRANCABERMEJA  - AUT [23157030],NIVEL,Nivel medio diario,2020-07-02 00:00,cm,295.124999999998,Definitivo
23157030,BARRANCABERMEJA  - AUT [23157030],NIVEL,Nivel medio diario,2020-07-03 00:00,cm,311.437500000009,Definitivo
23157030,BARRANCABERMEJA  - AUT [23157030],NIVEL,Nivel medio diario,2020-07-04 00:00,cm,289.812499999975,Definitivo
23157030,BARRANCABERMEJA  - AUT [23157030],NIVEL,Nivel medio diario,2020-07-05 00:00,cm,362.187499999939,Definitivo
23157030,BARRANCABERMEJA  - AUT [23157030],NIVEL,Nivel medio diario,2020-07-06 00:00,cm,408.312500000054,Definitivo
23157030,BARRANCABERMEJA  - AUT [23157030],NIVEL,Nivel medio diario,2020-07-07 00:00,cm,350.437499999997,Definitivo
23157030,BARRANCABERMEJA  - AUT [23157030],NIVEL,Nivel medio diario,2020-07-08 00:00,cm,352.125000000023,Definitivo
23157030,BARRANCABERMEJA  - AUT [23157030],NIVEL,Nivel medio diario,2020-07-09 00:00,cm,322.499999999988,Definitivo
23157030,BARRANCABERMEJA  - AUT [23157030],NIVEL,Nivel medio diario,2020-07-10 00:00,cm,346.874999999993,Definitivo
23157030,BARRANCABERMEJA  - AUT [23157030],NIVEL,Nivel medio diario,2020-07-11 00:00,cm,354.187499999989,Definitivo
23157030,BARRANCABERMEJA  - AUT [23157030],NIVEL,Nivel medio diario,2020-07-12 00:00,cm,365.937500000038,Definitivo
23157030,BARRANCABERMEJA  - AUT [23157030],NIVEL,Nivel medio diario,2020-07-13 00:00,cm,315.18750000002,Definitivo
23157030,BARRANCABERMEJA  - AUT [23157030],NIVEL,Nivel medio diario,2020-07-14 00:00,cm,298.937499999976,Definitivo
23157030,BARRANCABERMEJA  - AUT [23157030],NIVEL,Nivel medio diario,2020-07-15 00:00,cm,326.750000000042,Definitivo
23157030,BARRANCABERMEJA  - AUT [23157030],NIVEL,Nivel medio diario,2020-07-16 00:00,cm,275.187500000023,Definitivo
23157030,BARRANCABERMEJA  - AUT [23157030],NIVEL,Nivel medio diario,2020-07-17 00:00,cm,249.687500000016,Definitivo
23157030,BARRANCABERMEJA  - AUT [23157030],NIVEL,Nivel medio diario,2020-07-18 00:00,cm,232.125000000013,Definitivo
23157030,BARRANCABERMEJA  - AUT [23157030],NIVEL,Nivel medio diario,2020-07-19 00:00,cm,214.937499999987,Definitivo
23157030,BARRANCABERMEJA  - AUT [23157030],NIVEL,Nivel medio diario,2020-07-20 00:00,cm,231.812500000022,Definitivo
23157030,BARRANCABERMEJA  - AUT [23157030],NIVEL,Nivel medio diario,2020-07-21 00:00,cm,194.750000000021,Definitivo
23157030,BARRANCABERMEJA  - AUT [23157030],NIVEL,Nivel medio diario,2020-07-22 00:00,cm,175.749999999968,Definitivo
23157030,BARRANCABERMEJA  - AUT [23157030],NIVEL,Nivel medio diario,2020-07-23 00:00,cm,219.937499999985,Definitivo
23157030,BARRANCABERMEJA  - AUT [23157030],NIVEL,Nivel medio diario,2020-07-24 00:00,cm,241.437499999966,Definitivo
23157030,BARRANCABERMEJA  - AUT [23157030],NIVEL,Nivel medio diario,2020-07-25 00:00,cm,290.687499999949,Definitivo
23157030,BARRANCABERMEJA  - AUT [23157030],NIVEL,Nivel medio diario,2020-07-26 00:00,cm,332.375000000029,Definitivo
23157030,BARRANCABERMEJA  - AUT [23157030],NIVEL,Nivel medio diario,2020-07-27 00:00,cm,305.99999999996,Definitivo
23157030,BARRANCABERMEJA  - AUT [23157030],NIVEL,Nivel medio diario,2020-07-28 00:00,cm,364.999999999965,Definitivo
23157030,BARRANCABERMEJA  - AUT [23157030],NIVEL,Nivel medio diario,2020-07-29 00:00,cm,387.25000000007,Definitivo
23157030,BARRANCABERMEJA  - AUT [23157030],NIVEL,Nivel medio diario,2020-07-30 00:00,cm,309.374999999981,Definitivo
23157030,BARRANCABERMEJA  - AUT [23157030],NIVEL,Nivel medio diario,2020-07-31 00:00,cm,334.125000000007,Definitivo
23157030,BARRANCABERMEJA  - AUT [23157030],NIVEL,Nivel medio diario,2020-08-01 00:00,cm,318.812500000039,Definitivo
23157030,BARRANCABERMEJA  - AUT [23157030],NIVEL,Nivel medio diario,2020-08-02 00:00,cm,262.687500000025,Definitivo
23157030,BARRANCABERMEJA  - AUT [23157030],NIVEL,Nivel medio diario,2020-08-03 00:00,cm,241.812500000006,Definitivo
23157030,BARRANCABERMEJA  - AUT [23157030],NIVEL,Nivel medio diario,2020-08-04 00:00,cm,230.749999999987,Definitivo
23157030,BARRANCABERMEJA  - AUT [23157030],NIVEL,Nivel medio diario,2020-08-05 00:00,cm,238.375000000026,Definitivo
23157030,BARRANCABERMEJA  - AUT [23157030],NIVEL,Nivel medio diario,2020-08-06 00:00,cm,211.125000000007,Definitivo
23157030,BARRANCABERMEJA  - AUT [23157030],NIVEL,Nivel medio diario,2020-08-07 00:00,cm,196.187500000018,Definitivo
23157030,BARRANCABERMEJA  - AUT [23157030],NIVEL,Nivel medio diario,2020-08-08 00:00,cm,179.374999999993,Definitivo
23157030,BARRANCABERMEJA  - AUT [23157030],NIVEL,Nivel medio diario,2020-08-09 00:00,cm,177.875000000022,Definitivo
23157030,BARRANCABERMEJA  - AUT [23157030],NIVEL,Nivel medio diario,2020-08-10 00:00,cm,152.499999999994,Definitivo
23157030,BARRANCABERMEJA  - AUT [23157030],NIVEL,Nivel medio diario,2020-08-11 00:00,cm,169.874999999978,Definitivo
23157030,BARRANCABERMEJA  - AUT [23157030],NIVEL,Nivel medio diario,2020-08-12 00:00,cm,191.624999999993,Definitivo
23157030,BARRANCABERMEJA  - AUT [23157030],NIVEL,Nivel medio diario,2020-08-13 00:00,cm,194.750000000014,Definitivo
23157030,BARRANCABERMEJA  - AUT [23157030],NIVEL,Nivel medio diario,2020-08-14 00:00,cm,183.124999999971,Definitivo
23157030,BARRANCABERMEJA  - AUT [23157030],NIVEL,Nivel medio diario,2020-08-15 00:00,cm,220.687500000002,Definitivo
23157030,BARRANCABERMEJA  - AUT [23157030],NIVEL,Nivel medio diario,2020-08-16 00:00,cm,215.312499999997,Definitivo
23157030,BARRANCABERMEJA  - AUT [23157030],NIVEL,Nivel medio diario,2020-08-17 00:00,cm,225.999999999969,Definitivo
23157030,BARRANCABERMEJA  - AUT [23157030],NIVEL,Nivel medio diario,2020-08-18 00:00,cm,272.124999999987,Definitivo
23157030,BARRANCABERMEJA  - AUT [23157030],NIVEL,Nivel medio diario,2020-08-19 00:00,cm,271.250000000021,Definitivo
23157030,BARRANCABERMEJA  - AUT [23157030],NIVEL,Nivel medio diario,2020-08-20 00:00,cm,257.374999999963,Definitivo
23157030,BARRANCABERMEJA  - AUT [23157030],NIVEL,Nivel medio diario,2020-08-21 00:00,cm,313.24999999998,Definitivo
23157030,BARRANCABERMEJA  - AUT [23157030],NIVEL,Nivel medio diario,2020-08-22 00:00,cm,333.562499999985,Definitivo
23157030,BARRANCABERMEJA  - AUT [23157030],NIVEL,Nivel medio diario,2020-08-23 00:00,cm,365.312499999966,Definitivo
23157030,BARRANCABERMEJA  - AUT [23157030],NIVEL,Nivel medio diario,2020-08-24 00:00,cm,395.625000000038,Definitivo
23157030,BARRANCABERMEJA  - AUT [23157030],NIVEL,Nivel medio diario,2020-08-25 00:00,cm,364.999999999968,Definitivo
23157030,BARRANCABERMEJA  - AUT [23157030],NIVEL,Nivel medio diario,2020-08-26 00:00,cm,383.43750000004,Definitivo
23157030,BARRANCABERMEJA  - AUT [23157030],NIVEL,Nivel medio diario,2020-08-27 00:00,cm,336.062500000023,Definitivo
23157030,BARRANCABERMEJA  - AUT [23157030],NIVEL,Nivel medio diario,2020-08-28 00:00,cm,314.999999999995,Definitivo
23157030,BARRANCABERMEJA  - AUT [23157030],NIVEL,Nivel medio diario,2020-08-29 00:00,cm,314.500000000014,Definitivo
23157030,BARRANCABERMEJA  - AUT [23157030],NIVEL,Nivel medio diario,2020-08-30 00:00,cm,302.999999999994,Definitivo
23157030,BARRANCABERMEJA  - AUT [23157030],NIVEL,Nivel medio diario,2020-08-31 00:00,cm,295.187500000021,Definitivo
23157030,BARRANCABERMEJA  - AUT [23157030],NIVEL,Nivel medio diario,2020-09-01 00:00,cm,288.874999999974,Definitivo
23157030,BARRANCABERMEJA  - AUT [23157030],NIVEL,Nivel medio diario,2020-09-02 00:00,cm,342.812499999951,Definitivo
23157030,BARRANCABERMEJA  - AUT [23157030],NIVEL,Nivel medio diario,2020-09-03 00:00,cm,388.437500000003,Definitivo
23157030,BARRANCABERMEJA  - AUT [23157030],NIVEL,Nivel medio diario,2020-09-04 00:00,cm,363.437500000047,Definitivo
23157030,BARRANCABERMEJA  - AUT [23157030],NIVEL,Nivel medio diario,2020-09-05 00:00,cm,318.124999999986,Definitivo
23157030,BARRANCABERMEJA  - AUT [23157030],NIVEL,Nivel medio diario,2020-09-06 00:00,cm,336.874999999988,Definitivo
23157030,BARRANCABERMEJA  - AUT [23157030],NIVEL,Nivel medio diario,2020-09-07 00:00,cm,342.812500000025,Definitivo
23157030,BARRANCABERMEJA  - AUT [23157030],NIVEL,Nivel medio diario,2020-09-08 00:00,cm,317.812499999986,Definitivo
23157030,BARRANCABERMEJA  - AUT [23157030],NIVEL,Nivel medio diario,2020-09-09 00:00,cm,349.999999999994,Definitivo
23157030,BARRANCABERMEJA  - AUT [23157030],NIVEL,Nivel medio diario,2020-09-10 00:00,cm,341.875000000005,Definitivo
23157030,BARRANCABERMEJA  - AUT [23157030],NIVEL,Nivel medio diario,2020-09-11 00:00,cm,342.250000000009,Definitivo
23157030,BARRANCABERMEJA  - AUT [23157030],NIVEL,Nivel medio diario,2020-09-12 00:00,cm,324.875000000023,Definitivo
23157030,BARRANCABERMEJA  - AUT [23157030],NIVEL,Nivel medio diario,2020-09-13 00:00,cm,306.875000000017,Definitivo
23157030,BARRANCABERMEJA  - AUT [23157030],NIVEL,Nivel medio diario,2020-09-14 00:00,cm,277.187500000039,Definitivo
23157030,BARRANCABERMEJA  - AUT [23157030],NIVEL,Nivel medio diario,2020-09-15 00:00,cm,227.50000000001,Definitivo
23157030,BARRANCABERMEJA  - AUT [23157030],NIVEL,Nivel medio diario,2020-09-16 00:00,cm,228.749999999971,Definitivo
23157030,BARRANCABERMEJA  - AUT [23157030],NIVEL,Nivel medio diario,2020-09-17 00:00,cm,254.374999999992,Definitivo
23157030,BARRANCABERMEJA  - AUT [23157030],NIVEL,Nivel medio diario,2020-09-18 00:00,cm,266.562499999996,Definitivo
23157030,BARRANCABERMEJA  - AUT [23157030],NIVEL,Nivel medio diario,2020-09-19 00:00,cm,289.999999999948,Definitivo
23157030,BARRANCABERMEJA  - AUT [23157030],NIVEL,Nivel medio diario,2020-09-20 00:00,cm,329.37500000002,Definitivo
23157030,BARRANCABERMEJA  - AUT [23157030],NIVEL,Nivel medio diario,2020-09-21 00:00,cm,299.437500000016,Definitivo
23157030,BARRANCABERMEJA  - AUT [23157030],NIVEL,Nivel medio diario,2020-09-22 00:00,cm,292.625000000004,Definitivo
23157030,BARRANCABERMEJA  - AUT [23157030],NIVEL,Nivel medio diario,2020-09-23 00:00,cm,280.6875,Definitivo
23157030,BARRANCABERMEJA  - AUT [23157030],NIVEL,Nivel medio diario,2020-09-24 00:00,cm,282.312500000006,Definitivo
23157030,BARRANCABERMEJA  - AUT [23157030],NIVEL,Nivel medio diario,2020-09-25 00:00,cm,271.624999999999,Definitivo
23157030,BARRANCABERMEJA  - AUT [23157030],NIVEL,Nivel medio diario,2020-09-26 00:00,cm,270.000000000015,Definitivo
23157030,BARRANCABERMEJA  - AUT [23157030],NIVEL,Nivel medio diario,2020-09-27 00:00,cm,256.249999999972,Definitivo
23157030,BARRANCABERMEJA  - AUT [23157030],NIVEL,Nivel medio diario,2020-09-28 00:00,cm,300.750000000005,Definitivo
23157030,BARRANCABERMEJA  - AUT [23157030],NIVEL,Nivel medio diario,2020-09-29 00:00,cm,284.375000000016,Definitivo
23157030,BARRANCABERMEJA  - AUT [23157030],NIVEL,Nivel medio diario,2020-09-30 00:00,cm,285.499999999959,Definitivo
23157030,BARRANCABERMEJA  - AUT [23157030],NIVEL,Nivel medio diario,2020-10-01 00:00,cm,317.812500000011,Definitivo
23157030,BARRANCABERMEJA  - AUT [23157030],NIVEL,Nivel medio diario,2020-10-02 00:00,cm,306.562499999997,Definitivo
23157030,BARRANCABERMEJA  - AUT [23157030],NIVEL,Nivel medio diario,2020-10-03 00:00,cm,301.000000000006,Definitivo
23157030,BARRANCABERMEJA  - AUT [23157030],NIVEL,Nivel medio diario,2020-10-04 00:00,cm,319.18749999995,Definitivo
23157030,BARRANCABERMEJA  - AUT [23157030],NIVEL,Nivel medio diario,2020-10-05 00:00,cm,372.624999999985,Definitivo
23157030,BARRANCABERMEJA  - AUT [23157030],NIVEL,Nivel medio diario,2020-10-06 00:00,cm,378.374999999998,Definitivo
23157030,BARRANCABERMEJA  - AUT [23157030],NIVEL,Nivel medio diario,2020-10-07 00:00,cm,374.375000000039,Definitivo
23157030,BARRANCABERMEJA  - AUT [23157030],NIVEL,Nivel medio diario,2020-10-08 00:00,cm,328.874999999993,Definitivo
23157030,BARRANCABERMEJA  - AUT [23157030],NIVEL,Nivel medio diario,2020-10-09 00:00,cm,337.250000000006,Definitivo
23157030,BARRANCABERMEJA  - AUT [23157030],NIVEL,Nivel medio diario,2020-10-10 00:00,cm,300.687500000033,Definitivo
23157030,BARRANCABERMEJA  - AUT [23157030],NIVEL,Nivel medio diario,2020-10-11 00:00,cm,276.562499999981,Definitivo
23157030,BARRANCABERMEJA  - AUT [23157030],NIVEL,Nivel medio diario,2020-10-12 00:00,cm,293.000000000012,Definitivo
23157030,BARRANCABERMEJA  - AUT [23157030],NIVEL,Nivel medio diario,2020-10-13 00:00,cm,283.374999999979,Definitivo
23157030,BARRANCABERMEJA  - AUT [23157030],NIVEL,Nivel medio diario,2020-10-14 00:00,cm,319.562499999986,Definitivo
23157030,BARRANCABERMEJA  - AUT [23157030],NIVEL,Nivel medio diario,2020-10-15 00:00,cm,318.437500000036,Definitivo
23157030,BARRANCABERMEJA  - AUT [23157030],NIVEL,Nivel medio diario,2020-10-16 00:00,cm,279.250000000024,Definitivo
23157030,BARRANCABERMEJA  - AUT [23157030],NIVEL,Nivel medio diario,2020-10-17 00:00,cm,248.749999999994,Definitivo
23157030,BARRANCABERMEJA  - AUT [23157030],NIVEL,Nivel medio diario,2020-10-18 00:00,cm,248.312500000009,Definitivo
23157030,BARRANCABERMEJA  - AUT [23157030],NIVEL,Nivel medio diario,2020-10-19 00:00,cm,247.187499999967,Definitivo
23157030,BARRANCABERMEJA  - AUT [23157030],NIVEL,Nivel medio diario,2020-10-20 00:00,cm,279.562500000027,Definitivo
23157030,BARRANCABERMEJA  - AUT [23157030],NIVEL,Nivel medio diario,2020-10-21 00:00,cm,244.437500000018,Definitivo
23157030,BARRANCABERMEJA  - AUT [23157030],NIVEL,Nivel medio diario,2020-10-22 00:00,cm,232.499999999969,Definitivo
23157030,BARRANCABERMEJA  - AUT [23157030],NIVEL,Nivel medio diario,2020-10-23 00:00,cm,265.749999999964,Definitivo
23157030,BARRANCABERMEJA  - AUT [23157030],NIVEL,Nivel medio diario,2020-10-24 00:00,cm,309.375,Definitivo
23157030,BARRANCABERMEJA  - AUT [23157030],NIVEL,Nivel medio diario,2020-10-25 00:00,cm,307.125000000019,Definitivo
23157030,BARRANCABERMEJA  - AUT [23157030],NIVEL,Nivel medio diario,2020-10-26 00:00,cm,284.500000000005,Definitivo
23157030,BARRANCABERMEJA  - AUT [23157030],NIVEL,Nivel medio diario,2020-10-27 00:00,cm,281.249999999997,Definitivo
23157030,BARRANCABERMEJA  - AUT [23157030],NIVEL,Nivel medio diario,2020-10-28 00:00,cm,278.250000000031,Definitivo
23157030,BARRANCABERMEJA  - AUT [23157030],NIVEL,Nivel medio diario,2020-10-29 00:00,cm,248.99999999997,Definitivo
23157030,BARRANCABERMEJA  - AUT [23157030],NIVEL,Nivel medio diario,2020-10-30 00:00,cm,282.312499999994,Definitivo
23157030,BARRANCABERMEJA  - AUT [23157030],NIVEL,Nivel medio diario,2020-10-31 00:00,cm,289.124999999995,Definitivo
23157030,BARRANCABERMEJA  - AUT [23157030],NIVEL,Nivel medio diario,2020-11-01 00:00,cm,315.374999999956,Definitivo
23157030,BARRANCABERMEJA  - AUT [23157030],NIVEL,Nivel medio diario,2020-11-02 00:00,cm,362.187500000018,Definitivo
23157030,BARRANCABERMEJA  - AUT [23157030],NIVEL,Nivel medio diario,2020-11-03 00:00,cm,325.687500000018,Definitivo
23157030,BARRANCABERMEJA  - AUT [23157030],NIVEL,Nivel medio diario,2020-11-04 00:00,cm,315.000000000011,Definitivo
23157030,BARRANCABERMEJA  - AUT [23157030],NIVEL,Nivel medio diario,2020-11-05 00:00,cm,300.374999999986,Definitivo
23157030,BARRANCABERMEJA  - AUT [23157030],NIVEL,Nivel medio diario,2020-11-06 00:00,cm,310.18750000001,Definitivo
23157030,BARRANCABERMEJA  - AUT [23157030],NIVEL,Nivel medio diario,2020-11-07 00:00,cm,307.249999999971,Definitivo
23157030,BARRANCABERMEJA  - AUT [23157030],NIVEL,Nivel medio diario,2020-11-08 00:00,cm,326.687500000034,Definitivo
23157030,BARRANCABERMEJA  - AUT [23157030],NIVEL,Nivel medio diario,2020-11-09 00:00,cm,284.312499999984,Definitivo
23157030,BARRANCABERMEJA  - AUT [23157030],NIVEL,Nivel medio diario,2020-11-10 00:00,cm,330.499999999958,Definitivo
23157030,BARRANCABERMEJA  - AUT [23157030],NIVEL,Nivel medio diario,2020-11-11 00:00,cm,370.312499999966,Definitivo
23157030,BARRANCABERMEJA  - AUT [23157030],NIVEL,Nivel medio diario,2020-11-12 00:00,cm,411.562499999995,Definitivo
23157030,BARRANCABERMEJA  - AUT [23157030],NIVEL,Nivel medio diario,2020-11-13 00:00,cm,413.749999999979,Definitivo
23157030,BARRANCABERMEJA  - AUT [23157030],NIVEL,Nivel medio diario,2020-11-14 00:00,cm,444.624999999983,Definitivo
23157030,BARRANCABERMEJA  - AUT [23157030],NIVEL,Nivel medio diario,2020-11-15 00:00,cm,448.625000000034,Definitivo
23157030,BARRANCABERMEJA  - AUT [23157030],NIVEL,Nivel medio diario,2020-11-16 00:00,cm,421.187499999983,Definitivo
23157030,BARRANCABERMEJA  - AUT [23157030],NIVEL,Nivel medio diario,2020-11-17 00:00,cm,442.812499999997,Definitivo
23157030,BARRANCABERMEJA  - AUT [23157030],NIVEL,Nivel medio diario,2020-11-18 00:00,cm,439.187499999995,Definitivo
23157030,BARRANCABERMEJA  - AUT [23157030],NIVEL,Nivel medio diario,2020-11-19 00:00,cm,446.125000000015,Definitivo
23157030,BARRANCABERMEJA  - AUT [23157030],NIVEL,Nivel medio diario,2020-11-20 00:00,cm,425.437499999999,Definitivo
23157030,BARRANCABERMEJA  - AUT [23157030],NIVEL,Nivel medio diario,2020-11-21 00:00,cm,424.687500000018,Definitivo
23157030,BARRANCABERMEJA  - AUT [23157030],NIVEL,Nivel medio diario,2020-11-22 00:00,cm,403.187500000005,Definitivo
23157030,BARRANCABERMEJA  - AUT [23157030],NIVEL,Nivel medio diario,2020-11-23 00:00,cm,393.187500000017,Definitivo
23157030,BARRANCABERMEJA  - AUT [23157030],NIVEL,Nivel medio diario,2020-11-24 00:00,cm,370.312499999986,Definitivo
23157030,BARRANCABERMEJA  - AUT [23157030],NIVEL,Nivel medio diario,2020-11-25 00:00,cm,381.937500000036,Definitivo
23157030,BARRANCABERMEJA  - AUT [23157030],NIVEL,Nivel medio diario,2020-11-26 00:00,cm,338.437500000011,Definitivo
23157030,BARRANCABERMEJA  - AUT [23157030],NIVEL,Nivel medio diario,2020-11-27 00:00,cm,341.624999999957,Definitivo
23157030,BARRANCABERMEJA  - AUT [23157030],NIVEL,Nivel medio diario,2020-11-28 00:00,cm,391.499999999963,Definitivo
23157030,BARRANCABERMEJA  - AUT [23157030],NIVEL,Nivel medio diario,2020-11-29 00:00,cm,432.437500000003,Definitivo
23157030,BARRANCABERMEJA  - AUT [23157030],NIVEL,Nivel medio diario,2020-11-30 00:00,cm,417.687500000018,Definitivo
23157030,BARRANCABERMEJA  - AUT [23157030],NIVEL,Nivel medio diario,2020-12-01 00:00,cm,399.124999999978,Definitivo
23157030,BARRANCABERMEJA  - AUT [23157030],NIVEL,Nivel medio diario,2020-12-02 00:00,cm,416.625000000016,Definitivo
23157030,BARRANCABERMEJA  - AUT [23157030],NIVEL,Nivel medio diario,2020-12-03 00:00,cm,406.062499999962,Definitivo
23157030,BARRANCABERMEJA  - AUT [23157030],NIVEL,Nivel medio diario,2020-12-04 00:00,cm,452.999999999992,Definitivo
23157030,BARRANCABERMEJA  - AUT [23157030],NIVEL,Nivel medio diario,2020-12-05 00:00,cm,452.562500000021,Definitivo
23157030,BARRANCABERMEJA  - AUT [23157030],NIVEL,Nivel medio diario,2020-12-06 00:00,cm,426.125000000036,Definitivo
23157030,BARRANCABERMEJA  - AUT [23157030],NIVEL,Nivel medio diario,2020-12-07 00:00,cm,383.625000000012,Definitivo
23157030,BARRANCABERMEJA  - AUT [23157030],NIVEL,Nivel medio diario,2020-12-08 00:00,cm,362.812500000024,Definitivo
23157030,BARRANCABERMEJA  - AUT [23157030],NIVEL,Nivel medio diario,2020-12-09 00:00,cm,341.999999999993,Definitivo
23157030,BARRANCABERMEJA  - AUT [23157030],NIVEL,Nivel medio diario,2020-12-10 00:00,cm,343.000000000031,Definitivo
23157030,BARRANCABERMEJA  - AUT [23157030],NIVEL,Nivel medio diario,2020-12-11 00:00,cm,302.500000000018,Definitivo
23157030,BARRANCABERMEJA  - AUT [23157030],NIVEL,Nivel medio diario,2020-12-12 00:00,cm,292.4375,Definitivo
23157030,BARRANCABERMEJA  - AUT [23157030],NIVEL,Nivel medio diario,2020-12-13 00:00,cm,270.562500000036,Definitivo
23157030,BARRANCABERMEJA  - AUT [23157030],NIVEL,Nivel medio diario,2020-12-14 00:00,cm,230.625000000007,Definitivo
23157030,BARRANCABERMEJA  - AUT [23157030],NIVEL,Nivel medio diario,2020-12-15 00:00,cm,229.999999999982,Definitivo
23157030,BARRANCABERMEJA  - AUT [23157030],NIVEL,Nivel medio diario,2020-12-16 00:00,cm,265.374999999986,Definitivo
23157030,BARRANCABERMEJA  - AUT [23157030],NIVEL,Nivel medio diario,2020-12-17 00:00,cm,282.249999999991,Definitivo
23157030,BARRANCABERMEJA  - AUT [23157030],NIVEL,Nivel medio diario,2020-12-18 00:00,cm,287.312500000015,Definitivo
23157030,BARRANCABERMEJA  - AUT [23157030],NIVEL,Nivel medio diario,2020-12-19 00:00,cm,279.312500000005,Definitivo
23157030,BARRANCABERMEJA  - AUT [23157030],NIVEL,Nivel medio diario,2020-12-20 00:00,cm,270.687499999996,Definitivo
23157030,BARRANCABERMEJA  - AUT [23157030],NIVEL,Nivel medio diario,2020-12-21 00:00,cm,275.749999999996,Definitivo
23157030,BARRANCABERMEJA  - AUT [23157030],NIVEL,Nivel medio diario,2020-12-22 00:00,cm,291.624999999999,Definitivo
23157030,BARRANCABERMEJA  - AUT [23157030],NIVEL,Nivel medio diario,2020-12-23 00:00,cm,283.000000000021,Definitivo
23157030,BARRANCABERMEJA  - AUT [23157030],NIVEL,Nivel medio diario,2020-12-24 00:00,cm,256.500000000014,Definitivo
23157030,BARRANCABERMEJA  - AUT [23157030],NIVEL,Nivel medio diario,2020-12-25 00:00,cm,256.31249999996,Definitivo
23157030,BARRANCABERMEJA  - AUT [23157030],NIVEL,Nivel medio diario,2020-12-26 00:00,cm,296.18750000003,Definitivo
23157030,BARRANCABERMEJA  - AUT [23157030],NIVEL,Nivel medio diario,2020-12-27 00:00,cm,270.374999999974,Definitivo
23157030,BARRANCABERMEJA  - AUT [23157030],NIVEL,Nivel medio diario,2020-12-28 00:00,cm,300.874999999999,Definitivo
23157030,BARRANCABERMEJA  - AUT [23157030],NIVEL,Nivel medio diario,2020-12-29 00:00,cm,295.250000000031,Definitivo
23157030,BARRANCABERMEJA  - AUT [23157030],NIVEL,Nivel medio diario,2020-12-30 00:00,cm,258.625000000001,Definitivo
23157030,BARRANCABERMEJA  - AUT [23157030],NIVEL,Nivel medio diario,2020-12-31 00:00,cm,260.124999999991,Preliminar
23157030,BARRANCABERMEJA  - AUT [23157030],NIVEL,Nivel medio diario,2021-01-01 00:00,cm,263.125000000021,Definitivo
23157030,BARRANCABERMEJA  - AUT [23157030],NIVEL,Nivel medio diario,2021-01-02 00:00,cm,238.187500000012,Definitivo
23157030,BARRANCABERMEJA  - AUT [23157030],NIVEL,Nivel medio diario,2021-01-03 00:00,cm,229.312499999989,Definitivo
23157030,BARRANCABERMEJA  - AUT [23157030],NIVEL,Nivel medio diario,2021-01-04 00:00,cm,281.374999999951,Definitivo
23157030,BARRANCABERMEJA  - AUT [23157030],NIVEL,Nivel medio diario,2021-01-05 00:00,cm,309.375000000046,Definitivo
23157030,BARRANCABERMEJA  - AUT [23157030],NIVEL,Nivel medio diario,2021-01-06 00:00,cm,257.50000000002,Definitivo
23157030,BARRANCABERMEJA  - AUT [23157030],NIVEL,Nivel medio diario,2021-01-07 00:00,cm,237.562499999994,Definitivo
23157030,BARRANCABERMEJA  - AUT [23157030],NIVEL,Nivel medio diario,2021-01-08 00:00,cm,245.312500000017,Definitivo
23157030,BARRANCABERMEJA  - AUT [23157030],NIVEL,Nivel medio diario,2021-01-09 00:00,cm,232.874999999967,Definitivo
23157030,BARRANCABERMEJA  - AUT [23157030],NIVEL,Nivel medio diario,2021-01-10 00:00,cm,274.624999999979,Definitivo
23157030,BARRANCABERMEJA  - AUT [23157030],NIVEL,Nivel medio diario,2021-01-11 00:00,cm,289.937500000036,Definitivo
23157030,BARRANCABERMEJA  - AUT [23157030],NIVEL,Nivel medio diario,2021-01-12 00:00,cm,253.562499999978,Definitivo
23157030,BARRANCABERMEJA  - AUT [23157030],NIVEL,Nivel medio diario,2021-01-13 00:00,cm,282.312500000002,Definitivo
23157030,BARRANCABERMEJA  - AUT [23157030],NIVEL,Nivel medio diario,2021-01-14 00:00,cm,279.749999999999,Definitivo
23157030,BARRANCABERMEJA  - AUT [23157030],NIVEL,Nivel medio diario,2021-01-15 00:00,cm,280.12500000004,Definitivo
23157030,BARRANCABERMEJA  - AUT [23157030],NIVEL,Nivel medio diario,2021-01-16 00:00,cm,222.875000000037,Definitivo
23157030,BARRANCABERMEJA  - AUT [23157030],NIVEL,Nivel medio diario,2021-01-17 00:00,cm,184.687499999997,Definitivo
23157030,BARRANCABERMEJA  - AUT [23157030],NIVEL,Nivel medio diario,2021-01-18 00:00,cm,183.875000000011,Definitivo
23157030,BARRANCABERMEJA  - AUT [23157030],NIVEL,Nivel medio diario,2021-01-19 00:00,cm,173.187499999986,Definitivo
23157030,BARRANCABERMEJA  - AUT [23157030],NIVEL,Nivel medio diario,2021-01-20 00:00,cm,193.187500000001,Definitivo
23157030,BARRANCABERMEJA  - AUT [23157030],NIVEL,Nivel medio diario,2021-01-21 00:00,cm,188.500000000016,Definitivo
23157030,BARRANCABERMEJA  - AUT [23157030],NIVEL,Nivel medio diario,2021-01-22 00:00,cm,168.312500000008,Definitivo
23157030,BARRANCABERMEJA  - AUT [23157030],NIVEL,Nivel medio diario,2021-01-23 00:00,cm,152.562500000012,Definitivo
23157030,BARRANCABERMEJA  - AUT [23157030],NIVEL,Nivel medio diario,2021-01-24 00:00,cm,147.74999999997,Definitivo
23157030,BARRANCABERMEJA  - AUT [23157030],NIVEL,Nivel medio diario,2021-01-25 00:00,cm,173.250000000008,Definitivo
23157030,BARRANCABERMEJA  - AUT [23157030],NIVEL,Nivel medio diario,2021-01-26 00:00,cm,164.125000000003,Definitivo
23157030,BARRANCABERMEJA  - AUT [23157030],NIVEL,Nivel medio diario,2021-01-27 00:00,cm,160.749999999999,Definitivo
23157030,BARRANCABERMEJA  - AUT [23157030],NIVEL,Nivel medio diario,2021-01-28 00:00,cm,147.437500000004,Definitivo
23157030,BARRANCABERMEJA  - AUT [23157030],NIVEL,Nivel medio diario,2021-01-29 00:00,cm,163.999999999984,Definitivo
23157030,BARRANCABERMEJA  - AUT [23157030],NIVEL,Nivel medio diario,2021-01-30 00:00,cm,169.812500000021,Definitivo
23157030,BARRANCABERMEJA  - AUT [23157030],NIVEL,Nivel medio diario,2021-01-31 00:00,cm,153.062499999985,Definitivo
23157030,BARRANCABERMEJA  - AUT [23157030],NIVEL,Nivel medio diario,2021-02-01 00:00,cm,165.937499999998,Definitivo
23157030,BARRANCABERMEJA  - AUT [23157030],NIVEL,Nivel medio diario,2021-02-02 00:00,cm,152.250000000011,Definitivo
23157030,BARRANCABERMEJA  - AUT [23157030],NIVEL,Nivel medio diario,2021-02-03 00:00,cm,153.062499999987,Definitivo
23157030,BARRANCABERMEJA  - AUT [23157030],NIVEL,Nivel medio diario,2021-02-04 00:00,cm,160.812499999987,Definitivo
23157030,BARRANCABERMEJA  - AUT [23157030],NIVEL,Nivel medio diario,2021-02-05 00:00,cm,183.249999999988,Definitivo
23157030,BARRANCABERMEJA  - AUT [23157030],NIVEL,Nivel medio diario,2021-02-06 00:00,cm,195.312500000004,Definitivo
23157030,BARRANCABERMEJA  - AUT [23157030],NIVEL,Nivel medio diario,2021-02-07 00:00,cm,193.812499999992,Definitivo
23157030,BARRANCABERMEJA  - AUT [23157030],NIVEL,Nivel medio diario,2021-02-08 00:00,cm,189.375000000017,Definitivo
23157030,BARRANCABERMEJA  - AUT [23157030],NIVEL,Nivel medio diario,2021-02-09 00:00,cm,183.187499999979,Definitivo
23157030,BARRANCABERMEJA  - AUT [23157030],NIVEL,Nivel medio diario,2021-02-10 00:00,cm,204.499999999993,Definitivo
23157030,BARRANCABERMEJA  - AUT [23157030],NIVEL,Nivel medio diario,2021-02-11 00:00,cm,223.43750000001,Definitivo
23157030,BARRANCABERMEJA  - AUT [23157030],NIVEL,Nivel medio diario,2021-02-12 00:00,cm,204.875000000009,Definitivo
23157030,BARRANCABERMEJA  - AUT [23157030],NIVEL,Nivel medio diario,2021-02-13 00:00,cm,198.562499999994,Definitivo
23157030,BARRANCABERMEJA  - AUT [23157030],NIVEL,Nivel medio diario,2021-02-14 00:00,cm,202.187500000003,Definitivo
23157030,BARRANCABERMEJA  - AUT [23157030],NIVEL,Nivel medio diario,2021-02-15 00:00,cm,193.125000000001,Definitivo
23157030,BARRANCABERMEJA  - AUT [23157030],NIVEL,Nivel medio diario,2021-02-16 00:00,cm,194.249999999984,Definitivo
23157030,BARRANCABERMEJA  - AUT [23157030],NIVEL,Nivel medio diario,2021-02-17 00:00,cm,213.937499999993,Definitivo
23157030,BARRANCABERMEJA  - AUT [23157030],NIVEL,Nivel medio diario,2021-02-18 00:00,cm,209.187500000025,Definitivo
23157030,BARRANCABERMEJA  - AUT [23157030],NIVEL,Nivel medio diario,2021-02-19 00:00,cm,182.312499999995,Definitivo
23157030,BARRANCABERMEJA  - AUT [23157030],NIVEL,Nivel medio diario,2021-02-20 00:00,cm,192.062499999991,Definitivo
23157030,BARRANCABERMEJA  - AUT [23157030],NIVEL,Nivel medio diario,2021-02-21 00:00,cm,196.750000000003,Definitivo
23157030,BARRANCABERMEJA  - AUT [23157030],NIVEL,Nivel medio diario,2021-02-22 00:00,cm,205.43749999997,Definitivo
23157030,BARRANCABERMEJA  - AUT [23157030],NIVEL,Nivel medio diario,2021-02-23 00:00,cm,237.812499999998,Definitivo
23157030,BARRANCABERMEJA  - AUT [23157030],NIVEL,Nivel medio diario,2021-02-24 00:00,cm,253.437500000003,Definitivo
23157030,BARRANCABERMEJA  - AUT [23157030],NIVEL,Nivel medio diario,2021-02-25 00:00,cm,239.499999999994,Definitivo
23157030,BARRANCABERMEJA  - AUT [23157030],NIVEL,Nivel medio diario,2021-02-26 00:00,cm,245.875000000005,Definitivo
23157030,BARRANCABERMEJA  - AUT [23157030],NIVEL,Nivel medio diario,2021-02-27 00:00,cm,241.187500000001,Definitivo
23157030,BARRANCABERMEJA  - AUT [23157030],NIVEL,Nivel medio diario,2021-02-28 00:00,cm,243.874999999981,Definitivo
23157030,BARRANCABERMEJA  - AUT [23157030],NIVEL,Nivel medio diario,2021-03-01 00:00,cm,264.437499999996,Definitivo
23157030,BARRANCABERMEJA  - AUT [23157030],NIVEL,Nivel medio diario,2021-03-02 00:00,cm,268.812500000006,Definitivo
23157030,BARRANCABERMEJA  - AUT [23157030],NIVEL,Nivel medio diario,2021-03-03 00:00,cm,266.812499999998,Definitivo
23157030,BARRANCABERMEJA  - AUT [23157030],NIVEL,Nivel medio diario,2021-03-04 00:00,cm,284.874999999961,Definitivo
23157030,BARRANCABERMEJA  - AUT [23157030],NIVEL,Nivel medio diario,2021-03-05 00:00,cm,327.062499999997,Definitivo
23157030,BARRANCABERMEJA  - AUT [23157030],NIVEL,Nivel medio diario,2021-03-06 00:00,cm,326.25000000001,Definitivo
23157030,BARRANCABERMEJA  - AUT [23157030],NIVEL,Nivel medio diario,2021-03-07 00:00,cm,315.875000000003,Definitivo
23157030,BARRANCABERMEJA  - AUT [23157030],NIVEL,Nivel medio diario,2021-03-08 00:00,cm,318.312499999975,Definitivo
23157030,BARRANCABERMEJA  - AUT [23157030],NIVEL,Nivel medio diario,2021-03-09 00:00,cm,348.125000000026,Definitivo
23157030,BARRANCABERMEJA  - AUT [23157030],NIVEL,Nivel medio diario,2021-03-10 00:00,cm,309.312499999988,Definitivo
23157030,BARRANCABERMEJA  - AUT [23157030],NIVEL,Nivel medio diario,2021-03-11 00:00,cm,340.374999999969,Definitivo
23157030,BARRANCABERMEJA  - AUT [23157030],NIVEL,Nivel medio diario,2021-03-12 00:00,cm,361.624999999996,Definitivo
23157030,BARRANCABERMEJA  - AUT [23157030],NIVEL,Nivel medio diario,2021-03-13 00:00,cm,367.562499999998,Definitivo
23157030,BARRANCABERMEJA  - AUT [23157030],NIVEL,Nivel medio diario,2021-03-14 00:00,cm,371.874999999997,Definitivo
23157030,BARRANCABERMEJA  - AUT [23157030],NIVEL,Nivel medio diario,2021-03-15 00:00,cm,374.687500000003,Definitivo
23157030,BARRANCABERMEJA  - AUT [23157030],NIVEL,Nivel medio diario,2021-03-16 00:00,cm,374.249999999991,Definitivo
23157030,BARRANCABERMEJA  - AUT [23157030],NIVEL,Nivel medio diario,2021-03-17 00:00,cm,386.187499999994,Definitivo
23157030,BARRANCABERMEJA  - AUT [23157030],NIVEL,Nivel medio diario,2021-03-18 00:00,cm,398.499999999984,Definitivo
23157030,BARRANCABERMEJA  - AUT [23157030],NIVEL,Nivel medio diario,2021-03-19 00:00,cm,415.687499999999,Definitivo
23157030,BARRANCABERMEJA  - AUT [23157030],NIVEL,Nivel medio diario,2021-03-20 00:00,cm,400.750000000022,Definitivo
23157030,BARRANCABERMEJA  - AUT [23157030],NIVEL,Nivel medio diario,2021-03-21 00:00,cm,377.562500000007,Definitivo
23157030,BARRANCABERMEJA  - AUT [23157030],NIVEL,Nivel medio diario,2021-03-22 00:00,cm,375.562499999991,Definitivo
23157030,BARRANCABERMEJA  - AUT [23157030],NIVEL,Nivel medio diario,2021-03-23 00:00,cm,387.624999999997,Definitivo
23157030,BARRANCABERMEJA  - AUT [23157030],NIVEL,Nivel medio diario,2021-03-24 00:00,cm,385.250000000016,Definitivo
23157030,BARRANCABERMEJA  - AUT [23157030],NIVEL,Nivel medio diario,2021-03-25 00:00,cm,366.000000000014,Definitivo
23157030,BARRANCABERMEJA  - AUT [23157030],NIVEL,Nivel medio diario,2021-03-26 00:00,cm,353.687499999994,Definitivo
23157030,BARRANCABERMEJA  - AUT [23157030],NIVEL,Nivel medio diario,2021-03-27 00:00,cm,371.687499999974,Definitivo
23157030,BARRANCABERMEJA  - AUT [23157030],NIVEL,Nivel medio diario,2021-03-28 00:00,cm,387.250000000019,Definitivo
23157030,BARRANCABERMEJA  - AUT [23157030],NIVEL,Nivel medio diario,2021-03-29 00:00,cm,355.187500000023,Definitivo
23157030,BARRANCABERMEJA  - AUT [23157030],NIVEL,Nivel medio diario,2021-03-30 00:00,cm,329.875000000001,Definitivo
23157030,BARRANCABERMEJA  - AUT [23157030],NIVEL,Nivel medio diario,2021-03-31 00:00,cm,307.812500000047,Definitivo
23157030,BARRANCABERMEJA  - AUT [23157030],NIVEL,Nivel medio diario,2021-04-01 00:00,cm,261.000000000002,Definitivo
23157030,BARRANCABERMEJA  - AUT [23157030],NIVEL,Nivel medio diario,2021-04-02 00:00,cm,279.687499999956,Definitivo
23157030,BARRANCABERMEJA  - AUT [23157030],NIVEL,Nivel medio diario,2021-04-03 00:00,cm,314.50000000001,Definitivo
23157030,BARRANCABERMEJA  - AUT [23157030],NIVEL,Nivel medio diario,2021-04-04 00:00,cm,305.499999999996,Definitivo
23157030,BARRANCABERMEJA  - AUT [23157030],NIVEL,Nivel medio diario,2021-04-05 00:00,cm,303.187500000013,Definitivo
23157030,BARRANCABERMEJA  - AUT [23157030],NIVEL,Nivel medio diario,2021-04-06 00:00,cm,308.24999999996,Definitivo
23157030,BARRANCABERMEJA  - AUT [23157030],NIVEL,Nivel medio diario,2021-04-07 00:00,cm,353.562500000017,Definitivo
23157030,BARRANCABERMEJA  - AUT [23157030],NIVEL,Nivel medio diario,2021-04-08 00:00,cm,321.937500000017,Definitivo
23157030,BARRANCABERMEJA  - AUT [23157030],NIVEL,Nivel medio diario,2021-04-09 00:00,cm,305.499999999998,Definitivo
23157030,BARRANCABERMEJA  - AUT [23157030],NIVEL,Nivel medio diario,2021-04-10 00:00,cm,309.624999999999,Definitivo
23157030,BARRANCABERMEJA  - AUT [23157030],NIVEL,Nivel medio diario,2021-04-11 00:00,cm,314.874999999986,Definitivo
23157030,BARRANCABERMEJA  - AUT [23157030],NIVEL,Nivel medio diario,2021-04-12 00:00,cm,329.749999999993,Definitivo
23157030,BARRANCABERMEJA  - AUT [23157030],NIVEL,Nivel medio diario,2021-04-13 00:00,cm,324.500000000026,Definitivo
23157030,BARRANCABERMEJA  - AUT [23157030],NIVEL,Nivel medio diario,2021-04-14 00:00,cm,293.750000000022,Definitivo
23157030,BARRANCABERMEJA  - AUT [23157030],NIVEL,Nivel medio diario,2021-04-15 00:00,cm,266.750000000001,Definitivo
23157030,BARRANCABERMEJA  - AUT [23157030],NIVEL,Nivel medio diario,2021-04-16 00:00,cm,266.000000000001,Definitivo
23157030,BARRANCABERMEJA  - AUT [23157030],NIVEL,Nivel medio diario,2021-04-17 00:00,cm,263.749999999999,Definitivo
23157030,BARRANCABERMEJA  - AUT [23157030],NIVEL,Nivel medio diario,2021-04-18 00:00,cm,265.187499999989,Definitivo
23157030,BARRANCABERMEJA  - AUT [23157030],NIVEL,Nivel medio diario,2021-04-19 00:00,cm,277.687499999991,Definitivo
23157030,BARRANCABERMEJA  - AUT [23157030],NIVEL,Nivel medio diario,2021-04-20 00:00,cm,283.00000000002,Definitivo
23157030,BARRANCABERMEJA  - AUT [23157030],NIVEL,Nivel medio diario,2021-04-21 00:00,cm,259.687499999994,Definitivo
23157030,BARRANCABERMEJA  - AUT [23157030],NIVEL,Nivel medio diario,2021-04-22 00:00,cm,270.062500000032,Definitivo
23157030,BARRANCABERMEJA  - AUT [23157030],NIVEL,Nivel medio diario,2021-04-23 00:00,cm,225.624999999995,Definitivo
23157030,BARRANCABERMEJA  - AUT [23157030],NIVEL,Nivel medio diario,2021-04-24 00:00,cm,243.624999999975,Definitivo
23157030,BARRANCABERMEJA  - AUT [23157030],NIVEL,Nivel medio diario,2021-04-25 00:00,cm,245.750000000015,Definitivo
23157030,BARRANCABERMEJA  - AUT [23157030],NIVEL,Nivel medio diario,2021-04-26 00:00,cm,246.187499999968,Definitivo
23157030,BARRANCABERMEJA  - AUT [23157030],NIVEL,Nivel medio diario,2021-04-27 00:00,cm,282.562499999992,Definitivo
23157030,BARRANCABERMEJA  - AUT [23157030],NIVEL,Nivel medio diario,2021-04-28 00:00,cm,308.249999999951,Definitivo
23157030,BARRANCABERMEJA  - AUT [23157030],NIVEL,Nivel medio diario,2021-04-29 00:00,cm,346.374999999996,Definitivo
23157030,BARRANCABERMEJA  - AUT [23157030],NIVEL,Nivel medio diario,2021-04-30 00:00,cm,365.062499999988,Definitivo
23157030,BARRANCABERMEJA  - AUT [23157030],NIVEL,Nivel medio diario,2021-05-01 00:00,cm,381.124999999982,Definitivo
23157030,BARRANCABERMEJA  - AUT [23157030],NIVEL,Nivel medio diario,2021-05-02 00:00,cm,404.437499999977,Definitivo
23157030,BARRANCABERMEJA  - AUT [23157030],NIVEL,Nivel medio diario,2021-05-03 00:00,cm,438.374999999978,Definitivo
23157030,BARRANCABERMEJA  - AUT [23157030],NIVEL,Nivel medio diario,2021-05-04 00:00,cm,463.625000000001,Definitivo
23157030,BARRANCABERMEJA  - AUT [23157030],NIVEL,Nivel medio diario,2021-05-05 00:00,cm,459.437500000004,Definitivo
23157030,BARRANCABERMEJA  - AUT [23157030],NIVEL,Nivel medio diario,2021-05-06 00:00,cm,454.437500000004,Definitivo
23157030,BARRANCABERMEJA  - AUT [23157030],NIVEL,Nivel medio diario,2021-05-07 00:00,cm,451.500000000013,Definitivo
23157030,BARRANCABERMEJA  - AUT [23157030],NIVEL,Nivel medio diario,2021-05-08 00:00,cm,434.87499999999,Definitivo
23157030,BARRANCABERMEJA  - AUT [23157030],NIVEL,Nivel medio diario,2021-05-09 00:00,cm,446.562499999997,Definitivo
23157030,BARRANCABERMEJA  - AUT [23157030],NIVEL,Nivel medio diario,2021-05-10 00:00,cm,445.062500000014,Definitivo
23157030,BARRANCABERMEJA  - AUT [23157030],NIVEL,Nivel medio diario,2021-05-11 00:00,cm,428.125000000023,Definitivo
23157030,BARRANCABERMEJA  - AUT [23157030],NIVEL,Nivel medio diario,2021-05-12 00:00,cm,396.375000000013,Definitivo
23157030,BARRANCABERMEJA  - AUT [23157030],NIVEL,Nivel medio diario,2021-05-13 00:00,cm,383.374999999988,Definitivo
23157030,BARRANCABERMEJA  - AUT [23157030],NIVEL,Nivel medio diario,2021-05-14 00:00,cm,383.500000000036,Definitivo
23157030,BARRANCABERMEJA  - AUT [23157030],NIVEL,Nivel medio diario,2021-05-15 00:00,cm,346.375000000008,Definitivo
23157030,BARRANCABERMEJA  - AUT [23157030],NIVEL,Nivel medio diario,2021-05-16 00:00,cm,348.374999999966,Definitivo
23157030,BARRANCABERMEJA  - AUT [23157030],NIVEL,Nivel medio diario,2021-05-17 00:00,cm,384.687499999978,Definitivo
23157030,BARRANCABERMEJA  - AUT [23157030],NIVEL,Nivel medio diario,2021-05-18 00:00,cm,409.687499999982,Definitivo
23157030,BARRANCABERMEJA  - AUT [23157030],NIVEL,Nivel medio diario,2021-05-19 00:00,cm,430.9375,Definitivo
23157030,BARRANCABERMEJA  - AUT [23157030],NIVEL,Nivel medio diario,2021-05-20 00:00,cm,426.687500000023,Definitivo
23157030,BARRANCABERMEJA  - AUT [23157030],NIVEL,Nivel medio diario,2021-05-21 00:00,cm,387.062500000048,Definitivo
23157030,BARRANCABERMEJA  - AUT [23157030],NIVEL,Nivel medio diario,2021-05-22 00:00,cm,324.187500000029,Definitivo
23157030,BARRANCABERMEJA  - AUT [23157030],NIVEL,Nivel medio diario,2021-05-23 00:00,cm,314.874999999957,Definitivo
23157030,BARRANCABERMEJA  - AUT [23157030],NIVEL,Nivel medio diario,2021-05-24 00:00,cm,356.125000000022,Definitivo
23157030,BARRANCABERMEJA  - AUT [23157030],NIVEL,Nivel medio diario,2021-05-25 00:00,cm,337.499999999988,Definitivo
23157030,BARRANCABERMEJA  - AUT [23157030],NIVEL,Nivel medio diario,2021-05-26 00:00,cm,356.874999999973,Definitivo
23157030,BARRANCABERMEJA  - AUT [23157030],NIVEL,Nivel medio diario,2021-05-27 00:00,cm,374.562500000044,Definitivo
23157030,BARRANCABERMEJA  - AUT [23157030],NIVEL,Nivel medio diario,2021-05-28 00:00,cm,339.937499999995,Definitivo
23157030,BARRANCABERMEJA  - AUT [23157030],NIVEL,Nivel medio diario,2021-05-29 00:00,cm,344.374999999977,Definitivo
23157030,BARRANCABERMEJA  - AUT [23157030],NIVEL,Nivel medio diario,2021-05-30 00:00,cm,367.937500000003,Definitivo
23157030,BARRANCABERMEJA  - AUT [23157030],NIVEL,Nivel medio diario,2021-05-31 00:00,cm,371.749999999975,Definitivo
23157030,BARRANCABERMEJA  - AUT [23157030],NIVEL,Nivel medio diario,2021-06-01 00:00,cm,404.687499999976,Definitivo
23157030,BARRANCABERMEJA  - AUT [23157030],NIVEL,Nivel medio diario,2021-06-02 00:00,cm,434.249999999986,Definitivo
23157030,BARRANCABERMEJA  - AUT [23157030],NIVEL,Nivel medio diario,2021-06-03 00:00,cm,444.250000000029,Definitivo
23157030,BARRANCABERMEJA  - AUT [23157030],NIVEL,Nivel medio diario,2021-06-04 00:00,cm,412.31249999999,Definitivo
23157030,BARRANCABERMEJA  - AUT [23157030],NIVEL,Nivel medio diario,2021-06-05 00:00,cm,421.125000000006,Definitivo
23157030,BARRANCABERMEJA  - AUT [23157030],NIVEL,Nivel medio diario,2021-06-06 00:00,cm,413.562500000005,Definitivo
23157030,BARRANCABERMEJA  - AUT [23157030],NIVEL,Nivel medio diario,2021-06-07 00:00,cm,407.62500000002,Definitivo
23157030,BARRANCABERMEJA  - AUT [23157030],NIVEL,Nivel medio diario,2021-06-08 00:00,cm,384.374999999972,Definitivo
23157030,BARRANCABERMEJA  - AUT [23157030],NIVEL,Nivel medio diario,2021-06-09 00:00,cm,426.749999999968,Definitivo
23157030,BARRANCABERMEJA  - AUT [23157030],NIVEL,Nivel medio diario,2021-06-10 00:00,cm,458.499999999998,Definitivo
23157030,BARRANCABERMEJA  - AUT [23157030],NIVEL,Nivel medio diario,2021-06-11 00:00,cm,457.750000000017,Definitivo
23157030,BARRANCABERMEJA  - AUT [23157030],NIVEL,Nivel medio diario,2021-06-12 00:00,cm,437.250000000015,Definitivo
23157030,BARRANCABERMEJA  - AUT [23157030],NIVEL,Nivel medio diario,2021-06-13 00:00,cm,430.124999999989,Definitivo
23157030,BARRANCABERMEJA  - AUT [23157030],NIVEL,Nivel medio diario,2021-06-14 00:00,cm,438.625000000004,Definitivo
23157030,BARRANCABERMEJA  - AUT [23157030],NIVEL,Nivel medio diario,2021-06-15 00:00,cm,435.062499999996,Definitivo
23157030,BARRANCABERMEJA  - AUT [23157030],NIVEL,Nivel medio diario,2021-06-16 00:00,cm,440.187499999993,Definitivo
23157030,BARRANCABERMEJA  - AUT [23157030],NIVEL,Nivel medio diario,2021-06-17 00:00,cm,443.875000000011,Definitivo
23157030,BARRANCABERMEJA  - AUT [23157030],NIVEL,Nivel medio diario,2021-06-18 00:00,cm,431.312500000006,Definitivo
23157030,BARRANCABERMEJA  - AUT [23157030],NIVEL,Nivel medio diario,2021-06-19 00:00,cm,418.750000000026,Definitivo
23157030,BARRANCABERMEJA  - AUT [23157030],NIVEL,Nivel medio diario,2021-06-20 00:00,cm,389.562500000027,Definitivo
23157030,BARRANCABERMEJA  - AUT [23157030],NIVEL,Nivel medio diario,2021-06-21 00:00,cm,374.374999999981,Definitivo
23157030,BARRANCABERMEJA  - AUT [23157030],NIVEL,Nivel medio diario,2021-06-22 00:00,cm,372.062500000034,Definitivo
23157030,BARRANCABERMEJA  - AUT [23157030],NIVEL,Nivel medio diario,2021-06-23 00:00,cm,349.124999999972,Definitivo
23157030,BARRANCABERMEJA  - AUT [23157030],NIVEL,Nivel medio diario,2021-06-24 00:00,cm,374.562500000001,Definitivo
23157030,BARRANCABERMEJA  - AUT [23157030],NIVEL,Nivel medio diario,2021-06-25 00:00,cm,374.750000000012,Definitivo
23157030,BARRANCABERMEJA  - AUT [23157030],NIVEL,Nivel medio diario,2021-06-26 00:00,cm,370.874999999981,Definitivo
23157030,BARRANCABERMEJA  - AUT [23157030],NIVEL,Nivel medio diario,2021-06-27 00:00,cm,390.749999999992,Definitivo
23157030,BARRANCABERMEJA  - AUT [23157030],NIVEL,Nivel medio diario,2021-06-28 00:00,cm,398.750000000009,Definitivo
23157030,BARRANCABERMEJA  - AUT [23157030],NIVEL,Nivel medio diario,2021-06-29 00:00,cm,387.500000000017,Definitivo
23157030,BARRANCABERMEJA  - AUT [23157030],NIVEL,Nivel medio diario,2021-06-30 00:00,cm,361.500000000025,Definitivo
23157030,BARRANCABERMEJA  - AUT [23157030],NIVEL,Nivel medio diario,2021-07-01 00:00,cm,326.937500000022,Definitivo
23157030,BARRANCABERMEJA  - AUT [23157030],NIVEL,Nivel medio diario,2021-07-02 00:00,cm,303.625,Definitivo
23157030,BARRANCABERMEJA  - AUT [23157030],NIVEL,Nivel medio diario,2021-07-03 00:00,cm,302.499999999999,Definitivo
23157030,BARRANCABERMEJA  - AUT [23157030],NIVEL,Nivel medio diario,2021-07-04 00:00,cm,295.312500000032,Definitivo
23157030,BARRANCABERMEJA  - AUT [23157030],NIVEL,Nivel medio diario,2021-07-05 00:00,cm,251.750000000015,Definitivo
23157030,BARRANCABERMEJA  - AUT [23157030],NIVEL,Nivel medio diario,2021-07-06 00:00,cm,239.624999999993,Definitivo
23157030,BARRANCABERMEJA  - AUT [23157030],NIVEL,Nivel medio diario,2021-07-07 00:00,cm,241.687500000016,Definitivo
23157030,BARRANCABERMEJA  - AUT [23157030],NIVEL,Nivel medio diario,2021-07-08 00:00,cm,228.624999999994,Definitivo
23157030,BARRANCABERMEJA  - AUT [23157030],NIVEL,Nivel medio diario,2021-07-09 00:00,cm,229.000000000014,Definitivo
23157030,BARRANCABERMEJA  - AUT [23157030],NIVEL,Nivel medio diario,2021-07-10 00:00,cm,215.374999999998,Definitivo
23157030,BARRANCABERMEJA  - AUT [23157030],NIVEL,Nivel medio diario,2021-07-11 00:00,cm,232.437499999941,Definitivo
23157030,BARRANCABERMEJA  - AUT [23157030],NIVEL,Nivel medio diario,2021-07-12 00:00,cm,301.125000000014,Definitivo
23157030,BARRANCABERMEJA  - AUT [23157030],NIVEL,Nivel medio diario,2021-07-13 00:00,cm,283.125000000003,Definitivo
23157030,BARRANCABERMEJA  - AUT [23157030],NIVEL,Nivel medio diario,2021-07-14 00:00,cm,273.562500000026,Definitivo
23157030,BARRANCABERMEJA  - AUT [23157030],NIVEL,Nivel medio diario,2021-07-15 00:00,cm,244.937500000005,Definitivo
23157030,BARRANCABERMEJA  - AUT [23157030],NIVEL,Nivel medio diario,2021-07-16 00:00,cm,248.624999999973,Definitivo
23157030,BARRANCABERMEJA  - AUT [23157030],NIVEL,Nivel medio diario,2021-07-17 00:00,cm,277.187500000001,Definitivo
23157030,BARRANCABERMEJA  - AUT [23157030],NIVEL,Nivel medio diario,2021-07-18 00:00,cm,277.249999999993,Definitivo
23157030,BARRANCABERMEJA  - AUT [23157030],NIVEL,Nivel medio diario,2021-07-19 00:00,cm,276.062500000021,Definitivo
23157030,BARRANCABERMEJA  - AUT [23157030],NIVEL,Nivel medio diario,2021-07-20 00:00,cm,236.125000000045,Definitivo
23157030,BARRANCABERMEJA  - AUT [23157030],NIVEL,Nivel medio diario,2021-07-21 00:00,cm,192.124999999987,Definitivo
23157030,BARRANCABERMEJA  - AUT [23157030],NIVEL,Nivel medio diario,2021-07-22 00:00,cm,197.750000000009,Definitivo
23157030,BARRANCABERMEJA  - AUT [23157030],NIVEL,Nivel medio diario,2021-07-23 00:00,cm,196.124999999991,Definitivo
23157030,BARRANCABERMEJA  - AUT [23157030],NIVEL,Nivel medio diario,2021-07-24 00:00,cm,206.437499999973,Definitivo
23157030,BARRANCABERMEJA  - AUT [23157030],NIVEL,Nivel medio diario,2021-07-25 00:00,cm,247.937499999937,Definitivo
23157030,BARRANCABERMEJA  - AUT [23157030],NIVEL,Nivel medio diario,2021-07-26 00:00,cm,312.250000000018,Definitivo
23157030,BARRANCABERMEJA  - AUT [23157030],NIVEL,Nivel medio diario,2021-07-27 00:00,cm,276.500000000011,Definitivo
23157030,BARRANCABERMEJA  - AUT [23157030],NIVEL,Nivel medio diario,2021-07-28 00:00,cm,287.687499999955,Definitivo
23157030,BARRANCABERMEJA  - AUT [23157030],NIVEL,Nivel medio diario,2021-07-29 00:00,cm,332.250000000001,Definitivo
23157030,BARRANCABERMEJA  - AUT [23157030],NIVEL,Nivel medio diario,2021-07-30 00:00,cm,315.812500000011,Definitivo
23157030,BARRANCABERMEJA  - AUT [23157030],NIVEL,Nivel medio diario,2021-07-31 00:00,cm,296.12500000004,Definitivo
23157030,BARRANCABERMEJA  - AUT [23157030],NIVEL,Nivel medio diario,2021-08-01 00:00,cm,246.750000000019,Definitivo
23157030,BARRANCABERMEJA  - AUT [23157030],NIVEL,Nivel medio diario,2021-08-02 00:00,cm,228.749999999999,Definitivo
23157030,BARRANCABERMEJA  - AUT [23157030],NIVEL,Nivel medio diario,2021-08-03 00:00,cm,231.062499999996,Definitivo
23157030,BARRANCABERMEJA  - AUT [23157030],NIVEL,Nivel medio diario,2021-08-04 00:00,cm,224.375000000017,Definitivo
23157030,BARRANCABERMEJA  - AUT [23157030],NIVEL,Nivel medio diario,2021-08-05 00:00,cm,215.062499999986,Definitivo
23157030,BARRANCABERMEJA  - AUT [23157030],NIVEL,Nivel medio diario,2021-08-06 00:00,cm,229.125000000002,Definitivo
23157030,BARRANCABERMEJA  - AUT [23157030],NIVEL,Nivel medio diario,2021-08-07 00:00,cm,216.625000000019,Definitivo
23157030,BARRANCABERMEJA  - AUT [23157030],NIVEL,Nivel medio diario,2021-08-08 00:00,cm,202.624999999984,Definitivo
23157030,BARRANCABERMEJA  - AUT [23157030],NIVEL,Nivel medio diario,2021-08-09 00:00,cm,233.249999999991,Definitivo
23157030,BARRANCABERMEJA  - AUT [23157030],NIVEL,Nivel medio diario,2021-08-10 00:00,cm,241.562499999988,Definitivo
23157030,BARRANCABERMEJA  - AUT [23157030],NIVEL,Nivel medio diario,2021-08-11 00:00,cm,264.749999999992,Definitivo
23157030,BARRANCABERMEJA  - AUT [23157030],NIVEL,Nivel medio diario,2021-08-12 00:00,cm,251.187500000037,Definitivo
23157030,BARRANCABERMEJA  - AUT [23157030],NIVEL,Nivel medio diario,2021-08-13 00:00,cm,230.999999999963,Definitivo
23157030,BARRANCABERMEJA  - AUT [23157030],NIVEL,Nivel medio diario,2021-08-14 00:00,cm,284.937499999988,Definitivo
23157030,BARRANCABERMEJA  - AUT [23157030],NIVEL,Nivel medio diario,2021-08-15 00:00,cm,296.87499999999,Definitivo
23157030,BARRANCABERMEJA  - AUT [23157030],NIVEL,Nivel medio diario,2021-08-16 00:00,cm,303.75,Definitivo
23157030,BARRANCABERMEJA  - AUT [23157030],NIVEL,Nivel medio diario,2021-08-17 00:00,cm,341.874999999931,Definitivo
23157030,BARRANCABERMEJA  - AUT [23157030],NIVEL,Nivel medio diario,2021-08-18 00:00,cm,402.812500000003,Definitivo
23157030,BARRANCABERMEJA  - AUT [23157030],NIVEL,Nivel medio diario,2021-08-19 00:00,cm,401.499999999992,Definitivo
23157030,BARRANCABERMEJA  - AUT [23157030],NIVEL,Nivel medio diario,2021-08-20 00:00,cm,410.749999999995,Definitivo
23157030,BARRANCABERMEJA  - AUT [23157030],NIVEL,Nivel medio diario,2021-08-21 00:00,cm,410.50000000002,Definitivo
23157030,BARRANCABERMEJA  - AUT [23157030],NIVEL,Nivel medio diario,2021-08-22 00:00,cm,386.000000000008,Definitivo
23157030,BARRANCABERMEJA  - AUT [23157030],NIVEL,Nivel medio diario,2021-08-23 00:00,cm,370.499999999995,Definitivo
23157030,BARRANCABERMEJA  - AUT [23157030],NIVEL,Nivel medio diario,2021-08-24 00:00,cm,374.562499999959,Definitivo
23157030,BARRANCABERMEJA  - AUT [23157030],NIVEL,Nivel medio diario,2021-08-25 00:00,cm,417.375000000044,Definitivo
23157030,BARRANCABERMEJA  - AUT [23157030],NIVEL,Nivel medio diario,2021-08-26 00:00,cm,381.312499999971,Definitivo
23157030,BARRANCABERMEJA  - AUT [23157030],NIVEL,Nivel medio diario,2021-08-27 00:00,cm,398.500000000035,Definitivo
23157030,BARRANCABERMEJA  - AUT [23157030],NIVEL,Nivel medio diario,2021-08-28 00:00,cm,370.12499999998,Definitivo
23157030,BARRANCABERMEJA  - AUT [23157030],NIVEL,Nivel medio diario,2021-08-29 00:00,cm,389.875000000023,Definitivo
23157030,BARRANCABERMEJA  - AUT [23157030],NIVEL,Nivel medio diario,2021-08-30 00:00,cm,375.49999999996,Definitivo
23157030,BARRANCABERMEJA  - AUT [23157030],NIVEL,Nivel medio diario,2021-08-31 00:00,cm,419.749999999992,Definitivo
23157030,BARRANCABERMEJA  - AUT [23157030],NIVEL,Nivel medio diario,2021-09-01 00:00,cm,426.12500000002,Definitivo
23157030,BARRANCABERMEJA  - AUT [23157030],NIVEL,Nivel medio diario,2021-09-02 00:00,cm,397.312500000013,Definitivo
23157030,BARRANCABERMEJA  - AUT [23157030],NIVEL,Nivel medio diario,2021-09-03 00:00,cm,379.687500000008,Definitivo
23157030,BARRANCABERMEJA  - AUT [23157030],NIVEL,Nivel medio diario,2021-09-04 00:00,cm,369.625000000009,Definitivo
23157030,BARRANCABERMEJA  - AUT [23157030],NIVEL,Nivel medio diario,2021-09-05 00:00,cm,356.750000000014,Definitivo
23157030,BARRANCABERMEJA  - AUT [23157030],NIVEL,Nivel medio diario,2021-09-06 00:00,cm,341,Definitivo
23157030,BARRANCABERMEJA  - AUT [23157030],NIVEL,Nivel medio diario,2021-09-07 00:00,cm,352.999999999995,Definitivo
23157030,BARRANCABERMEJA  - AUT [23157030],NIVEL,Nivel medio diario,2021-09-08 00:00,cm,349.625000000008,Definitivo
23157030,BARRANCABERMEJA  - AUT [23157030],NIVEL,Nivel medio diario,2021-09-09 00:00,cm,335.500000000032,Definitivo
23157030,BARRANCABERMEJA  - AUT [23157030],NIVEL,Nivel medio diario,2021-09-10 00:00,cm,298.81249999998,Definitivo
23157030,BARRANCABERMEJA  - AUT [23157030],NIVEL,Nivel medio diario,2021-09-11 00:00,cm,336.249999999971,Definitivo
23157030,BARRANCABERMEJA  - AUT [23157030],NIVEL,Nivel medio diario,2021-09-12 00:00,cm,354.125000000027,Definitivo
23157030,BARRANCABERMEJA  - AUT [23157030],NIVEL,Nivel medio diario,2021-09-13 00:00,cm,325.062500000013,Definitivo
23157030,BARRANCABERMEJA  - AUT [23157030],NIVEL,Nivel medio diario,2021-09-14 00:00,cm,317.624999999996,Definitivo
23157030,BARRANCABERMEJA  - AUT [23157030],NIVEL,Nivel medio diario,2021-09-15 00:00,cm,325.625000000001,Definitivo
23157030,BARRANCABERMEJA  - AUT [23157030],NIVEL,Nivel medio diario,2021-09-16 00:00,cm,325.250000000014,Definitivo
23157030,BARRANCABERMEJA  - AUT [23157030],NIVEL,Nivel medio diario,2021-09-17 00:00,cm,304.375000000019,Definitivo
23157030,BARRANCABERMEJA  - AUT [23157030],NIVEL,Nivel medio diario,2021-09-18 00:00,cm,283.875000000004,Definitivo
23157030,BARRANCABERMEJA  - AUT [23157030],NIVEL,Nivel medio diario,2021-09-19 00:00,cm,274.312499999993,Definitivo
23157030,BARRANCABERMEJA  - AUT [23157030],NIVEL,Nivel medio diario,2021-09-20 00:00,cm,283.625000000013,Definitivo
23157030,BARRANCABERMEJA  - AUT [23157030],NIVEL,Nivel medio diario,2021-09-21 00:00,cm,266.937499999995,Definitivo
23157030,BARRANCABERMEJA  - AUT [23157030],NIVEL,Nivel medio diario,2021-09-22 00:00,cm,277.624999999978,Definitivo
23157030,BARRANCABERMEJA  - AUT [23157030],NIVEL,Nivel medio diario,2021-09-23 00:00,cm,303.124999999955,Definitivo
23157030,BARRANCABERMEJA  - AUT [23157030],NIVEL,Nivel medio diario,2021-09-24 00:00,cm,347.875000000008,Definitivo
23157030,BARRANCABERMEJA  - AUT [23157030],NIVEL,Nivel medio diario,2021-09-25 00:00,cm,336.375000000041,Definitivo
23157030,BARRANCABERMEJA  - AUT [23157030],NIVEL,Nivel medio diario,2021-09-26 00:00,cm,281.87500000003,Definitivo
23157030,BARRANCABERMEJA  - AUT [23157030],NIVEL,Nivel medio diario,2021-09-27 00:00,cm,240.500000000013,Definitivo
23157030,BARRANCABERMEJA  - AUT [23157030],NIVEL,Nivel medio diario,2021-09-28 00:00,cm,230.75,Definitivo
23157030,BARRANCABERMEJA  - AUT [23157030],NIVEL,Nivel medio diario,2021-09-29 00:00,cm,229.125000000001,Definitivo
23157030,BARRANCABERMEJA  - AUT [23157030],NIVEL,Nivel medio diario,2021-09-30 00:00,cm,244.624999999916,Definitivo
23157030,BARRANCABERMEJA  - AUT [23157030],NIVEL,Nivel medio diario,2021-10-01 00:00,cm,344.374999999993,Definitivo
23157030,BARRANCABERMEJA  - AUT [23157030],NIVEL,Nivel medio diario,2021-10-02 00:00,cm,331.500000000036,Definitivo
23157030,BARRANCABERMEJA  - AUT [23157030],NIVEL,Nivel medio diario,2021-10-03 00:00,cm,300.000000000002,Definitivo
23157030,BARRANCABERMEJA  - AUT [23157030],NIVEL,Nivel medio diario,2021-10-04 00:00,cm,297.81249999999,Definitivo
23157030,BARRANCABERMEJA  - AUT [23157030],NIVEL,Nivel medio diario,2021-10-05 00:00,cm,324.06249999996,Definitivo
23157030,BARRANCABERMEJA  - AUT [23157030],NIVEL,Nivel medio diario,2021-10-06 00:00,cm,360.750000000006,Definitivo
23157030,BARRANCABERMEJA  - AUT [23157030],NIVEL,Nivel medio diario,2021-10-07 00:00,cm,349.937500000005,Definitivo
23157030,BARRANCABERMEJA  - AUT [23157030],NIVEL,Nivel medio diario,2021-10-08 00:00,cm,343.937500000002,Definitivo
23157030,BARRANCABERMEJA  - AUT [23157030],NIVEL,Nivel medio diario,2021-10-09 00:00,cm,340.625000000006,Definitivo
23157030,BARRANCABERMEJA  - AUT [23157030],NIVEL,Nivel medio diario,2021-10-10 00:00,cm,339.249999999985,Definitivo
23157030,BARRANCABERMEJA  - AUT [23157030],NIVEL,Nivel medio diario,2021-10-11 00:00,cm,354.750000000004,Definitivo
23157030,BARRANCABERMEJA  - AUT [23157030],NIVEL,Nivel medio diario,2021-10-12 00:00,cm,347.812500000004,Definitivo
23157030,BARRANCABERMEJA  - AUT [23157030],NIVEL,Nivel medio diario,2021-10-13 00:00,cm,346.87499999997,Definitivo
23157030,BARRANCABERMEJA  - AUT [23157030],NIVEL,Nivel medio diario,2021-10-14 00:00,cm,377.500000000002,Definitivo
23157030,BARRANCABERMEJA  - AUT [23157030],NIVEL,Nivel medio diario,2021-10-15 00:00,cm,376.812499999997,Definitivo
23157030,BARRANCABERMEJA  - AUT [23157030],NIVEL,Nivel medio diario,2021-10-16 00:00,cm,364.250000000048,Definitivo
23157030,BARRANCABERMEJA  - AUT [23157030],NIVEL,Nivel medio diario,2021-10-17 00:00,cm,328.124999999947,Definitivo
23157030,BARRANCABERMEJA  - AUT [23157030],NIVEL,Nivel medio diario,2021-10-18 00:00,cm,373.437500000033,Definitivo
23157030,BARRANCABERMEJA  - AUT [23157030],NIVEL,Nivel medio diario,2021-10-19 00:00,cm,337.562499999981,Definitivo
23157030,BARRANCABERMEJA  - AUT [23157030],NIVEL,Nivel medio diario,2021-10-20 00:00,cm,361.624999999977,Definitivo
23157030,BARRANCABERMEJA  - AUT [23157030],NIVEL,Nivel medio diario,2021-10-21 00:00,cm,382.625000000023,Definitivo
23157030,BARRANCABERMEJA  - AUT [23157030],NIVEL,Nivel medio diario,2021-10-22 00:00,cm,372.937499999994,Definitivo
23157030,BARRANCABERMEJA  - AUT [23157030],NIVEL,Nivel medio diario,2021-10-23 00:00,cm,374.437500000001,Definitivo
23157030,BARRANCABERMEJA  - AUT [23157030],NIVEL,Nivel medio diario,2021-10-24 00:00,cm,371.687500000005,Definitivo
23157030,BARRANCABERMEJA  - AUT [23157030],NIVEL,Nivel medio diario,2021-10-25 00:00,cm,366.874999999993,Definitivo
23157030,BARRANCABERMEJA  - AUT [23157030],NIVEL,Nivel medio diario,2021-10-26 00:00,cm,377.749999999974,Definitivo
23157030,BARRANCABERMEJA  - AUT [23157030],NIVEL,Nivel medio diario,2021-10-27 00:00,cm,408.437499999991,Definitivo
23157030,BARRANCABERMEJA  - AUT [23157030],NIVEL,Nivel medio diario,2021-10-28 00:00,cm,416.750000000011,Definitivo
23157030,BARRANCABERMEJA  - AUT [23157030],NIVEL,Nivel medio diario,2021-10-29 00:00,cm,409.812499999984,Definitivo
23157030,BARRANCABERMEJA  - AUT [23157030],NIVEL,Nivel medio diario,2021-10-30 00:00,cm,422.812500000017,Definitivo
23157030,BARRANCABERMEJA  - AUT [23157030],NIVEL,Nivel medio diario,2021-10-31 00:00,cm,408.374999999989,Definitivo
23157030,BARRANCABERMEJA  - AUT [23157030],NIVEL,Nivel medio diario,2021-11-01 00:00,cm,422.374999999984,Definitivo
23157030,BARRANCABERMEJA  - AUT [23157030],NIVEL,Nivel medio diario,2021-11-02 00:00,cm,431.125000000001,Definitivo
23157030,BARRANCABERMEJA  - AUT [23157030],NIVEL,Nivel medio diario,2021-11-03 00:00,cm,434.999999999995,Definitivo
23157030,BARRANCABERMEJA  - AUT [23157030],NIVEL,Nivel medio diario,2021-11-04 00:00,cm,436.750000000011,Definitivo
23157030,BARRANCABERMEJA  - AUT [23157030],NIVEL,Nivel medio diario,2021-11-05 00:00,cm,428.062499999987,Definitivo
23157030,BARRANCABERMEJA  - AUT [23157030],NIVEL,Nivel medio diario,2021-11-06 00:00,cm,442.750000000008,Definitivo
23157030,BARRANCABERMEJA  - AUT [23157030],NIVEL,Nivel medio diario,2021-11-07 00:00,cm,429.000000000016,Definitivo
23157030,BARRANCABERMEJA  - AUT [23157030],NIVEL,Nivel medio diario,2021-11-08 00:00,cm,410.625000000006,Definitivo
23157030,BARRANCABERMEJA  - AUT [23157030],NIVEL,Nivel medio diario,2021-11-09 00:00,cm,415.562499999966,Definitivo
23157030,BARRANCABERMEJA  - AUT [23157030],NIVEL,Nivel medio diario,2021-11-10 00:00,cm,452.999999999996,Definitivo
23157030,BARRANCABERMEJA  - AUT [23157030],NIVEL,Nivel medio diario,2021-11-11 00:00,cm,451.687500000022,Definitivo
23157030,BARRANCABERMEJA  - AUT [23157030],NIVEL,Nivel medio diario,2021-11-12 00:00,cm,413.687500000033,Definitivo
23157030,BARRANCABERMEJA  - AUT [23157030],NIVEL,Nivel medio diario,2021-11-13 00:00,cm,375.375000000007,Definitivo
23157030,BARRANCABERMEJA  - AUT [23157030],NIVEL,Nivel medio diario,2021-11-14 00:00,cm,372.124999999971,Definitivo
23157030,BARRANCABERMEJA  - AUT [23157030],NIVEL,Nivel medio diario,2021-11-15 00:00,cm,401.75,Definitivo
23157030,BARRANCABERMEJA  - AUT [23157030],NIVEL,Nivel medio diario,2021-11-16 00:00,cm,394.750000000023,Definitivo
23157030,BARRANCABERMEJA  - AUT [23157030],NIVEL,Nivel medio diario,2021-11-17 00:00,cm,368.250000000005,Definitivo
23157030,BARRANCABERMEJA  - AUT [23157030],NIVEL,Nivel medio diario,2021-11-18 00:00,cm,360.750000000018,Definitivo
23157030,BARRANCABERMEJA  - AUT [23157030],NIVEL,Nivel medio diario,2021-11-19 00:00,cm,337.000000000009,Definitivo
23157030,BARRANCABERMEJA  - AUT [23157030],NIVEL,Nivel medio diario,2021-11-20 00:00,cm,312.750000000036,Definitivo
23157030,BARRANCABERMEJA  - AUT [23157030],NIVEL,Nivel medio diario,2021-11-21 00:00,cm,276.999999999973,Definitivo
23157030,BARRANCABERMEJA  - AUT [23157030],NIVEL,Nivel medio diario,2021-11-22 00:00,cm,312.624999999967,Definitivo
23157030,BARRANCABERMEJA  - AUT [23157030],NIVEL,Nivel medio diario,2021-11-23 00:00,cm,357.999999999984,Definitivo
23157030,BARRANCABERMEJA  - AUT [23157030],NIVEL,Nivel medio diario,2021-11-24 00:00,cm,380.87499999996,Definitivo
23157030,BARRANCABERMEJA  - AUT [23157030],NIVEL,Nivel medio diario,2021-11-25 00:00,cm,422.937499999992,Definitivo
23157030,BARRANCABERMEJA  - AUT [23157030],NIVEL,Nivel medio diario,2021-11-26 00:00,cm,433.312499999989,Definitivo
23157030,BARRANCABERMEJA  - AUT [23157030],NIVEL,Nivel medio diario,2021-11-27 00:00,cm,445.000000000002,Definitivo
23157030,BARRANCABERMEJA  - AUT [23157030],NIVEL,Nivel medio diario,2021-11-28 00:00,cm,440.500000000011,Definitivo
23157030,BARRANCABERMEJA  - AUT [23157030],NIVEL,Nivel medio diario,2021-11-29 00:00,cm,416.937500000018,Definitivo
23157030,BARRANCABERMEJA  - AUT [23157030],NIVEL,Nivel medio diario,2021-11-30 00:00,cm,407.124999999977,Definitivo
23157030,BARRANCABERMEJA  - AUT [23157030],NIVEL,Nivel medio diario,2021-12-01 00:00,cm,436.187499999986,Definitivo
23157030,BARRANCABERMEJA  - AUT [23157030],NIVEL,Nivel medio diario,2021-12-02 00:00,cm,446.37500000001,Definitivo
23157030,BARRANCABERMEJA  - AUT [23157030],NIVEL,Nivel medio diario,2021-12-03 00:00,cm,428.937500000022,Definitivo
23157030,BARRANCABERMEJA  - AUT [23157030],NIVEL,Nivel medio diario,2021-12-04 00:00,cm,406.874999999993,Definitivo
23157030,BARRANCABERMEJA  - AUT [23157030],NIVEL,Nivel medio diario,2021-12-05 00:00,cm,411.937500000019,Definitivo
23157030,BARRANCABERMEJA  - AUT [23157030],NIVEL,Nivel medio diario,2021-12-06 00:00,cm,382.875000000017,Definitivo
23157030,BARRANCABERMEJA  - AUT [23157030],NIVEL,Nivel medio diario,2021-12-07 00:00,cm,365.562500000007,Definitivo
23157030,BARRANCABERMEJA  - AUT [23157030],NIVEL,Nivel medio diario,2021-12-08 00:00,cm,353.687500000015,Definitivo
23157030,BARRANCABERMEJA  - AUT [23157030],NIVEL,Nivel medio diario,2021-12-09 00:00,cm,324.62500000003,Definitivo
23157030,BARRANCABERMEJA  - AUT [23157030],NIVEL,Nivel medio diario,2021-12-10 00:00,cm,290.187500000012,Definitivo
23157030,BARRANCABERMEJA  - AUT [23157030],NIVEL,Nivel medio diario,2021-12-11 00:00,cm,276.31250000001,Definitivo
23157030,BARRANCABERMEJA  - AUT [23157030],NIVEL,Nivel medio diario,2021-12-12 00:00,cm,287.81249999995,Definitivo
23157030,BARRANCABERMEJA  - AUT [23157030],NIVEL,Nivel medio diario,2021-12-13 00:00,cm,339.375000000007,Definitivo
23157030,BARRANCABERMEJA  - AUT [23157030],NIVEL,Nivel medio diario,2021-12-14 00:00,cm,313.937500000044,Definitivo
23157030,BARRANCABERMEJA  - AUT [23157030],NIVEL,Nivel medio diario,2021-12-15 00:00,cm,271.562500000011,Definitivo
23157030,BARRANCABERMEJA  - AUT [23157030],NIVEL,Nivel medio diario,2021-12-16 00:00,cm,254.312500000014,Definitivo
23157030,BARRANCABERMEJA  - AUT [23157030],NIVEL,Nivel medio diario,2021-12-17 00:00,cm,254.874999999981,Definitivo
23157030,BARRANCABERMEJA  - AUT [23157030],NIVEL,Nivel medio diario,2021-12-18 00:00,cm,276.499999999986,Definitivo
23157030,BARRANCABERMEJA  - AUT [23157030],NIVEL,Nivel medio diario,2021-12-19 00:00,cm,304.999999999986,Definitivo
23157030,BARRANCABERMEJA  - AUT [23157030],NIVEL,Nivel medio diario,2021-12-20 00:00,cm,302.375000000015,Definitivo
23157030,BARRANCABERMEJA  - AUT [23157030],NIVEL,Nivel medio diario,2021-12-21 00:00,cm,288.937500000012,Definitivo
23157030,BARRANCABERMEJA  - AUT [23157030],NIVEL,Nivel medio diario,2021-12-22 00:00,cm,275.18749999997,Definitivo
23157030,BARRANCABERMEJA  - AUT [23157030],NIVEL,Nivel medio diario,2021-12-23 00:00,cm,315.187499999996,Definitivo
23157030,BARRANCABERMEJA  - AUT [23157030],NIVEL,Nivel medio diario,2021-12-24 00:00,cm,309.625000000025,Definitivo
23157030,BARRANCABERMEJA  - AUT [23157030],NIVEL,Nivel medio diario,2021-12-25 00:00,cm,273.687500000027,Definitivo
23157030,BARRANCABERMEJA  - AUT [23157030],NIVEL,Nivel medio diario,2021-12-26 00:00,cm,241.62500000002,Definitivo
23157030,BARRANCABERMEJA  - AUT [23157030],NIVEL,Nivel medio diario,2021-12-27 00:00,cm,228.937499999989,Definitivo
23157030,BARRANCABERMEJA  - AUT [23157030],NIVEL,Nivel medio diario,2021-12-28 00:00,cm,258.312499999982,Definitivo
23157030,BARRANCABERMEJA  - AUT [23157030],NIVEL,Nivel medio diario,2021-12-29 00:00,cm,256.437500000007,Definitivo
23157030,BARRANCABERMEJA  - AUT [23157030],NIVEL,Nivel medio diario,2021-12-30 00:00,cm,271.812499999962,Definitivo
23157030,BARRANCABERMEJA  - AUT [23157030],NIVEL,Nivel medio diario,2021-12-31 00:00,cm,297.125000000029,Preliminar
23157030,BARRANCABERMEJA  - AUT [23157030],NIVEL,Nivel medio diario,2022-01-01 00:00,cm,267.749999999999,Definitivo
23157030,BARRANCABERMEJA  - AUT [23157030],NIVEL,Nivel medio diario,2022-01-02 00:00,cm,270.812500000009,Definitivo
23157030,BARRANCABERMEJA  - AUT [23157030],NIVEL,Nivel medio diario,2022-01-03 00:00,cm,267.000000000004,Definitivo
23157030,BARRANCABERMEJA  - AUT [23157030],NIVEL,Nivel medio diario,2022-01-04 00:00,cm,268.437499999987,Definitivo
23157030,BARRANCABERMEJA  - AUT [23157030],NIVEL,Nivel medio diario,2022-01-05 00:00,cm,278.812500000011,Definitivo
23157030,BARRANCABERMEJA  - AUT [23157030],NIVEL,Nivel medio diario,2022-01-06 00:00,cm,259.250000000039,Definitivo
23157030,BARRANCABERMEJA  - AUT [23157030],NIVEL,Nivel medio diario,2022-01-07 00:00,cm,233.43749999998,Definitivo
23157030,BARRANCABERMEJA  - AUT [23157030],NIVEL,Nivel medio diario,2022-01-08 00:00,cm,257.937499999982,Definitivo
23157030,BARRANCABERMEJA  - AUT [23157030],NIVEL,Nivel medio diario,2022-01-09 00:00,cm,266.500000000034,Definitivo
23157030,BARRANCABERMEJA  - AUT [23157030],NIVEL,Nivel medio diario,2022-01-10 00:00,cm,230.687500000001,Definitivo
23157030,BARRANCABERMEJA  - AUT [23157030],NIVEL,Nivel medio diario,2022-01-11 00:00,cm,219.187500000032,Definitivo
23157030,BARRANCABERMEJA  - AUT [23157030],NIVEL,Nivel medio diario,2022-01-12 00:00,cm,183.249999999988,Definitivo
23157030,BARRANCABERMEJA  - AUT [23157030],NIVEL,Nivel medio diario,2022-01-13 00:00,cm,197.437500000022,Definitivo
23157030,BARRANCABERMEJA  - AUT [23157030],NIVEL,Nivel medio diario,2022-01-14 00:00,cm,183.499999999972,Definitivo
23157030,BARRANCABERMEJA  - AUT [23157030],NIVEL,Nivel medio diario,2022-01-15 00:00,cm,213.375000000016,Definitivo
23157030,BARRANCABERMEJA  - AUT [23157030],NIVEL,Nivel medio diario,2022-01-16 00:00,cm,193.250000000002,Definitivo
23157030,BARRANCABERMEJA  - AUT [23157030],NIVEL,Nivel medio diario,2022-01-17 00:00,cm,194.874999999962,Definitivo
23157030,BARRANCABERMEJA  - AUT [23157030],NIVEL,Nivel medio diario,2022-01-18 00:00,cm,243.125000000023,Definitivo
23157030,BARRANCABERMEJA  - AUT [23157030],NIVEL,Nivel medio diario,2022-01-19 00:00,cm,210.625000000011,Definitivo
23157030,BARRANCABERMEJA  - AUT [23157030],NIVEL,Nivel medio diario,2022-01-20 00:00,cm,207.124999999982,Definitivo
23157030,BARRANCABERMEJA  - AUT [23157030],NIVEL,Nivel medio diario,2022-01-21 00:00,cm,220.62500000001,Definitivo
23157030,BARRANCABERMEJA  - AUT [23157030],NIVEL,Nivel medio diario,2022-01-22 00:00,cm,201.562500000028,Definitivo
23157030,BARRANCABERMEJA  - AUT [23157030],NIVEL,Nivel medio diario,2022-01-23 00:00,cm,181.999999999979,Definitivo
23157030,BARRANCABERMEJA  - AUT [23157030],NIVEL,Nivel medio diario,2022-01-24 00:00,cm,205.062500000006,Definitivo
23157030,BARRANCABERMEJA  - AUT [23157030],NIVEL,Nivel medio diario,2022-01-25 00:00,cm,200.124999999983,Definitivo
23157030,BARRANCABERMEJA  - AUT [23157030],NIVEL,Nivel medio diario,2022-01-26 00:00,cm,217.312499999988,Definitivo
23157030,BARRANCABERMEJA  - AUT [23157030],NIVEL,Nivel medio diario,2022-01-27 00:00,cm,233.062500000006,Definitivo
23157030,BARRANCABERMEJA  - AUT [23157030],NIVEL,Nivel medio diario,2022-01-28 00:00,cm,225.437499999988,Definitivo
23157030,BARRANCABERMEJA  - AUT [23157030],NIVEL,Nivel medio diario,2022-01-29 00:00,cm,241.937500000007,Definitivo
23157030,BARRANCABERMEJA  - AUT [23157030],NIVEL,Nivel medio diario,2022-01-30 00:00,cm,229.000000000017,Definitivo
23157030,BARRANCABERMEJA  - AUT [23157030],NIVEL,Nivel medio diario,2022-01-31 00:00,cm,203.375000000006,Definitivo
23157030,BARRANCABERMEJA  - AUT [23157030],NIVEL,Nivel medio diario,2022-02-01 00:00,cm,202.937500000004,Definitivo
23157030,BARRANCABERMEJA  - AUT [23157030],NIVEL,Nivel medio diario,2022-02-02 00:00,cm,195.000000000023,Definitivo
23157030,BARRANCABERMEJA  - AUT [23157030],NIVEL,Nivel medio diario,2022-02-03 00:00,cm,164.124999999998,Definitivo
23157030,BARRANCABERMEJA  - AUT [23157030],NIVEL,Nivel medio diario,2022-02-04 00:00,cm,167.999999999995,Definitivo
23157030,BARRANCABERMEJA  - AUT [23157030],NIVEL,Nivel medio diario,2022-02-05 00:00,cm,184.874999999989,Definitivo
23157030,BARRANCABERMEJA  - AUT [23157030],NIVEL,Nivel medio diario,2022-02-06 00:00,cm,192.062500000004,Definitivo
23157030,BARRANCABERMEJA  - AUT [23157030],NIVEL,Nivel medio diario,2022-02-07 00:00,cm,191.874999999999,Definitivo
23157030,BARRANCABERMEJA  - AUT [23157030],NIVEL,Nivel medio diario,2022-02-08 00:00,cm,200.374999999978,Definitivo
23157030,BARRANCABERMEJA  - AUT [23157030],NIVEL,Nivel medio diario,2022-02-09 00:00,cm,236.999999999981,Definitivo
23157030,BARRANCABERMEJA  - AUT [23157030],NIVEL,Nivel medio diario,2022-02-10 00:00,cm,248.937499999999,Definitivo
23157030,BARRANCABERMEJA  - AUT [23157030],NIVEL,Nivel medio diario,2022-02-11 00:00,cm,253.375000000015,Definitivo
23157030,BARRANCABERMEJA  - AUT [23157030],NIVEL,Nivel medio diario,2022-02-12 00:00,cm,230.687500000018,Definitivo
23157030,BARRANCABERMEJA  - AUT [23157030],NIVEL,Nivel medio diario,2022-02-13 00:00,cm,209.750000000006,Definitivo
23157030,BARRANCABERMEJA  - AUT [23157030],NIVEL,Nivel medio diario,2022-02-14 00:00,cm,202.374999999999,Definitivo
23157030,BARRANCABERMEJA  - AUT [23157030],NIVEL,Nivel medio diario,2022-02-15 00:00,cm,229.062499999949,Definitivo
23157030,BARRANCABERMEJA  - AUT [23157030],NIVEL,Nivel medio diario,2022-02-16 00:00,cm,272.937500000007,Definitivo
23157030,BARRANCABERMEJA  - AUT [23157030],NIVEL,Nivel medio diario,2022-02-17 00:00,cm,264.750000000008,Definitivo
23157030,BARRANCABERMEJA  - AUT [23157030],NIVEL,Nivel medio diario,2022-02-18 00:00,cm,252.187500000027,Definitivo
23157030,BARRANCABERMEJA  - AUT [23157030],NIVEL,Nivel medio diario,2022-02-19 00:00,cm,237.437499999968,Definitivo
23157030,BARRANCABERMEJA  - AUT [23157030],NIVEL,Nivel medio diario,2022-02-20 00:00,cm,261.875000000008,Definitivo
23157030,BARRANCABERMEJA  - AUT [23157030],NIVEL,Nivel medio diario,2022-02-21 00:00,cm,256.000000000028,Definitivo
23157030,BARRANCABERMEJA  - AUT [23157030],NIVEL,Nivel medio diario,2022-02-22 00:00,cm,223.249999999984,Definitivo
23157030,BARRANCABERMEJA  - AUT [23157030],NIVEL,Nivel medio diario,2022-02-23 00:00,cm,246.562500000007,Definitivo
23157030,BARRANCABERMEJA  - AUT [23157030],NIVEL,Nivel medio diario,2022-02-24 00:00,cm,241.749999999984,Definitivo
23157030,BARRANCABERMEJA  - AUT [23157030],NIVEL,Nivel medio diario,2022-02-25 00:00,cm,261.312500000003,Definitivo
23157030,BARRANCABERMEJA  - AUT [23157030],NIVEL,Nivel medio diario,2022-02-26 00:00,cm,259.374999999989,Definitivo
23157030,BARRANCABERMEJA  - AUT [23157030],NIVEL,Nivel medio diario,2022-02-27 00:00,cm,279.624999999968,Definitivo
23157030,BARRANCABERMEJA  - AUT [23157030],NIVEL,Nivel medio diario,2022-02-28 00:00,cm,311.249999999993,Definitivo
23157030,BARRANCABERMEJA  - AUT [23157030],NIVEL,Nivel medio diario,2022-03-01 00:00,cm,337.187499999958,Definitivo
23157030,BARRANCABERMEJA  - AUT [23157030],NIVEL,Nivel medio diario,2022-03-02 00:00,cm,381.187499999996,Definitivo
23157030,BARRANCABERMEJA  - AUT [23157030],NIVEL,Nivel medio diario,2022-03-03 00:00,cm,382.000000000009,Definitivo
23157030,BARRANCABERMEJA  - AUT [23157030],NIVEL,Nivel medio diario,2022-03-04 00:00,cm,375.312499999982,Definitivo
23157030,BARRANCABERMEJA  - AUT [23157030],NIVEL,Nivel medio diario,2022-03-05 00:00,cm,397.999999999991,Definitivo
23157030,BARRANCABERMEJA  - AUT [23157030],NIVEL,Nivel medio diario,2022-03-06 00:00,cm,408.937499999988,Definitivo
23157030,BARRANCABERMEJA  - AUT [23157030],NIVEL,Nivel medio diario,2022-03-07 00:00,cm,421.125000000001,Definitivo
23157030,BARRANCABERMEJA  - AUT [23157030],NIVEL,Nivel medio diario,2022-03-08 00:00,cm,415.625000000011,Definitivo
23157030,BARRANCABERMEJA  - AUT [23157030],NIVEL,Nivel medio diario,2022-03-09 00:00,cm,404.187500000005,Definitivo
23157030,BARRANCABERMEJA  - AUT [23157030],NIVEL,Nivel medio diario,2022-03-10 00:00,cm,395.437500000021,Definitivo
23157030,BARRANCABERMEJA  - AUT [23157030],NIVEL,Nivel medio diario,2022-03-11 00:00,cm,368.125000000022,Definitivo
23157030,BARRANCABERMEJA  - AUT [23157030],NIVEL,Nivel medio diario,2022-03-12 00:00,cm,335.875000000005,Definitivo
23157030,BARRANCABERMEJA  - AUT [23157030],NIVEL,Nivel medio diario,2022-03-13 00:00,cm,335.249999999981,Definitivo
23157030,BARRANCABERMEJA  - AUT [23157030],NIVEL,Nivel medio diario,2022-03-14 00:00,cm,346.500000000028,Definitivo
23157030,BARRANCABERMEJA  - AUT [23157030],NIVEL,Nivel medio diario,2022-03-15 00:00,cm,313.249999999977,Definitivo
23157030,BARRANCABERMEJA  - AUT [23157030],NIVEL,Nivel medio diario,2022-03-16 00:00,cm,333.875000000011,Definitivo
23157030,BARRANCABERMEJA  - AUT [23157030],NIVEL,Nivel medio diario,2022-03-17 00:00,cm,323.874999999983,Definitivo
23157030,BARRANCABERMEJA  - AUT [23157030],NIVEL,Nivel medio diario,2022-03-18 00:00,cm,347.937500000006,Definitivo
23157030,BARRANCABERMEJA  - AUT [23157030],NIVEL,Nivel medio diario,2022-03-19 00:00,cm,339.624999999996,Definitivo
23157030,BARRANCABERMEJA  - AUT [23157030],NIVEL,Nivel medio diario,2022-03-20 00:00,cm,347.562499999967,Definitivo
23157030,BARRANCABERMEJA  - AUT [23157030],NIVEL,Nivel medio diario,2022-03-21 00:00,cm,392.624999999985,Definitivo
23157030,BARRANCABERMEJA  - AUT [23157030],NIVEL,Nivel medio diario,2022-03-22 00:00,cm,404.749999999991,Definitivo
23157030,BARRANCABERMEJA  - AUT [23157030],NIVEL,Nivel medio diario,2022-03-23 00:00,cm,418.874999999998,Definitivo
23157030,BARRANCABERMEJA  - AUT [23157030],NIVEL,Nivel medio diario,2022-03-24 00:00,cm,411.625000000029,Definitivo
23157030,BARRANCABERMEJA  - AUT [23157030],NIVEL,Nivel medio diario,2022-03-25 00:00,cm,373.250000000004,Definitivo
23157030,BARRANCABERMEJA  - AUT [23157030],NIVEL,Nivel medio diario,2022-03-26 00:00,cm,377.749999999976,Definitivo
23157030,BARRANCABERMEJA  - AUT [23157030],NIVEL,Nivel medio diario,2022-03-27 00:00,cm,401.375000000003,Definitivo
23157030,BARRANCABERMEJA  - AUT [23157030],NIVEL,Nivel medio diario,2022-03-28 00:00,cm,399.749999999993,Definitivo
23157030,BARRANCABERMEJA  - AUT [23157030],NIVEL,Nivel medio diario,2022-03-29 00:00,cm,408.999999999992,Definitivo
23157030,BARRANCABERMEJA  - AUT [23157030],NIVEL,Nivel medio diario,2022-03-30 00:00,cm,418.999999999992,Definitivo
23157030,BARRANCABERMEJA  - AUT [23157030],NIVEL,Nivel medio diario,2022-03-31 00:00,cm,426.624999999999,Definitivo
23157030,BARRANCABERMEJA  - AUT [23157030],NIVEL,Nivel medio diario,2022-04-01 00:00,cm,427.937499999999,Definitivo
23157030,BARRANCABERMEJA  - AUT [23157030],NIVEL,Nivel medio diario,2022-04-02 00:00,cm,428.187500000004,Definitivo
23157030,BARRANCABERMEJA  - AUT [23157030],NIVEL,Nivel medio diario,2022-04-03 00:00,cm,426.749999999992,Definitivo
23157030,BARRANCABERMEJA  - AUT [23157030],NIVEL,Nivel medio diario,2022-04-04 00:00,cm,437.374999999987,Definitivo
23157030,BARRANCABERMEJA  - AUT [23157030],NIVEL,Nivel medio diario,2022-04-05 00:00,cm,445.687500000022,Definitivo
23157030,BARRANCABERMEJA  - AUT [23157030],NIVEL,Nivel medio diario,2022-04-06 00:00,cm,425.062499999986,Definitivo
23157030,BARRANCABERMEJA  - AUT [23157030],NIVEL,Nivel medio diario,2022-04-07 00:00,cm,442.562499999995,Definitivo
23157030,BARRANCABERMEJA  - AUT [23157030],NIVEL,Nivel medio diario,2022-04-08 00:00,cm,446.687500000003,Definitivo
23157030,BARRANCABERMEJA  - AUT [23157030],NIVEL,Nivel medio diario,2022-04-09 00:00,cm,436.250000000019,Definitivo
23157030,BARRANCABERMEJA  - AUT [23157030],NIVEL,Nivel medio diario,2022-04-10 00:00,cm,420.37499999998,Definitivo
23157030,BARRANCABERMEJA  - AUT [23157030],NIVEL,Nivel medio diario,2022-04-11 00:00,cm,436.000000000012,Definitivo
23157030,BARRANCABERMEJA  - AUT [23157030],NIVEL,Nivel medio diario,2022-04-12 00:00,cm,420.125000000022,Definitivo
23157030,BARRANCABERMEJA  - AUT [23157030],NIVEL,Nivel medio diario,2022-04-13 00:00,cm,395.500000000002,Definitivo
23157030,BARRANCABERMEJA  - AUT [23157030],NIVEL,Nivel medio diario,2022-04-14 00:00,cm,391.750000000004,Definitivo
23157030,BARRANCABERMEJA  - AUT [23157030],NIVEL,Nivel medio diario,2022-04-15 00:00,cm,376.625000000019,Definitivo
23157030,BARRANCABERMEJA  - AUT [23157030],NIVEL,Nivel medio diario,2022-04-16 00:00,cm,362.749999999993,Definitivo
23157030,BARRANCABERMEJA  - AUT [23157030],NIVEL,Nivel medio diario,2022-04-17 00:00,cm,376.624999999982,Definitivo
23157030,BARRANCABERMEJA  - AUT [23157030],NIVEL,Nivel medio diario,2022-04-18 00:00,cm,391.875000000017,Definitivo
23157030,BARRANCABERMEJA  - AUT [23157030],NIVEL,Nivel medio diario,2022-04-19 00:00,cm,387.999999999964,Definitivo
23157030,BARRANCABERMEJA  - AUT [23157030],NIVEL,Nivel medio diario,2022-04-20 00:00,cm,426.124999999997,Definitivo
23157030,BARRANCABERMEJA  - AUT [23157030],NIVEL,Nivel medio diario,2022-04-21 00:00,cm,428.312499999986,Definitivo
23157030,BARRANCABERMEJA  - AUT [23157030],NIVEL,Nivel medio diario,2022-04-22 00:00,cm,448.124999999984,Definitivo
23157030,BARRANCABERMEJA  - AUT [23157030],NIVEL,Nivel medio diario,2022-04-23 00:00,cm,464.687499999987,Definitivo
23157030,BARRANCABERMEJA  - AUT [23157030],NIVEL,Nivel medio diario,2022-04-24 00:00,cm,478.124999999998,Definitivo
23157030,BARRANCABERMEJA  - AUT [23157030],NIVEL,Nivel medio diario,2022-04-25 00:00,cm,476.125000000001,Definitivo
23157030,BARRANCABERMEJA  - AUT [23157030],NIVEL,Nivel medio diario,2022-04-26 00:00,cm,476.874999999997,Definitivo
23157030,BARRANCABERMEJA  - AUT [23157030],NIVEL,Nivel medio diario,2022-04-27 00:00,cm,476.31250000001,Definitivo
23157030,BARRANCABERMEJA  - AUT [23157030],NIVEL,Nivel medio diario,2022-04-28 00:00,cm,463.562500000009,Definitivo
23157030,BARRANCABERMEJA  - AUT [23157030],NIVEL,Nivel medio diario,2022-04-29 00:00,cm,454.874999999996,Definitivo
23157030,BARRANCABERMEJA  - AUT [23157030],NIVEL,Nivel medio diario,2022-04-30 00:00,cm,456.125000000009,Definitivo
23157030,BARRANCABERMEJA  - AUT [23157030],NIVEL,Nivel medio diario,2022-05-01 00:00,cm,440.875000000014,Definitivo
23157030,BARRANCABERMEJA  - AUT [23157030],NIVEL,Nivel medio diario,2022-05-02 00:00,cm,411.375000000021,Definitivo
23157030,BARRANCABERMEJA  - AUT [23157030],NIVEL,Nivel medio diario,2022-05-03 00:00,cm,380.375000000024,Definitivo
23157030,BARRANCABERMEJA  - AUT [23157030],NIVEL,Nivel medio diario,2022-05-04 00:00,cm,343.500000000021,Definitivo
23157030,BARRANCABERMEJA  - AUT [23157030],NIVEL,Nivel medio diario,2022-05-05 00:00,cm,337.249999999964,Definitivo
23157030,BARRANCABERMEJA  - AUT [23157030],NIVEL,Nivel medio diario,2022-05-06 00:00,cm,364.125000000033,Definitivo
23157030,BARRANCABERMEJA  - AUT [23157030],NIVEL,Nivel medio diario,2022-05-07 00:00,cm,331.999999999965,Definitivo
23157030,BARRANCABERMEJA  - AUT [23157030],NIVEL,Nivel medio diario,2022-05-08 00:00,cm,367.625000000028,Definitivo
23157030,BARRANCABERMEJA  - AUT [23157030],NIVEL,Nivel medio diario,2022-05-09 00:00,cm,327.187499999981,Definitivo
23157030,BARRANCABERMEJA  - AUT [23157030],NIVEL,Nivel medio diario,2022-05-10 00:00,cm,355.062500000012,Definitivo
23157030,BARRANCABERMEJA  - AUT [23157030],NIVEL,Nivel medio diario,2022-05-11 00:00,cm,344.624999999996,Definitivo
23157030,BARRANCABERMEJA  - AUT [23157030],NIVEL,Nivel medio diario,2022-05-12 00:00,cm,365.499999999962,Definitivo
23157030,BARRANCABERMEJA  - AUT [23157030],NIVEL,Nivel medio diario,2022-05-13 00:00,cm,409.624999999989,Definitivo
23157030,BARRANCABERMEJA  - AUT [23157030],NIVEL,Nivel medio diario,2022-05-14 00:00,cm,419.624999999992,Definitivo
23157030,BARRANCABERMEJA  - AUT [23157030],NIVEL,Nivel medio diario,2022-05-15 00:00,cm,414.562500000041,Definitivo
23157030,BARRANCABERMEJA  - AUT [23157030],NIVEL,Nivel medio diario,2022-05-16 00:00,cm,378.999999999985,Definitivo
23157030,BARRANCABERMEJA  - AUT [23157030],NIVEL,Nivel medio diario,2022-05-17 00:00,cm,391.437500000005,Definitivo
23157030,BARRANCABERMEJA  - AUT [23157030],NIVEL,Nivel medio diario,2022-05-18 00:00,cm,391.187499999984,Definitivo
23157030,BARRANCABERMEJA  - AUT [23157030],NIVEL,Nivel medio diario,2022-05-19 00:00,cm,406.937500000007,Definitivo
23157030,BARRANCABERMEJA  - AUT [23157030],NIVEL,Nivel medio diario,2022-05-20 00:00,cm,400.812499999996,Definitivo
23157030,BARRANCABERMEJA  - AUT [23157030],NIVEL,Nivel medio diario,2022-05-21 00:00,cm,407.81249999999,Definitivo
23157030,BARRANCABERMEJA  - AUT [23157030],NIVEL,Nivel medio diario,2022-05-22 00:00,cm,407.875000000018,Definitivo
23157030,BARRANCABERMEJA  - AUT [23157030],NIVEL,Nivel medio diario,2022-05-23 00:00,cm,393.124999999992,Definitivo
23157030,BARRANCABERMEJA  - AUT [23157030],NIVEL,Nivel medio diario,2022-05-24 00:00,cm,389.87500000002,Definitivo
23157030,BARRANCABERMEJA  - AUT [23157030],NIVEL,Nivel medio diario,2022-05-25 00:00,cm,371.812499999997,Definitivo
23157030,BARRANCABERMEJA  - AUT [23157030],NIVEL,Nivel medio diario,2022-05-26 00:00,cm,371.75000000001,Definitivo
23157030,BARRANCABERMEJA  - AUT [23157030],NIVEL,Nivel medio diario,2022-05-27 00:00,cm,362.0625,Definitivo
23157030,BARRANCABERMEJA  - AUT [23157030],NIVEL,Nivel medio diario,2022-05-28 00:00,cm,352.562500000022,Definitivo
23157030,BARRANCABERMEJA  - AUT [23157030],NIVEL,Nivel medio diario,2022-05-29 00:00,cm,334.374999999986,Definitivo
23157030,BARRANCABERMEJA  - AUT [23157030],NIVEL,Nivel medio diario,2022-05-30 00:00,cm,341.687500000012,Definitivo
23157030,BARRANCABERMEJA  - AUT [23157030],NIVEL,Nivel medio diario,2022-05-31 00:00,cm,339.999999999982,Definitivo
23157030,BARRANCABERMEJA  - AUT [23157030],NIVEL,Nivel medio diario,2022-06-01 00:00,cm,351.125000000021,Definitivo
23157030,BARRANCABERMEJA  - AUT [23157030],NIVEL,Nivel medio diario,2022-06-02 00:00,cm,342.499999999972,Definitivo
23157030,BARRANCABERMEJA  - AUT [23157030],NIVEL,Nivel medio diario,2022-06-03 00:00,cm,371.624999999999,Definitivo
23157030,BARRANCABERMEJA  - AUT [23157030],NIVEL,Nivel medio diario,2022-06-04 00:00,cm,365.812500000011,Definitivo
23157030,BARRANCABERMEJA  - AUT [23157030],NIVEL,Nivel medio diario,2022-06-05 00:00,cm,351.250000000012,Definitivo
23157030,BARRANCABERMEJA  - AUT [23157030],NIVEL,Nivel medio diario,2022-06-06 00:00,cm,342.999999999992,Definitivo
23157030,BARRANCABERMEJA  - AUT [23157030],NIVEL,Nivel medio diario,2022-06-07 00:00,cm,358.812499999948,Definitivo
23157030,BARRANCABERMEJA  - AUT [23157030],NIVEL,Nivel medio diario,2022-06-08 00:00,cm,414.499999999999,Definitivo
23157030,BARRANCABERMEJA  - AUT [23157030],NIVEL,Nivel medio diario,2022-06-09 00:00,cm,407.875000000024,Definitivo
23157030,BARRANCABERMEJA  - AUT [23157030],NIVEL,Nivel medio diario,2022-06-10 00:00,cm,379.750000000007,Definitivo
23157030,BARRANCABERMEJA  - AUT [23157030],NIVEL,Nivel medio diario,2022-06-11 00:00,cm,375.437499999971,Definitivo
23157030,BARRANCABERMEJA  - AUT [23157030],NIVEL,Nivel medio diario,2022-06-12 00:00,cm,407.812499999996,Definitivo
23157030,BARRANCABERMEJA  - AUT [23157030],NIVEL,Nivel medio diario,2022-06-13 00:00,cm,410.374999999996,Definitivo
23157030,BARRANCABERMEJA  - AUT [23157030],NIVEL,Nivel medio diario,2022-06-14 00:00,cm,414.375000000002,Definitivo
23157030,BARRANCABERMEJA  - AUT [23157030],NIVEL,Nivel medio diario,2022-06-15 00:00,cm,409.375000000024,Definitivo
23157030,BARRANCABERMEJA  - AUT [23157030],NIVEL,Nivel medio diario,2022-06-16 00:00,cm,383.249999999997,Definitivo
23157030,BARRANCABERMEJA  - AUT [23157030],NIVEL,Nivel medio diario,2022-06-17 00:00,cm,380.375000000015,Definitivo
23157030,BARRANCABERMEJA  - AUT [23157030],NIVEL,Nivel medio diario,2022-06-18 00:00,cm,358.625000000015,Definitivo
23157030,BARRANCABERMEJA  - AUT [23157030],NIVEL,Nivel medio diario,2022-06-19 00:00,cm,341.937499999998,Definitivo
23157030,BARRANCABERMEJA  - AUT [23157030],NIVEL,Nivel medio diario,2022-06-20 00:00,cm,345.374999999995,Definitivo
23157030,BARRANCABERMEJA  - AUT [23157030],NIVEL,Nivel medio diario,2022-06-21 00:00,cm,351.374999999997,Definitivo
23157030,BARRANCABERMEJA  - AUT [23157030],NIVEL,Nivel medio diario,2022-06-22 00:00,cm,351.125000000006,Definitivo
23157030,BARRANCABERMEJA  - AUT [23157030],NIVEL,Nivel medio diario,2022-06-23 00:00,cm,350.374999999992,Definitivo
23157030,BARRANCABERMEJA  - AUT [23157030],NIVEL,Nivel medio diario,2022-06-24 00:00,cm,356.312500000002,Definitivo
23157030,BARRANCABERMEJA  - AUT [23157030],NIVEL,Nivel medio diario,2022-06-25 00:00,cm,349.312500000015,Definitivo
23157030,BARRANCABERMEJA  - AUT [23157030],NIVEL,Nivel medio diario,2022-06-26 00:00,cm,344.687499999978,Definitivo
23157030,BARRANCABERMEJA  - AUT [23157030],NIVEL,Nivel medio diario,2022-06-27 00:00,cm,357.625000000002,Definitivo
23157030,BARRANCABERMEJA  - AUT [23157030],NIVEL,Nivel medio diario,2022-06-28 00:00,cm,360.74999999998,Definitivo
23157030,BARRANCABERMEJA  - AUT [23157030],NIVEL,Nivel medio diario,2022-06-29 00:00,cm,382.5,Definitivo
23157030,BARRANCABERMEJA  - AUT [23157030],NIVEL,Nivel medio diario,2022-06-30 00:00,cm,378.687500000015,Definitivo
23157030,BARRANCABERMEJA  - AUT [23157030],NIVEL,Nivel medio diario,2022-07-01 00:00,cm,364.312499999984,Definitivo
23157030,BARRANCABERMEJA  - AUT [23157030],NIVEL,Nivel medio diario,2022-07-02 00:00,cm,383.250000000002,Definitivo
23157030,BARRANCABERMEJA  - AUT [23157030],NIVEL,Nivel medio diario,2022-07-03 00:00,cm,374.625000000016,Definitivo
23157030,BARRANCABERMEJA  - AUT [23157030],NIVEL,Nivel medio diario,2022-07-04 00:00,cm,354.000000000015,Definitivo
23157030,BARRANCABERMEJA  - AUT [23157030],NIVEL,Nivel medio diario,2022-07-05 00:00,cm,340.687500000017,Definitivo
23157030,BARRANCABERMEJA  - AUT [23157030],NIVEL,Nivel medio diario,2022-07-06 00:00,cm,320.062500000009,Definitivo
23157030,BARRANCABERMEJA  - AUT [23157030],NIVEL,Nivel medio diario,2022-07-07 00:00,cm,305.375000000008,Definitivo
23157030,BARRANCABERMEJA  - AUT [23157030],NIVEL,Nivel medio diario,2022-07-08 00:00,cm,296.437500000004,Definitivo
23157030,BARRANCABERMEJA  - AUT [23157030],NIVEL,Nivel medio diario,2022-07-09 00:00,cm,294.312499999996,Definitivo
23157030,BARRANCABERMEJA  - AUT [23157030],NIVEL,Nivel medio diario,2022-07-10 00:00,cm,297.875,Definitivo
23157030,BARRANCABERMEJA  - AUT [23157030],NIVEL,Nivel medio diario,2022-07-11 00:00,cm,310.437499999957,Definitivo
23157030,BARRANCABERMEJA  - AUT [23157030],NIVEL,Nivel medio diario,2022-07-12 00:00,cm,349.375000000011,Definitivo
23157030,BARRANCABERMEJA  - AUT [23157030],NIVEL,Nivel medio diario,2022-07-13 00:00,cm,338.062500000002,Definitivo
23157030,BARRANCABERMEJA  - AUT [23157030],NIVEL,Nivel medio diario,2022-07-14 00:00,cm,345.249999999977,Definitivo
23157030,BARRANCABERMEJA  - AUT [23157030],NIVEL,Nivel medio diario,2022-07-15 00:00,cm,364.500000000008,Definitivo
23157030,BARRANCABERMEJA  - AUT [23157030],NIVEL,Nivel medio diario,2022-07-16 00:00,cm,356.062499999999,Definitivo
23157030,BARRANCABERMEJA  - AUT [23157030],NIVEL,Nivel medio diario,2022-07-17 00:00,cm,355.312500000003,Definitivo
23157030,BARRANCABERMEJA  - AUT [23157030],NIVEL,Nivel medio diario,2022-07-18 00:00,cm,347.062500000012,Definitivo
23157030,BARRANCABERMEJA  - AUT [23157030],NIVEL,Nivel medio diario,2022-07-19 00:00,cm,327.812500000022,Definitivo
23157030,BARRANCABERMEJA  - AUT [23157030],NIVEL,Nivel medio diario,2022-07-20 00:00,cm,302.687500000009,Definitivo
23157030,BARRANCABERMEJA  - AUT [23157030],NIVEL,Nivel medio diario,2022-07-21 00:00,cm,294.749999999995,Definitivo
23157030,BARRANCABERMEJA  - AUT [23157030],NIVEL,Nivel medio diario,2022-07-22 00:00,cm,293.125000000014,Definitivo
23157030,BARRANCABERMEJA  - AUT [23157030],NIVEL,Nivel medio diario,2022-07-23 00:00,cm,294.124999999948,Definitivo
23157030,BARRANCABERMEJA  - AUT [23157030],NIVEL,Nivel medio diario,2022-07-24 00:00,cm,346.250000000001,Definitivo
23157030,BARRANCABERMEJA  - AUT [23157030],NIVEL,Nivel medio diario,2022-07-25 00:00,cm,333.312500000007,Definitivo
23157030,BARRANCABERMEJA  - AUT [23157030],NIVEL,Nivel medio diario,2022-07-26 00:00,cm,328.562499999998,Definitivo
23157030,BARRANCABERMEJA  - AUT [23157030],NIVEL,Nivel medio diario,2022-07-27 00:00,cm,336.43749999998,Definitivo
23157030,BARRANCABERMEJA  - AUT [23157030],NIVEL,Nivel medio diario,2022-07-28 00:00,cm,370.249999999956,Definitivo
23157030,BARRANCABERMEJA  - AUT [23157030],NIVEL,Nivel medio diario,2022-07-29 00:00,cm,417.437499999997,Definitivo
23157030,BARRANCABERMEJA  - AUT [23157030],NIVEL,Nivel medio diario,2022-07-30 00:00,cm,408.437500000027,Definitivo
23157030,BARRANCABERMEJA  - AUT [23157030],NIVEL,Nivel medio diario,2022-07-31 00:00,cm,372.50000000002,Definitivo
23157030,BARRANCABERMEJA  - AUT [23157030],NIVEL,Nivel medio diario,2022-08-01 00:00,cm,357.374999999988,Definitivo
23157030,BARRANCABERMEJA  - AUT [23157030],NIVEL,Nivel medio diario,2022-08-02 00:00,cm,378.062499999976,Definitivo
23157030,BARRANCABERMEJA  - AUT [23157030],NIVEL,Nivel medio diario,2022-08-03 00:00,cm,400.250000000008,Definitivo
23157030,BARRANCABERMEJA  - AUT [23157030],NIVEL,Nivel medio diario,2022-08-04 00:00,cm,385.06250000002,Definitivo
23157030,BARRANCABERMEJA  - AUT [23157030],NIVEL,Nivel medio diario,2022-08-05 00:00,cm,369.749999999975,Definitivo
23157030,BARRANCABERMEJA  - AUT [23157030],NIVEL,Nivel medio diario,2022-08-06 00:00,cm,400.437499999985,Definitivo
23157030,BARRANCABERMEJA  - AUT [23157030],NIVEL,Nivel medio diario,2022-08-07 00:00,cm,408.937500000017,Definitivo
23157030,BARRANCABERMEJA  - AUT [23157030],NIVEL,Nivel medio diario,2022-08-08 00:00,cm,380.125000000029,Definitivo
23157030,BARRANCABERMEJA  - AUT [23157030],NIVEL,Nivel medio diario,2022-08-09 00:00,cm,339.87500000003,Definitivo
23157030,BARRANCABERMEJA  - AUT [23157030],NIVEL,Nivel medio diario,2022-08-10 00:00,cm,301.937500000021,Definitivo
23157030,BARRANCABERMEJA  - AUT [23157030],NIVEL,Nivel medio diario,2022-08-11 00:00,cm,281.812500000002,Definitivo
23157030,BARRANCABERMEJA  - AUT [23157030],NIVEL,Nivel medio diario,2022-08-12 00:00,cm,276.437499999989,Definitivo
23157030,BARRANCABERMEJA  - AUT [23157030],NIVEL,Nivel medio diario,2022-08-13 00:00,cm,301.124999999974,Definitivo
23157030,BARRANCABERMEJA  - AUT [23157030],NIVEL,Nivel medio diario,2022-08-14 00:00,cm,332.374999999965,Definitivo
23157030,BARRANCABERMEJA  - AUT [23157030],NIVEL,Nivel medio diario,2022-08-15 00:00,cm,365.875000000005,Definitivo
23157030,BARRANCABERMEJA  - AUT [23157030],NIVEL,Nivel medio diario,2022-08-16 00:00,cm,360.187500000002,Definitivo
23157030,BARRANCABERMEJA  - AUT [23157030],NIVEL,Nivel medio diario,2022-08-17 00:00,cm,345.875000000052,Definitivo
23157030,BARRANCABERMEJA  - AUT [23157030],NIVEL,Nivel medio diario,2022-08-18 00:00,cm,283.687500000013,Definitivo
23157030,BARRANCABERMEJA  - AUT [23157030],NIVEL,Nivel medio diario,2022-08-19 00:00,cm,271.25000000001,Definitivo
23157030,BARRANCABERMEJA  - AUT [23157030],NIVEL,Nivel medio diario,2022-08-20 00:00,cm,263.749999999986,Definitivo
23157030,BARRANCABERMEJA  - AUT [23157030],NIVEL,Nivel medio diario,2022-08-21 00:00,cm,276.812500000004,Definitivo
23157030,BARRANCABERMEJA  - AUT [23157030],NIVEL,Nivel medio diario,2022-08-22 00:00,cm,270.937500000005,Definitivo
23157030,BARRANCABERMEJA  - AUT [23157030],NIVEL,Nivel medio diario,2022-08-23 00:00,cm,268.124999999993,Definitivo
23157030,BARRANCABERMEJA  - AUT [23157030],NIVEL,Nivel medio diario,2022-08-24 00:00,cm,258.375000000028,Definitivo
23157030,BARRANCABERMEJA  - AUT [23157030],NIVEL,Nivel medio diario,2022-08-25 00:00,cm,232.062499999992,Definitivo
23157030,BARRANCABERMEJA  - AUT [23157030],NIVEL,Nivel medio diario,2022-08-26 00:00,cm,239.437500000011,Definitivo
23157030,BARRANCABERMEJA  - AUT [23157030],NIVEL,Nivel medio diario,2022-08-27 00:00,cm,222.187500000009,Definitivo
23157030,BARRANCABERMEJA  - AUT [23157030],NIVEL,Nivel medio diario,2022-08-28 00:00,cm,213.843750000001,Definitivo
23157030,BARRANCABERMEJA  - AUT [23157030],NIVEL,Nivel medio diario,2022-08-29 00:00,cm,238.156249999952,Definitivo
23157030,BARRANCABERMEJA  - AUT [23157030],NIVEL,Nivel medio diario,2022-08-30 00:00,cm,280.68750000001,Definitivo
23157030,BARRANCABERMEJA  - AUT [23157030],NIVEL,Nivel medio diario,2022-08-31 00:00,cm,273.499999999987,Definitivo
23157030,BARRANCABERMEJA  - AUT [23157030],NIVEL,Nivel medio diario,2022-09-01 00:00,cm,290.687500000001,Definitivo
23157030,BARRANCABERMEJA  - AUT [23157030],NIVEL,Nivel medio diario,2022-09-02 00:00,cm,287.250000000005,Definitivo
23157030,BARRANCABERMEJA  - AUT [23157030],NIVEL,Nivel medio diario,2022-09-03 00:00,cm,281.062500000004,Definitivo
23157030,BARRANCABERMEJA  - AUT [23157030],NIVEL,Nivel medio diario,2022-09-04 00:00,cm,273.062500000012,Definitivo
23157030,BARRANCABERMEJA  - AUT [23157030],NIVEL,Nivel medio diario,2022-09-05 00:00,cm,257.875000000013,Definitivo
23157030,BARRANCABERMEJA  - AUT [23157030],NIVEL,Nivel medio diario,2022-09-06 00:00,cm,267.062499999954,Definitivo
23157030,BARRANCABERMEJA  - AUT [23157030],NIVEL,Nivel medio diario,2022-09-07 00:00,cm,295.812500000039,Definitivo
23157030,BARRANCABERMEJA  - AUT [23157030],NIVEL,Nivel medio diario,2022-09-08 00:00,cm,276.437499999956,Definitivo
23157030,BARRANCABERMEJA  - AUT [23157030],NIVEL,Nivel medio diario,2022-09-09 00:00,cm,322.062499999978,Definitivo
23157030,BARRANCABERMEJA  - AUT [23157030],NIVEL,Nivel medio diario,2022-09-10 00:00,cm,323.750000000037,Definitivo
23157030,BARRANCABERMEJA  - AUT [23157030],NIVEL,Nivel medio diario,2022-09-11 00:00,cm,284.25000000001,Definitivo
23157030,BARRANCABERMEJA  - AUT [23157030],NIVEL,Nivel medio diario,2022-09-12 00:00,cm,271.937500000008,Definitivo
23157030,BARRANCABERMEJA  - AUT [23157030],NIVEL,Nivel medio diario,2022-09-13 00:00,cm,273.374999999972,Definitivo
23157030,BARRANCABERMEJA  - AUT [23157030],NIVEL,Nivel medio diario,2022-09-14 00:00,cm,309.374999999986,Definitivo
23157030,BARRANCABERMEJA  - AUT [23157030],NIVEL,Nivel medio diario,2022-09-15 00:00,cm,308.187500000028,Definitivo
23157030,BARRANCABERMEJA  - AUT [23157030],NIVEL,Nivel medio diario,2022-09-16 00:00,cm,292.624999999946,Definitivo
23157030,BARRANCABERMEJA  - AUT [23157030],NIVEL,Nivel medio diario,2022-09-17 00:00,cm,343.625000000012,Definitivo
23157030,BARRANCABERMEJA  - AUT [23157030],NIVEL,Nivel medio diario,2022-09-18 00:00,cm,333.687499999992,Definitivo
23157030,BARRANCABERMEJA  - AUT [23157030],NIVEL,Nivel medio diario,2022-09-19 00:00,cm,364.24999999996,Definitivo
23157030,BARRANCABERMEJA  - AUT [23157030],NIVEL,Nivel medio diario,2022-09-20 00:00,cm,379.50000000007,Definitivo
23157030,BARRANCABERMEJA  - AUT [23157030],NIVEL,Nivel medio diario,2022-09-21 00:00,cm,305.437500000012,Definitivo
23157030,BARRANCABERMEJA  - AUT [23157030],NIVEL,Nivel medio diario,2022-09-22 00:00,cm,302.374999999962,Definitivo
23157030,BARRANCABERMEJA  - AUT [23157030],NIVEL,Nivel medio diario,2022-09-23 00:00,cm,347.812500000016,Definitivo
23157030,BARRANCABERMEJA  - AUT [23157030],NIVEL,Nivel medio diario,2022-09-24 00:00,cm,333.562499999997,Definitivo
23157030,BARRANCABERMEJA  - AUT [23157030],NIVEL,Nivel medio diario,2022-09-25 00:00,cm,336.687499999993,Definitivo
23157030,BARRANCABERMEJA  - AUT [23157030],NIVEL,Nivel medio diario,2022-09-26 00:00,cm,326.562500000036,Definitivo
23157030,BARRANCABERMEJA  - AUT [23157030],NIVEL,Nivel medio diario,2022-09-27 00:00,cm,295.624999999994,Definitivo
23157030,BARRANCABERMEJA  - AUT [23157030],NIVEL,Nivel medio diario,2022-09-28 00:00,cm,291.687500000029,Definitivo
23157030,BARRANCABERMEJA  - AUT [23157030],NIVEL,Nivel medio diario,2022-09-29 00:00,cm,283.562499999953,Definitivo
23157030,BARRANCABERMEJA  - AUT [23157030],NIVEL,Nivel medio diario,2022-09-30 00:00,cm,326.374999999998,Definitivo
23157030,BARRANCABERMEJA  - AUT [23157030],NIVEL,Nivel medio diario,2022-10-01 00:00,cm,354.749999999981,Definitivo
23157030,BARRANCABERMEJA  - AUT [23157030],NIVEL,Nivel medio diario,2022-10-02 00:00,cm,351.125000000007,Definitivo
23157030,BARRANCABERMEJA  - AUT [23157030],NIVEL,Nivel medio diario,2022-10-03 00:00,cm,345.250000000014,Definitivo
23157030,BARRANCABERMEJA  - AUT [23157030],NIVEL,Nivel medio diario,2022-10-04 00:00,cm,321.500000000028,Definitivo
23157030,BARRANCABERMEJA  - AUT [23157030],NIVEL,Nivel medio diario,2022-10-05 00:00,cm,288.249999999992,Definitivo
23157030,BARRANCABERMEJA  - AUT [23157030],NIVEL,Nivel medio diario,2022-10-06 00:00,cm,299.250000000004,Definitivo
23157030,BARRANCABERMEJA  - AUT [23157030],NIVEL,Nivel medio diario,2022-10-07 00:00,cm,295.749999999996,Definitivo
23157030,BARRANCABERMEJA  - AUT [23157030],NIVEL,Nivel medio diario,2022-10-08 00:00,cm,302.499999999988,Definitivo
23157030,BARRANCABERMEJA  - AUT [23157030],NIVEL,Nivel medio diario,2022-10-09 00:00,cm,316.187499999964,Definitivo
23157030,BARRANCABERMEJA  - AUT [23157030],NIVEL,Nivel medio diario,2022-10-10 00:00,cm,350.062500000009,Definitivo
23157030,BARRANCABERMEJA  - AUT [23157030],NIVEL,Nivel medio diario,2022-10-11 00:00,cm,330.250000000027,Definitivo
23157030,BARRANCABERMEJA  - AUT [23157030],NIVEL,Nivel medio diario,2022-10-12 00:00,cm,298.312500000024,Definitivo
23157030,BARRANCABERMEJA  - AUT [23157030],NIVEL,Nivel medio diario,2022-10-13 00:00,cm,290.499999999958,Definitivo
23157030,BARRANCABERMEJA  - AUT [23157030],NIVEL,Nivel medio diario,2022-10-14 00:00,cm,333.062500000002,Definitivo
23157030,BARRANCABERMEJA  - AUT [23157030],NIVEL,Nivel medio diario,2022-10-15 00:00,cm,319.375000000036,Definitivo
23157030,BARRANCABERMEJA  - AUT [23157030],NIVEL,Nivel medio diario,2022-10-16 00:00,cm,276.125000000008,Definitivo
23157030,BARRANCABERMEJA  - AUT [23157030],NIVEL,Nivel medio diario,2022-10-17 00:00,cm,281.624999999966,Definitivo
23157030,BARRANCABERMEJA  - AUT [23157030],NIVEL,Nivel medio diario,2022-10-18 00:00,cm,316.0625,Definitivo
23157030,BARRANCABERMEJA  - AUT [23157030],NIVEL,Nivel medio diario,2022-10-19 00:00,cm,314.812499999999,Definitivo
23157030,BARRANCABERMEJA  - AUT [23157030],NIVEL,Nivel medio diario,2022-10-20 00:00,cm,322.249999999953,Definitivo
23157030,BARRANCABERMEJA  - AUT [23157030],NIVEL,Nivel medio diario,2022-10-21 00:00,cm,378.562499999973,Definitivo
23157030,BARRANCABERMEJA  - AUT [23157030],NIVEL,Nivel medio diario,2022-10-22 00:00,cm,407.062500000004,Definitivo
23157030,BARRANCABERMEJA  - AUT [23157030],NIVEL,Nivel medio diario,2022-10-23 00:00,cm,398.500000000011,Definitivo
23157030,BARRANCABERMEJA  - AUT [23157030],NIVEL,Nivel medio diario,2022-10-24 00:00,cm,387.125,Definitivo
23157030,BARRANCABERMEJA  - AUT [23157030],NIVEL,Nivel medio diario,2022-10-25 00:00,cm,392.562499999975,Definitivo
23157030,BARRANCABERMEJA  - AUT [23157030],NIVEL,Nivel medio diario,2022-10-26 00:00,cm,422.562499999986,Definitivo
23157030,BARRANCABERMEJA  - AUT [23157030],NIVEL,Nivel medio diario,2022-10-27 00:00,cm,441.999999999985,Definitivo
23157030,BARRANCABERMEJA  - AUT [23157030],NIVEL,Nivel medio diario,2022-10-28 00:00,cm,460.624999999991,Definitivo
23157030,BARRANCABERMEJA  - AUT [23157030],NIVEL,Nivel medio diario,2022-10-29 00:00,cm,470.749999999997,Definitivo
23157030,BARRANCABERMEJA  - AUT [23157030],NIVEL,Nivel medio diario,2022-10-30 00:00,cm,472.562500000005,Definitivo
23157030,BARRANCABERMEJA  - AUT [23157030],NIVEL,Nivel medio diario,2022-10-31 00:00,cm,461.437500000023,Definitivo
23157030,BARRANCABERMEJA  - AUT [23157030],NIVEL,Nivel medio diario,2022-11-01 00:00,cm,427.625000000033,Definitivo
23157030,BARRANCABERMEJA  - AUT [23157030],NIVEL,Nivel medio diario,2022-11-02 00:00,cm,378.625000000038,Definitivo
23157030,BARRANCABERMEJA  - AUT [23157030],NIVEL,Nivel medio diario,2022-11-03 00:00,cm,337.937500000007,Definitivo
23157030,BARRANCABERMEJA  - AUT [23157030],NIVEL,Nivel medio diario,2022-11-04 00:00,cm,330.562500000002,Definitivo
23157030,BARRANCABERMEJA  - AUT [23157030],NIVEL,Nivel medio diario,2022-11-05 00:00,cm,332.56249999999,Definitivo
23157030,BARRANCABERMEJA  - AUT [23157030],NIVEL,Nivel medio diario,2022-11-06 00:00,cm,351.437499999973,Definitivo
23157030,BARRANCABERMEJA  - AUT [23157030],NIVEL,Nivel medio diario,2022-11-07 00:00,cm,370.125000000026,Definitivo
23157030,BARRANCABERMEJA  - AUT [23157030],NIVEL,Nivel medio diario,2022-11-08 00:00,cm,341.187499999973,Definitivo
23157030,BARRANCABERMEJA  - AUT [23157030],NIVEL,Nivel medio diario,2022-11-09 00:00,cm,369.500000000004,Definitivo
23157030,BARRANCABERMEJA  - AUT [23157030],NIVEL,Nivel medio diario,2022-11-10 00:00,cm,376.124999999973,Definitivo
23157030,BARRANCABERMEJA  - AUT [23157030],NIVEL,Nivel medio diario,2022-11-11 00:00,cm,406.937499999986,Definitivo
23157030,BARRANCABERMEJA  - AUT [23157030],NIVEL,Nivel medio diario,2022-11-12 00:00,cm,423.062499999993,Definitivo
23157030,BARRANCABERMEJA  - AUT [23157030],NIVEL,Nivel medio diario,2022-11-13 00:00,cm,434.124999999989,Definitivo
23157030,BARRANCABERMEJA  - AUT [23157030],NIVEL,Nivel medio diario,2022-11-14 00:00,cm,438.437500000002,Definitivo
23157030,BARRANCABERMEJA  - AUT [23157030],NIVEL,Nivel medio diario,2022-11-15 00:00,cm,434.187500000009,Definitivo
23157030,BARRANCABERMEJA  - AUT [23157030],NIVEL,Nivel medio diario,2022-11-16 00:00,cm,427.124999999996,Definitivo
23157030,BARRANCABERMEJA  - AUT [23157030],NIVEL,Nivel medio diario,2022-11-17 00:00,cm,431.187500000001,Definitivo
23157030,BARRANCABERMEJA  - AUT [23157030],NIVEL,Nivel medio diario,2022-11-18 00:00,cm,434.499999999991,Definitivo
23157030,BARRANCABERMEJA  - AUT [23157030],NIVEL,Nivel medio diario,2022-11-19 00:00,cm,438.312500000015,Definitivo
23157030,BARRANCABERMEJA  - AUT [23157030],NIVEL,Nivel medio diario,2022-11-20 00:00,cm,419.312500000011,Definitivo
23157030,BARRANCABERMEJA  - AUT [23157030],NIVEL,Nivel medio diario,2022-11-21 00:00,cm,411.312499999988,Definitivo
23157030,BARRANCABERMEJA  - AUT [23157030],NIVEL,Nivel medio diario,2022-11-22 00:00,cm,423.6875,Definitivo
23157030,BARRANCABERMEJA  - AUT [23157030],NIVEL,Nivel medio diario,2022-11-23 00:00,cm,411.500000000032,Definitivo
23157030,BARRANCABERMEJA  - AUT [23157030],NIVEL,Nivel medio diario,2022-11-24 00:00,cm,379.250000000005,Definitivo
23157030,BARRANCABERMEJA  - AUT [23157030],NIVEL,Nivel medio diario,2022-11-25 00:00,cm,374.687499999995,Definitivo
23157030,BARRANCABERMEJA  - AUT [23157030],NIVEL,Nivel medio diario,2022-11-26 00:00,cm,386.874999999983,Definitivo
23157030,BARRANCABERMEJA  - AUT [23157030],NIVEL,Nivel medio diario,2022-11-27 00:00,cm,408.437499999997,Definitivo
23157030,BARRANCABERMEJA  - AUT [23157030],NIVEL,Nivel medio diario,2022-11-28 00:00,cm,403.625000000015,Definitivo
23157030,BARRANCABERMEJA  - AUT [23157030],NIVEL,Nivel medio diario,2022-11-29 00:00,cm,395.124999999976,Definitivo
23157030,BARRANCABERMEJA  - AUT [23157030],NIVEL,Nivel medio diario,2022-11-30 00:00,cm,428.437499999978,Definitivo
23157030,BARRANCABERMEJA  - AUT [23157030],NIVEL,Nivel medio diario,2022-12-01 00:00,cm,450.749999999996,Definitivo
23157030,BARRANCABERMEJA  - AUT [23157030],NIVEL,Nivel medio diario,2022-12-02 00:00,cm,450.937500000009,Definitivo
23157030,BARRANCABERMEJA  - AUT [23157030],NIVEL,Nivel medio diario,2022-12-03 00:00,cm,426.000000000035,Definitivo
23157030,BARRANCABERMEJA  - AUT [23157030],NIVEL,Nivel medio diario,2022-12-04 00:00,cm,383.000000000021,Definitivo
23157030,BARRANCABERMEJA  - AUT [23157030],NIVEL,Nivel medio diario,2022-12-05 00:00,cm,358.687500000007,Definitivo
23157030,BARRANCABERMEJA  - AUT [23157030],NIVEL,Nivel medio diario,2022-12-06 00:00,cm,348.125000000011,Definitivo
23157030,BARRANCABERMEJA  - AUT [23157030],NIVEL,Nivel medio diario,2022-12-07 00:00,cm,332.18750000001,Definitivo
23157030,BARRANCABERMEJA  - AUT [23157030],NIVEL,Nivel medio diario,2022-12-08 00:00,cm,324.187499999995,Definitivo
23157030,BARRANCABERMEJA  - AUT [23157030],NIVEL,Nivel medio diario,2022-12-09 00:00,cm,336.437499999983,Definitivo
23157030,BARRANCABERMEJA  - AUT [23157030],NIVEL,Nivel medio diario,2022-12-10 00:00,cm,351.000000000005,Definitivo
23157030,BARRANCABERMEJA  - AUT [23157030],NIVEL,Nivel medio diario,2022-12-11 00:00,cm,333.250000000027,Definitivo
23157030,BARRANCABERMEJA  - AUT [23157030],NIVEL,Nivel medio diario,2022-12-12 00:00,cm,311.187499999977,Definitivo
23157030,BARRANCABERMEJA  - AUT [23157030],NIVEL,Nivel medio diario,2022-12-13 00:00,cm,338.062499999987,Definitivo
23157030,BARRANCABERMEJA  - AUT [23157030],NIVEL,Nivel medio diario,2022-12-14 00:00,cm,343.437500000018,Definitivo
23157030,BARRANCABERMEJA  - AUT [23157030],NIVEL,Nivel medio diario,2022-12-15 00:00,cm,311.437500000028,Definitivo
23157030,BARRANCABERMEJA  - AUT [23157030],NIVEL,Nivel medio diario,2022-12-16 00:00,cm,283.687500000005,Definitivo
23157030,BARRANCABERMEJA  - AUT [23157030],NIVEL,Nivel medio diario,2022-12-17 00:00,cm,281.24999999998,Definitivo
23157030,BARRANCABERMEJA  - AUT [23157030],NIVEL,Nivel medio diario,2022-12-18 00:00,cm,307.749999999984,Definitivo
23157030,BARRANCABERMEJA  - AUT [23157030],NIVEL,Nivel medio diario,2022-12-19 00:00,cm,316.875000000017,Definitivo
23157030,BARRANCABERMEJA  - AUT [23157030],NIVEL,Nivel medio diario,2022-12-20 00:00,cm,287.250000000022,Definitivo
23157030,BARRANCABERMEJA  - AUT [23157030],NIVEL,Nivel medio diario,2022-12-21 00:00,cm,263.12500000001,Definitivo
23157030,BARRANCABERMEJA  - AUT [23157030],NIVEL,Nivel medio diario,2022-12-22 00:00,cm,250.562500000008,Definitivo
23157030,BARRANCABERMEJA  - AUT [23157030],NIVEL,Nivel medio diario,2022-12-23 00:00,cm,239.000000000009,Definitivo
23157030,BARRANCABERMEJA  - AUT [23157030],NIVEL,Nivel medio diario,2022-12-24 00:00,cm,236.68749999999,Definitivo
23157030,BARRANCABERMEJA  - AUT [23157030],NIVEL,Nivel medio diario,2022-12-25 00:00,cm,248.375000000013,Definitivo
23157030,BARRANCABERMEJA  - AUT [23157030],NIVEL,Nivel medio diario,2022-12-26 00:00,cm,238.062499999987,Definitivo
23157030,BARRANCABERMEJA  - AUT [23157030],NIVEL,Nivel medio diario,2022-12-27 00:00,cm,243.187500000021,Definitivo
23157030,BARRANCABERMEJA  - AUT [23157030],NIVEL,Nivel medio diario,2022-12-28 00:00,cm,223.937499999972,Definitivo
23157030,BARRANCABERMEJA  - AUT [23157030],NIVEL,Nivel medio diario,2022-12-29 00:00,cm,252.125000000019,Definitivo
23157030,BARRANCABERMEJA  - AUT [23157030],NIVEL,Nivel medio diario,2022-12-30 00:00,cm,223.437500000018,Definitivo
23157030,BARRANCABERMEJA  - AUT [23157030],NIVEL,Nivel medio diario,2022-12-31 00:00,cm,204.062500000009,Preliminar
23157030,BARRANCABERMEJA  - AUT [23157030],NIVEL,Nivel medio diario,2023-01-01 00:00,cm,190.124999999987,Definitivo
23157030,BARRANCABERMEJA  - AUT [23157030],NIVEL,Nivel medio diario,2023-01-02 00:00,cm,217.437499999985,Definitivo
23157030,BARRANCABERMEJA  - AUT [23157030],NIVEL,Nivel medio diario,2023-01-03 00:00,cm,234.999999999989,Definitivo
23157030,BARRANCABERMEJA  - AUT [23157030],NIVEL,Nivel medio diario,2023-01-04 00:00,cm,247.062499999986,Definitivo
23157030,BARRANCABERMEJA  - AUT [23157030],NIVEL,Nivel medio diario,2023-01-05 00:00,cm,259.437500000008,Definitivo
23157030,BARRANCABERMEJA  - AUT [23157030],NIVEL,Nivel medio diario,2023-01-06 00:00,cm,258.437499999987,Definitivo
23157030,BARRANCABERMEJA  - AUT [23157030],NIVEL,Nivel medio diario,2023-01-07 00:00,cm,276.999999999987,Definitivo
23157030,BARRANCABERMEJA  - AUT [23157030],NIVEL,Nivel medio diario,2023-01-08 00:00,cm,294.999999999987,Definitivo
23157030,BARRANCABERMEJA  - AUT [23157030],NIVEL,Nivel medio diario,2023-01-09 00:00,cm,312.187499999992,Definitivo
23157030,BARRANCABERMEJA  - AUT [23157030],NIVEL,Nivel medio diario,2023-01-10 00:00,cm,318.999999999964,Definitivo
23157030,BARRANCABERMEJA  - AUT [23157030],NIVEL,Nivel medio diario,2023-01-11 00:00,cm,359.374999999996,Definitivo
23157030,BARRANCABERMEJA  - AUT [23157030],NIVEL,Nivel medio diario,2023-01-12 00:00,cm,356.937500000013,Definitivo
23157030,BARRANCABERMEJA  - AUT [23157030],NIVEL,Nivel medio diario,2023-01-13 00:00,cm,352.624999999978,Definitivo
23157030,BARRANCABERMEJA  - AUT [23157030],NIVEL,Nivel medio diario,2023-01-14 00:00,cm,375.124999999996,Definitivo
23157030,BARRANCABERMEJA  - AUT [23157030],NIVEL,Nivel medio diario,2023-01-15 00:00,cm,386.874999999978,Definitivo
23157030,BARRANCABERMEJA  - AUT [23157030],NIVEL,Nivel medio diario,2023-01-16 00:00,cm,403.562500000008,Definitivo
23157030,BARRANCABERMEJA  - AUT [23157030],NIVEL,Nivel medio diario,2023-01-17 00:00,cm,385.937500000021,Definitivo
23157030,BARRANCABERMEJA  - AUT [23157030],NIVEL,Nivel medio diario,2023-01-18 00:00,cm,364.875000000013,Definitivo
23157030,BARRANCABERMEJA  - AUT [23157030],NIVEL,Nivel medio diario,2023-01-19 00:00,cm,343.687499999996,Definitivo
23157030,BARRANCABERMEJA  - AUT [23157030],NIVEL,Nivel medio diario,2023-01-20 00:00,cm,350.500000000003,Definitivo
23157030,BARRANCABERMEJA  - AUT [23157030],NIVEL,Nivel medio diario,2023-01-21 00:00,cm,345.312500000008,Definitivo
23157030,BARRANCABERMEJA  - AUT [23157030],NIVEL,Nivel medio diario,2023-01-22 00:00,cm,338.375,Definitivo
23157030,BARRANCABERMEJA  - AUT [23157030],NIVEL,Nivel medio diario,2023-01-23 00:00,cm,325.375000000024,Definitivo
23157030,BARRANCABERMEJA  - AUT [23157030],NIVEL,Nivel medio diario,2023-01-24 00:00,cm,296.187500000027,Definitivo
23157030,BARRANCABERMEJA  - AUT [23157030],NIVEL,Nivel medio diario,2023-01-25 00:00,cm,269.062500000001,Definitivo
23157030,BARRANCABERMEJA  - AUT [23157030],NIVEL,Nivel medio diario,2023-01-26 00:00,cm,263.625000000021,Definitivo
23157030,BARRANCABERMEJA  - AUT [23157030],NIVEL,Nivel medio diario,2023-01-27 00:00,cm,236.500000000006,Definitivo
23157030,BARRANCABERMEJA  - AUT [23157030],NIVEL,Nivel medio diario,2023-01-28 00:00,cm,229.187500000005,Definitivo
23157030,BARRANCABERMEJA  - AUT [23157030],NIVEL,Nivel medio diario,2023-01-29 00:00,cm,222.437500000005,Definitivo
23157030,BARRANCABERMEJA  - AUT [23157030],NIVEL,Nivel medio diario,2023-01-30 00:00,cm,214.625000000005,Definitivo
23157030,BARRANCABERMEJA  - AUT [23157030],NIVEL,Nivel medio diario,2023-01-31 00:00,cm,208.875000000016,Definitivo
23157030,BARRANCABERMEJA  - AUT [23157030],NIVEL,Nivel medio diario,2023-02-01 00:00,cm,189.312500000015,Definitivo
23157030,BARRANCABERMEJA  - AUT [23157030],NIVEL,Nivel medio diario,2023-02-02 00:00,cm,174.437499999989,Definitivo
23157030,BARRANCABERMEJA  - AUT [23157030],NIVEL,Nivel medio diario,2023-02-03 00:00,cm,183.875000000004,Definitivo
23157030,BARRANCABERMEJA  - AUT [23157030],NIVEL,Nivel medio diario,2023-02-04 00:00,cm,175.625000000011,Definitivo
23157030,BARRANCABERMEJA  - AUT [23157030],NIVEL,Nivel medio diario,2023-02-05 00:00,cm,167.812499999993,Definitivo
23157030,BARRANCABERMEJA  - AUT [23157030],NIVEL,Nivel medio diario,2023-02-06 00:00,cm,175.312499999997,Definitivo
23157030,BARRANCABERMEJA  - AUT [23157030],NIVEL,Nivel medio diario,2023-02-07 00:00,cm,176.687500000003,Definitivo
23157030,BARRANCABERMEJA  - AUT [23157030],NIVEL,Nivel medio diario,2023-02-08 00:00,cm,173.749999999999,Definitivo
23157030,BARRANCABERMEJA  - AUT [23157030],NIVEL,Nivel medio diario,2023-02-09 00:00,cm,177.874999999991,Definitivo
23157030,BARRANCABERMEJA  - AUT [23157030],NIVEL,Nivel medio diario,2023-02-10 00:00,cm,191.749999999986,Definitivo
23157030,BARRANCABERMEJA  - AUT [23157030],NIVEL,Nivel medio diario,2023-02-11 00:00,cm,202.31250000001,Definitivo
23157030,BARRANCABERMEJA  - AUT [23157030],NIVEL,Nivel medio diario,2023-02-12 00:00,cm,198.749999999996,Definitivo
23157030,BARRANCABERMEJA  - AUT [23157030],NIVEL,Nivel medio diario,2023-02-13 00:00,cm,196.937500000015,Definitivo
23157030,BARRANCABERMEJA  - AUT [23157030],NIVEL,Nivel medio diario,2023-02-14 00:00,cm,186.812499999989,Definitivo
23157030,BARRANCABERMEJA  - AUT [23157030],NIVEL,Nivel medio diario,2023-02-15 00:00,cm,195.250000000005,Definitivo
23157030,BARRANCABERMEJA  - AUT [23157030],NIVEL,Nivel medio diario,2023-02-16 00:00,cm,199.624999999968,Definitivo
23157030,BARRANCABERMEJA  - AUT [23157030],NIVEL,Nivel medio diario,2023-02-17 00:00,cm,235.125000000013,Definitivo
23157030,BARRANCABERMEJA  - AUT [23157030],NIVEL,Nivel medio diario,2023-02-18 00:00,cm,221.187499999998,Definitivo
23157030,BARRANCABERMEJA  - AUT [23157030],NIVEL,Nivel medio diario,2023-02-19 00:00,cm,227.31249999999,Definitivo
23157030,BARRANCABERMEJA  - AUT [23157030],NIVEL,Nivel medio diario,2023-02-20 00:00,cm,247.312499999973,Definitivo
23157030,BARRANCABERMEJA  - AUT [23157030],NIVEL,Nivel medio diario,2023-02-21 00:00,cm,272.437500000004,Definitivo
23157030,BARRANCABERMEJA  - AUT [23157030],NIVEL,Nivel medio diario,2023-02-22 00:00,cm,255.937500000024,Definitivo
23157030,BARRANCABERMEJA  - AUT [23157030],NIVEL,Nivel medio diario,2023-02-23 00:00,cm,230.31250000001,Definitivo
23157030,BARRANCABERMEJA  - AUT [23157030],NIVEL,Nivel medio diario,2023-02-24 00:00,cm,231.99999999997,Definitivo
23157030,BARRANCABERMEJA  - AUT [23157030],NIVEL,Nivel medio diario,2023-02-25 00:00,cm,256.500000000017,Definitivo
23157030,BARRANCABERMEJA  - AUT [23157030],NIVEL,Nivel medio diario,2023-02-26 00:00,cm,228.750000000027,Definitivo
23157030,BARRANCABERMEJA  - AUT [23157030],NIVEL,Nivel medio diario,2023-02-27 00:00,cm,196.750000000001,Definitivo
23157030,BARRANCABERMEJA  - AUT [23157030],NIVEL,Nivel medio diario,2023-02-28 00:00,cm,205.749999999975,Definitivo
23157030,BARRANCABERMEJA  - AUT [23157030],NIVEL,Nivel medio diario,2023-03-01 00:00,cm,234.249999999989,Definitivo
23157030,BARRANCABERMEJA  - AUT [23157030],NIVEL,Nivel medio diario,2023-03-02 00:00,cm,252.562500000008,Definitivo
23157030,BARRANCABERMEJA  - AUT [23157030],NIVEL,Nivel medio diario,2023-03-03 00:00,cm,245.249999999994,Definitivo
23157030,BARRANCABERMEJA  - AUT [23157030],NIVEL,Nivel medio diario,2023-03-04 00:00,cm,244.562500000009,Definitivo
23157030,BARRANCABERMEJA  - AUT [23157030],NIVEL,Nivel medio diario,2023-03-05 00:00,cm,246.93749999999,Definitivo
23157030,BARRANCABERMEJA  - AUT [23157030],NIVEL,Nivel medio diario,2023-03-06 00:00,cm,269.999999999968,Definitivo
23157030,BARRANCABERMEJA  - AUT [23157030],NIVEL,Nivel medio diario,2023-03-07 00:00,cm,307.937500000006,Definitivo
23157030,BARRANCABERMEJA  - AUT [23157030],NIVEL,Nivel medio diario,2023-03-08 00:00,cm,312.937499999966,Definitivo
23157030,BARRANCABERMEJA  - AUT [23157030],NIVEL,Nivel medio diario,2023-03-09 00:00,cm,349.31249999999,Definitivo
23157030,BARRANCABERMEJA  - AUT [23157030],NIVEL,Nivel medio diario,2023-03-10 00:00,cm,352.937500000014,Definitivo
23157030,BARRANCABERMEJA  - AUT [23157030],NIVEL,Nivel medio diario,2023-03-11 00:00,cm,338.874999999998,Definitivo
23157030,BARRANCABERMEJA  - AUT [23157030],NIVEL,Nivel medio diario,2023-03-12 00:00,cm,350.624999999978,Definitivo
23157030,BARRANCABERMEJA  - AUT [23157030],NIVEL,Nivel medio diario,2023-03-13 00:00,cm,376.374999999985,Definitivo
23157030,BARRANCABERMEJA  - AUT [23157030],NIVEL,Nivel medio diario,2023-03-14 00:00,cm,395.562499999985,Definitivo
23157030,BARRANCABERMEJA  - AUT [23157030],NIVEL,Nivel medio diario,2023-03-15 00:00,cm,416.624999999987,Definitivo
23157030,BARRANCABERMEJA  - AUT [23157030],NIVEL,Nivel medio diario,2023-03-16 00:00,cm,426.562500000008,Definitivo
23157030,BARRANCABERMEJA  - AUT [23157030],NIVEL,Nivel medio diario,2023-03-17 00:00,cm,413.062500000023,Definitivo
23157030,BARRANCABERMEJA  - AUT [23157030],NIVEL,Nivel medio diario,2023-03-18 00:00,cm,382.125000000019,Definitivo
23157030,BARRANCABERMEJA  - AUT [23157030],NIVEL,Nivel medio diario,2023-03-19 00:00,cm,363.375,Definitivo
23157030,BARRANCABERMEJA  - AUT [23157030],NIVEL,Nivel medio diario,2023-03-20 00:00,cm,359.187500000013,Definitivo
23157030,BARRANCABERMEJA  - AUT [23157030],NIVEL,Nivel medio diario,2023-03-21 00:00,cm,347.312499999997,Definitivo
23157030,BARRANCABERMEJA  - AUT [23157030],NIVEL,Nivel medio diario,2023-03-22 00:00,cm,345.125000000014,Definitivo
23157030,BARRANCABERMEJA  - AUT [23157030],NIVEL,Nivel medio diario,2023-03-23 00:00,cm,323.125000000028,Definitivo
23157030,BARRANCABERMEJA  - AUT [23157030],NIVEL,Nivel medio diario,2023-03-24 00:00,cm,293.75,Definitivo
23157030,BARRANCABERMEJA  - AUT [23157030],NIVEL,Nivel medio diario,2023-03-25 00:00,cm,292.187499999998,Definitivo
23157030,BARRANCABERMEJA  - AUT [23157030],NIVEL,Nivel medio diario,2023-03-26 00:00,cm,296.81249999999,Definitivo
23157030,BARRANCABERMEJA  - AUT [23157030],NIVEL,Nivel medio diario,2023-03-27 00:00,cm,308.687499999994,Definitivo
23157030,BARRANCABERMEJA  - AUT [23157030],NIVEL,Nivel medio diario,2023-03-28 00:00,cm,322.12499999998,Definitivo
23157030,BARRANCABERMEJA  - AUT [23157030],NIVEL,Nivel medio diario,2023-03-29 00:00,cm,340.437500000002,Definitivo
23157030,BARRANCABERMEJA  - AUT [23157030],NIVEL,Nivel medio diario,2023-03-30 00:00,cm,330.312500000019,Definitivo
23157030,BARRANCABERMEJA  - AUT [23157030],NIVEL,Nivel medio diario,2023-03-31 00:00,cm,313.999999999996,Definitivo
23157030,BARRANCABERMEJA  - AUT [23157030],NIVEL,Nivel medio diario,2023-04-01 00:00,cm,318.750000000011,Definitivo
23157030,BARRANCABERMEJA  - AUT [23157030],NIVEL,Nivel medio diario,2023-04-02 00:00,cm,304.562500000003,Definitivo
23157030,BARRANCABERMEJA  - AUT [23157030],NIVEL,Nivel medio diario,2023-04-03 00:00,cm,301.000000000001,Definitivo
23157030,BARRANCABERMEJA  - AUT [23157030],NIVEL,Nivel medio diario,2023-04-04 00:00,cm,300.625000000004,Definitivo
23157030,BARRANCABERMEJA  - AUT [23157030],NIVEL,Nivel medio diario,2023-04-05 00:00,cm,295.562500000005,Definitivo
23157030,BARRANCABERMEJA  - AUT [23157030],NIVEL,Nivel medio diario,2023-04-06 00:00,cm,290.937500000004,Definitivo
23157030,BARRANCABERMEJA  - AUT [23157030],NIVEL,Nivel medio diario,2023-04-07 00:00,cm,285.833333333333,Definitivo
23157030,BARRANCABERMEJA  - AUT [23157030],NIVEL,Nivel medio diario,2023-04-13 00:00,cm,264.750000000005,Definitivo
23157030,BARRANCABERMEJA  - AUT [23157030],NIVEL,Nivel medio diario,2023-04-14 00:00,cm,264.187499999988,Definitivo
23157030,BARRANCABERMEJA  - AUT [23157030],NIVEL,Nivel medio diario,2023-04-15 00:00,cm,279.624999999992,Definitivo
23157030,BARRANCABERMEJA  - AUT [23157030],NIVEL,Nivel medio diario,2023-04-16 00:00,cm,293.374999999961,Definitivo
23157030,BARRANCABERMEJA  - AUT [23157030],NIVEL,Nivel medio diario,2023-04-17 00:00,cm,343.937499999979,Definitivo
23157030,BARRANCABERMEJA  - AUT [23157030],NIVEL,Nivel medio diario,2023-04-18 00:00,cm,368.624999999985,Definitivo
23157030,BARRANCABERMEJA  - AUT [23157030],NIVEL,Nivel medio diario,2023-04-19 00:00,cm,365.875000000059,Definitivo
23157030,BARRANCABERMEJA  - AUT [23157030],NIVEL,Nivel medio diario,2023-04-20 00:00,cm,312.499999999988,Definitivo
23157030,BARRANCABERMEJA  - AUT [23157030],NIVEL,Nivel medio diario,2023-04-21 00:00,cm,333.312499999978,Definitivo
23157030,BARRANCABERMEJA  - AUT [23157030],NIVEL,Nivel medio diario,2023-04-22 00:00,cm,367.24999999997,Definitivo
23157030,BARRANCABERMEJA  - AUT [23157030],NIVEL,Nivel medio diario,2023-04-23 00:00,cm,384.812500000017,Definitivo
23157030,BARRANCABERMEJA  - AUT [23157030],NIVEL,Nivel medio diario,2023-04-24 00:00,cm,368.562499999999,Definitivo
23157030,BARRANCABERMEJA  - AUT [23157030],NIVEL,Nivel medio diario,2023-04-25 00:00,cm,362.250000000016,Definitivo
23157030,BARRANCABERMEJA  - AUT [23157030],NIVEL,Nivel medio diario,2023-04-26 00:00,cm,346.500000000002,Definitivo
23157030,BARRANCABERMEJA  - AUT [23157030],NIVEL,Nivel medio diario,2023-04-27 00:00,cm,333.562500000025,Definitivo
23157030,BARRANCABERMEJA  - AUT [23157030],NIVEL,Nivel medio diario,2023-04-28 00:00,cm,319.874999999968,Definitivo
23157030,BARRANCABERMEJA  - AUT [23157030],NIVEL,Nivel medio diario,2023-04-29 00:00,cm,354.000000000005,Definitivo
23157030,BARRANCABERMEJA  - AUT [23157030],NIVEL,Nivel medio diario,2023-04-30 00:00,cm,343.875000000009,Definitivo
23157030,BARRANCABERMEJA  - AUT [23157030],NIVEL,Nivel medio diario,2023-05-01 00:00,cm,327.687500000022,Definitivo
23157030,BARRANCABERMEJA  - AUT [23157030],NIVEL,Nivel medio diario,2023-05-02 00:00,cm,288.812500000041,Definitivo
23157030,BARRANCABERMEJA  - AUT [23157030],NIVEL,Nivel medio diario,2023-05-03 00:00,cm,246.062500000007,Definitivo
23157030,BARRANCABERMEJA  - AUT [23157030],NIVEL,Nivel medio diario,2023-05-04 00:00,cm,239.874999999998,Definitivo
23157030,BARRANCABERMEJA  - AUT [23157030],NIVEL,Nivel medio diario,2023-05-05 00:00,cm,241.999999999998,Definitivo
23157030,BARRANCABERMEJA  - AUT [23157030],NIVEL,Nivel medio diario,2023-05-06 00:00,cm,241.562500000006,Definitivo
23157030,BARRANCABERMEJA  - AUT [23157030],NIVEL,Nivel medio diario,2023-05-07 00:00,cm,234.812500000001,Definitivo
23157030,BARRANCABERMEJA  - AUT [23157030],NIVEL,Nivel medio diario,2023-05-08 00:00,cm,231.500000000009,Definitivo
23157030,BARRANCABERMEJA  - AUT [23157030],NIVEL,Nivel medio diario,2023-05-09 00:00,cm,211.750000000022,Definitivo
23157030,BARRANCABERMEJA  - AUT [23157030],NIVEL,Nivel medio diario,2023-05-10 00:00,cm,188.437500000007,Definitivo
23157030,BARRANCABERMEJA  - AUT [23157030],NIVEL,Nivel medio diario,2023-05-11 00:00,cm,179.625000000004,Definitivo
23157030,BARRANCABERMEJA  - AUT [23157030],NIVEL,Nivel medio diario,2023-05-12 00:00,cm,186.624999999965,Definitivo
23157030,BARRANCABERMEJA  - AUT [23157030],NIVEL,Nivel medio diario,2023-05-13 00:00,cm,223.687499999996,Definitivo
23157030,BARRANCABERMEJA  - AUT [23157030],NIVEL,Nivel medio diario,2023-05-14 00:00,cm,214.750000000028,Definitivo
23157030,BARRANCABERMEJA  - AUT [23157030],NIVEL,Nivel medio diario,2023-05-15 00:00,cm,188.249999999999,Definitivo
23157030,BARRANCABERMEJA  - AUT [23157030],NIVEL,Nivel medio diario,2023-05-16 00:00,cm,187.500000000007,Definitivo
23157030,BARRANCABERMEJA  - AUT [23157030],NIVEL,Nivel medio diario,2023-05-17 00:00,cm,208.7499999999,Definitivo
23157030,BARRANCABERMEJA  - AUT [23157030],NIVEL,Nivel medio diario,2023-05-18 00:00,cm,303.812500000013,Definitivo
23157030,BARRANCABERMEJA  - AUT [23157030],NIVEL,Nivel medio diario,2023-05-19 00:00,cm,275.750000000041,Definitivo
23157030,BARRANCABERMEJA  - AUT [23157030],NIVEL,Nivel medio diario,2023-05-20 00:00,cm,242.687499999968,Definitivo
23157030,BARRANCABERMEJA  - AUT [23157030],NIVEL,Nivel medio diario,2023-05-21 00:00,cm,277.249999999999,Definitivo
23157030,BARRANCABERMEJA  - AUT [23157030],NIVEL,Nivel medio diario,2023-05-22 00:00,cm,279.062499999988,Definitivo
23157030,BARRANCABERMEJA  - AUT [23157030],NIVEL,Nivel medio diario,2023-05-23 00:00,cm,294.99999999999,Definitivo
23157030,BARRANCABERMEJA  - AUT [23157030],NIVEL,Nivel medio diario,2023-05-24 00:00,cm,306.312499999995,Definitivo
23157030,BARRANCABERMEJA  - AUT [23157030],NIVEL,Nivel medio diario,2023-05-25 00:00,cm,314.31249999999,Definitivo
23157030,BARRANCABERMEJA  - AUT [23157030],NIVEL,Nivel medio diario,2023-05-26 00:00,cm,323.187499999975,Definitivo
23157030,BARRANCABERMEJA  - AUT [23157030],NIVEL,Nivel medio diario,2023-05-27 00:00,cm,345.31250000001,Definitivo
23157030,BARRANCABERMEJA  - AUT [23157030],NIVEL,Nivel medio diario,2023-05-28 00:00,cm,338.937499999996,Definitivo
23157030,BARRANCABERMEJA  - AUT [23157030],NIVEL,Nivel medio diario,2023-05-29 00:00,cm,343.750000000001,Definitivo
23157030,BARRANCABERMEJA  - AUT [23157030],NIVEL,Nivel medio diario,2023-05-30 00:00,cm,357.562499999956,Definitivo
23157030,BARRANCABERMEJA  - AUT [23157030],NIVEL,Nivel medio diario,2023-05-31 00:00,cm,391.312500000044,Definitivo
23157030,BARRANCABERMEJA  - AUT [23157030],NIVEL,Nivel medio diario,2023-06-01 00:00,cm,354.124999999978,Definitivo
23157030,BARRANCABERMEJA  - AUT [23157030],NIVEL,Nivel medio diario,2023-06-02 00:00,cm,364.25000000003,Definitivo
23157030,BARRANCABERMEJA  - AUT [23157030],NIVEL,Nivel medio diario,2023-06-03 00:00,cm,330.812500000013,Definitivo
23157030,BARRANCABERMEJA  - AUT [23157030],NIVEL,Nivel medio diario,2023-06-04 00:00,cm,315.500000000011,Definitivo
23157030,BARRANCABERMEJA  - AUT [23157030],NIVEL,Nivel medio diario,2023-06-05 00:00,cm,298.000000000021,Definitivo
23157030,BARRANCABERMEJA  - AUT [23157030],NIVEL,Nivel medio diario,2023-06-06 00:00,cm,271.562500000008,Definitivo
23157030,BARRANCABERMEJA  - AUT [23157030],NIVEL,Nivel medio diario,2023-06-07 00:00,cm,280.624999999987,Definitivo
23157030,BARRANCABERMEJA  - AUT [23157030],NIVEL,Nivel medio diario,2023-06-08 00:00,cm,292.124999999997,Definitivo
23157030,BARRANCABERMEJA  - AUT [23157030],NIVEL,Nivel medio diario,2023-06-09 00:00,cm,295.187500000002,Definitivo
23157030,BARRANCABERMEJA  - AUT [23157030],NIVEL,Nivel medio diario,2023-06-10 00:00,cm,282.437500000027,Definitivo
23157030,BARRANCABERMEJA  - AUT [23157030],NIVEL,Nivel medio diario,2023-06-11 00:00,cm,256.437499999998,Definitivo
23157030,BARRANCABERMEJA  - AUT [23157030],NIVEL,Nivel medio diario,2023-06-12 00:00,cm,262.750000000002,Definitivo
23157030,BARRANCABERMEJA  - AUT [23157030],NIVEL,Nivel medio diario,2023-06-13 00:00,cm,255.312500000014,Definitivo
23157030,BARRANCABERMEJA  - AUT [23157030],NIVEL,Nivel medio diario,2023-06-14 00:00,cm,233.187500000028,Definitivo
23157030,BARRANCABERMEJA  - AUT [23157030],NIVEL,Nivel medio diario,2023-06-15 00:00,cm,202.750000000008,Definitivo
23157030,BARRANCABERMEJA  - AUT [23157030],NIVEL,Nivel medio diario,2023-06-16 00:00,cm,193.125000000005,Definitivo
23157030,BARRANCABERMEJA  - AUT [23157030],NIVEL,Nivel medio diario,2023-06-17 00:00,cm,195.562499999987,Definitivo
23157030,BARRANCABERMEJA  - AUT [23157030],NIVEL,Nivel medio diario,2023-06-18 00:00,cm,205.375000000005,Definitivo
23157030,BARRANCABERMEJA  - AUT [23157030],NIVEL,Nivel medio diario,2023-06-19 00:00,cm,199.000000000005,Definitivo
23157030,BARRANCABERMEJA  - AUT [23157030],NIVEL,Nivel medio diario,2023-06-20 00:00,cm,186.875000000013,Definitivo
23157030,BARRANCABERMEJA  - AUT [23157030],NIVEL,Nivel medio diario,2023-06-21 00:00,cm,172.000000000008,Definitivo
23157030,BARRANCABERMEJA  - AUT [23157030],NIVEL,Nivel medio diario,2023-06-22 00:00,cm,165.687499999995,Definitivo
23157030,BARRANCABERMEJA  - AUT [23157030],NIVEL,Nivel medio diario,2023-06-23 00:00,cm,173.624999999985,Definitivo
23157030,BARRANCABERMEJA  - AUT [23157030],NIVEL,Nivel medio diario,2023-06-24 00:00,cm,202.687499999964,Definitivo
23157030,BARRANCABERMEJA  - AUT [23157030],NIVEL,Nivel medio diario,2023-06-25 00:00,cm,241.31249999999,Definitivo
23157030,BARRANCABERMEJA  - AUT [23157030],NIVEL,Nivel medio diario,2023-06-26 00:00,cm,253.499999999998,Definitivo
23157030,BARRANCABERMEJA  - AUT [23157030],NIVEL,Nivel medio diario,2023-06-27 00:00,cm,258.062499999991,Definitivo
23157030,BARRANCABERMEJA  - AUT [23157030],NIVEL,Nivel medio diario,2023-06-28 00:00,cm,249.625000000007,Definitivo
23157030,BARRANCABERMEJA  - AUT [23157030],NIVEL,Nivel medio diario,2023-06-29 00:00,cm,261.749999999994,Definitivo
23157030,BARRANCABERMEJA  - AUT [23157030],NIVEL,Nivel medio diario,2023-06-30 00:00,cm,242.375000000034,Definitivo
23157030,BARRANCABERMEJA  - AUT [23157030],NIVEL,Nivel medio diario,2023-07-01 00:00,cm,210.375000000006,Definitivo
23157030,BARRANCABERMEJA  - AUT [23157030],NIVEL,Nivel medio diario,2023-07-02 00:00,cm,211.000000000003,Definitivo
23157030,BARRANCABERMEJA  - AUT [23157030],NIVEL,Nivel medio diario,2023-07-03 00:00,cm,212.000000000004,Definitivo
23157030,BARRANCABERMEJA  - AUT [23157030],NIVEL,Nivel medio diario,2023-07-04 00:00,cm,226.312499999943,Definitivo
23157030,BARRANCABERMEJA  - AUT [23157030],NIVEL,Nivel medio diario,2023-07-05 00:00,cm,280.375000000038,Definitivo
23157030,BARRANCABERMEJA  - AUT [23157030],NIVEL,Nivel medio diario,2023-07-06 00:00,cm,223.312500000014,Definitivo
23157030,BARRANCABERMEJA  - AUT [23157030],NIVEL,Nivel medio diario,2023-07-07 00:00,cm,226.749999999979,Definitivo
23157030,BARRANCABERMEJA  - AUT [23157030],NIVEL,Nivel medio diario,2023-07-08 00:00,cm,254.812499999929,Definitivo
23157030,BARRANCABERMEJA  - AUT [23157030],NIVEL,Nivel medio diario,2023-07-09 00:00,cm,314.937500000029,Definitivo
23157030,BARRANCABERMEJA  - AUT [23157030],NIVEL,Nivel medio diario,2023-07-10 00:00,cm,282.687500000024,Definitivo
23157030,BARRANCABERMEJA  - AUT [23157030],NIVEL,Nivel medio diario,2023-07-11 00:00,cm,255.812500000007,Definitivo
23157030,BARRANCABERMEJA  - AUT [23157030],NIVEL,Nivel medio diario,2023-07-12 00:00,cm,249.56250000002,Definitivo
23157030,BARRANCABERMEJA  - AUT [23157030],NIVEL,Nivel medio diario,2023-07-13 00:00,cm,222.500000000016,Definitivo
23157030,BARRANCABERMEJA  - AUT [23157030],NIVEL,Nivel medio diario,2023-07-14 00:00,cm,209.0625,Definitivo
23157030,BARRANCABERMEJA  - AUT [23157030],NIVEL,Nivel medio diario,2023-07-15 00:00,cm,209.374999999998,Definitivo
23157030,BARRANCABERMEJA  - AUT [23157030],NIVEL,Nivel medio diario,2023-07-16 00:00,cm,222.562499999997,Definitivo
23157030,BARRANCABERMEJA  - AUT [23157030],NIVEL,Nivel medio diario,2023-07-17 00:00,cm,225.125000000006,Definitivo
23157030,BARRANCABERMEJA  - AUT [23157030],NIVEL,Nivel medio diario,2023-07-18 00:00,cm,219.499999999995,Definitivo
23157030,BARRANCABERMEJA  - AUT [23157030],NIVEL,Nivel medio diario,2023-07-19 00:00,cm,220.937500000007,Definitivo
23157030,BARRANCABERMEJA  - AUT [23157030],NIVEL,Nivel medio diario,2023-07-20 00:00,cm,212.500000000011,Definitivo
23157030,BARRANCABERMEJA  - AUT [23157030],NIVEL,Nivel medio diario,2023-07-21 00:00,cm,193.437500000001,Definitivo
23157030,BARRANCABERMEJA  - AUT [23157030],NIVEL,Nivel medio diario,2023-07-22 00:00,cm,196.5625,Definitivo
23157030,BARRANCABERMEJA  - AUT [23157030],NIVEL,Nivel medio diario,2023-07-23 00:00,cm,195.125000000003,Definitivo
23157030,BARRANCABERMEJA  - AUT [23157030],NIVEL,Nivel medio diario,2023-07-24 00:00,cm,194.874999999988,Definitivo
23157030,BARRANCABERMEJA  - AUT [23157030],NIVEL,Nivel medio diario,2023-07-25 00:00,cm,205.062500000015,Definitivo
23157030,BARRANCABERMEJA  - AUT [23157030],NIVEL,Nivel medio diario,2023-07-26 00:00,cm,182.875000000005,Definitivo
23157030,BARRANCABERMEJA  - AUT [23157030],NIVEL,Nivel medio diario,2023-07-27 00:00,cm,186.937499999972,Definitivo
23157030,BARRANCABERMEJA  - AUT [23157030],NIVEL,Nivel medio diario,2023-07-28 00:00,cm,213.125000000005,Definitivo
23157030,BARRANCABERMEJA  - AUT [23157030],NIVEL,Nivel medio diario,2023-07-29 00:00,cm,212.250000000007,Definitivo
23157030,BARRANCABERMEJA  - AUT [23157030],NIVEL,Nivel medio diario,2023-07-30 00:00,cm,199.375000000013,Definitivo
23157030,BARRANCABERMEJA  - AUT [23157030],NIVEL,Nivel medio diario,2023-07-31 00:00,cm,181.062500000014,Definitivo
23157030,BARRANCABERMEJA  - AUT [23157030],NIVEL,Nivel medio diario,2023-08-01 00:00,cm,164.437500000012,Definitivo
23157030,BARRANCABERMEJA  - AUT [23157030],NIVEL,Nivel medio diario,2023-08-02 00:00,cm,157.12499999999,Definitivo
23157030,BARRANCABERMEJA  - AUT [23157030],NIVEL,Nivel medio diario,2023-08-03 00:00,cm,166.375000000002,Definitivo
23157030,BARRANCABERMEJA  - AUT [23157030],NIVEL,Nivel medio diario,2023-08-04 00:00,cm,174.499999999984,Definitivo
23157030,BARRANCABERMEJA  - AUT [23157030],NIVEL,Nivel medio diario,2023-08-05 00:00,cm,174.750000000027,Definitivo
23157030,BARRANCABERMEJA  - AUT [23157030],NIVEL,Nivel medio diario,2023-08-06 00:00,cm,149.124999999998,Definitivo
23157030,BARRANCABERMEJA  - AUT [23157030],NIVEL,Nivel medio diario,2023-08-07 00:00,cm,156.062499999991,Definitivo
23157030,BARRANCABERMEJA  - AUT [23157030],NIVEL,Nivel medio diario,2023-08-08 00:00,cm,156.437500000018,Definitivo
23157030,BARRANCABERMEJA  - AUT [23157030],NIVEL,Nivel medio diario,2023-08-09 00:00,cm,130.999999999995,Definitivo
23157030,BARRANCABERMEJA  - AUT [23157030],NIVEL,Nivel medio diario,2023-08-10 00:00,cm,162.624999999938,Definitivo
23157030,BARRANCABERMEJA  - AUT [23157030],NIVEL,Nivel medio diario,2023-08-11 00:00,cm,208.062500000029,Definitivo
23157030,BARRANCABERMEJA  - AUT [23157030],NIVEL,Nivel medio diario,2023-08-12 00:00,cm,194.687499999983,Definitivo
23157030,BARRANCABERMEJA  - AUT [23157030],NIVEL,Nivel medio diario,2023-08-13 00:00,cm,196.43750000002,Definitivo
23157030,BARRANCABERMEJA  - AUT [23157030],NIVEL,Nivel medio diario,2023-08-14 00:00,cm,182.499999999982,Definitivo
23157030,BARRANCABERMEJA  - AUT [23157030],NIVEL,Nivel medio diario,2023-08-15 00:00,cm,201.562500000002,Definitivo
23157030,BARRANCABERMEJA  - AUT [23157030],NIVEL,Nivel medio diario,2023-08-16 00:00,cm,212.312499999991,Definitivo
23157030,BARRANCABERMEJA  - AUT [23157030],NIVEL,Nivel medio diario,2023-08-17 00:00,cm,211.625000000014,Definitivo
23157030,BARRANCABERMEJA  - AUT [23157030],NIVEL,Nivel medio diario,2023-08-18 00:00,cm,195.312500000006,Definitivo
23157030,BARRANCABERMEJA  - AUT [23157030],NIVEL,Nivel medio diario,2023-08-19 00:00,cm,194.499999999991,Definitivo
23157030,BARRANCABERMEJA  - AUT [23157030],NIVEL,Nivel medio diario,2023-08-20 00:00,cm,201.500000000003,Definitivo
23157030,BARRANCABERMEJA  - AUT [23157030],NIVEL,Nivel medio diario,2023-08-21 00:00,cm,214.499999999954,Definitivo
23157030,BARRANCABERMEJA  - AUT [23157030],NIVEL,Nivel medio diario,2023-08-22 00:00,cm,273.374999999952,Definitivo
23157030,BARRANCABERMEJA  - AUT [23157030],NIVEL,Nivel medio diario,2023-08-23 00:00,cm,337.562499999994,Definitivo
23157030,BARRANCABERMEJA  - AUT [23157030],NIVEL,Nivel medio diario,2023-08-24 00:00,cm,325.250000000028,Definitivo
23157030,BARRANCABERMEJA  - AUT [23157030],NIVEL,Nivel medio diario,2023-08-25 00:00,cm,293.999999999999,Definitivo
23157030,BARRANCABERMEJA  - AUT [23157030],NIVEL,Nivel medio diario,2023-08-26 00:00,cm,274.625000000017,Definitivo
23157030,BARRANCABERMEJA  - AUT [23157030],NIVEL,Nivel medio diario,2023-08-27 00:00,cm,256.187500000002,Definitivo
23157030,BARRANCABERMEJA  - AUT [23157030],NIVEL,Nivel medio diario,2023-08-28 00:00,cm,262.499999999993,Definitivo
23157030,BARRANCABERMEJA  - AUT [23157030],NIVEL,Nivel medio diario,2023-08-29 00:00,cm,264.999999999994,Definitivo
23157030,BARRANCABERMEJA  - AUT [23157030],NIVEL,Nivel medio diario,2023-08-30 00:00,cm,266.937500000026,Definitivo
23157030,BARRANCABERMEJA  - AUT [23157030],NIVEL,Nivel medio diario,2023-08-31 00:00,cm,235.875000000016,Definitivo
23157030,BARRANCABERMEJA  - AUT [23157030],NIVEL,Nivel medio diario,2023-09-01 00:00,cm,214.250000000008,Definitivo
23157030,BARRANCABERMEJA  - AUT [23157030],NIVEL,Nivel medio diario,2023-09-02 00:00,cm,199.937500000016,Definitivo
23157030,BARRANCABERMEJA  - AUT [23157030],NIVEL,Nivel medio diario,2023-09-03 00:00,cm,187.187499999997,Definitivo
23157030,BARRANCABERMEJA  - AUT [23157030],NIVEL,Nivel medio diario,2023-09-04 00:00,cm,178.25000000001,Definitivo
23157030,BARRANCABERMEJA  - AUT [23157030],NIVEL,Nivel medio diario,2023-09-05 00:00,cm,200.562499999961,Definitivo
23157030,BARRANCABERMEJA  - AUT [23157030],NIVEL,Nivel medio diario,2023-09-06 00:00,cm,219.062500000037,Definitivo
23157030,BARRANCABERMEJA  - AUT [23157030],NIVEL,Nivel medio diario,2023-09-07 00:00,cm,184.874999999996,Definitivo
23157030,BARRANCABERMEJA  - AUT [23157030],NIVEL,Nivel medio diario,2023-09-08 00:00,cm,184.687500000017,Definitivo
23157030,BARRANCABERMEJA  - AUT [23157030],NIVEL,Nivel medio diario,2023-09-09 00:00,cm,161.000000000008,Definitivo
23157030,BARRANCABERMEJA  - AUT [23157030],NIVEL,Nivel medio diario,2023-09-10 00:00,cm,155.562499999986,Definitivo
23157030,BARRANCABERMEJA  - AUT [23157030],NIVEL,Nivel medio diario,2023-09-11 00:00,cm,181.625000000002,Definitivo
23157030,BARRANCABERMEJA  - AUT [23157030],NIVEL,Nivel medio diario,2023-09-12 00:00,cm,169.187499999994,Definitivo
23157030,BARRANCABERMEJA  - AUT [23157030],NIVEL,Nivel medio diario,2023-09-13 00:00,cm,174.312500000007,Definitivo
23157030,BARRANCABERMEJA  - AUT [23157030],NIVEL,Nivel medio diario,2023-09-14 00:00,cm,172.187499999985,Definitivo
23157030,BARRANCABERMEJA  - AUT [23157030],NIVEL,Nivel medio diario,2023-09-15 00:00,cm,195.812500000005,Definitivo
23157030,BARRANCABERMEJA  - AUT [23157030],NIVEL,Nivel medio diario,2023-09-16 00:00,cm,178.562500000015,Definitivo
23157030,BARRANCABERMEJA  - AUT [23157030],NIVEL,Nivel medio diario,2023-09-17 00:00,cm,168.124999999993,Definitivo
23157030,BARRANCABERMEJA  - AUT [23157030],NIVEL,Nivel medio diario,2023-09-18 00:00,cm,180.374999999997,Definitivo
23157030,BARRANCABERMEJA  - AUT [23157030],NIVEL,Nivel medio diario,2023-09-19 00:00,cm,178.187500000006,Definitivo
23157030,BARRANCABERMEJA  - AUT [23157030],NIVEL,Nivel medio diario,2023-09-20 00:00,cm,170.187500000008,Definitivo
23157030,BARRANCABERMEJA  - AUT [23157030],NIVEL,Nivel medio diario,2023-09-21 00:00,cm,151.187500000021,Definitivo
23157030,BARRANCABERMEJA  - AUT [23157030],NIVEL,Nivel medio diario,2023-09-22 00:00,cm,126.625,Definitivo
23157030,BARRANCABERMEJA  - AUT [23157030],NIVEL,Nivel medio diario,2023-09-23 00:00,cm,134.999999999974,Definitivo
23157030,BARRANCABERMEJA  - AUT [23157030],NIVEL,Nivel medio diario,2023-09-24 00:00,cm,156.312500000019,Definitivo
23157030,BARRANCABERMEJA  - AUT [23157030],NIVEL,Nivel medio diario,2023-09-25 00:00,cm,134.87499999999,Definitivo
23157030,BARRANCABERMEJA  - AUT [23157030],NIVEL,Nivel medio diario,2023-09-26 00:00,cm,154.187499999987,Definitivo
23157030,BARRANCABERMEJA  - AUT [23157030],NIVEL,Nivel medio diario,2023-09-27 00:00,cm,172.812499999997,Definitivo
23157030,BARRANCABERMEJA  - AUT [23157030],NIVEL,Nivel medio diario,2023-09-28 00:00,cm,166.37500000001,Definitivo
23157030,BARRANCABERMEJA  - AUT [23157030],NIVEL,Nivel medio diario,2023-09-29 00:00,cm,159.437499999993,Definitivo
23157030,BARRANCABERMEJA  - AUT [23157030],NIVEL,Nivel medio diario,2023-09-30 00:00,cm,165.375000000003,Definitivo
23157030,BARRANCABERMEJA  - AUT [23157030],NIVEL,Nivel medio diario,2023-10-01 00:00,cm,165.437499999994,Definitivo
23157030,BARRANCABERMEJA  - AUT [23157030],NIVEL,Nivel medio diario,2023-10-02 00:00,cm,174.74999999999,Definitivo
23157030,BARRANCABERMEJA  - AUT [23157030],NIVEL,Nivel medio diario,2023-10-03 00:00,cm,195.812499999971,Definitivo
23157030,BARRANCABERMEJA  - AUT [23157030],NIVEL,Nivel medio diario,2023-10-04 00:00,cm,240.937499999965,Definitivo
23157030,BARRANCABERMEJA  - AUT [23157030],NIVEL,Nivel medio diario,2023-10-05 00:00,cm,262.500000000027,Definitivo
23157030,BARRANCABERMEJA  - AUT [23157030],NIVEL,Nivel medio diario,2023-10-06 00:00,cm,239.812499999984,Definitivo
23157030,BARRANCABERMEJA  - AUT [23157030],NIVEL,Nivel medio diario,2023-10-07 00:00,cm,258.249999999994,Definitivo
23157030,BARRANCABERMEJA  - AUT [23157030],NIVEL,Nivel medio diario,2023-10-08 00:00,cm,266.437499999995,Definitivo
23157030,BARRANCABERMEJA  - AUT [23157030],NIVEL,Nivel medio diario,2023-10-09 00:00,cm,270.750000000001,Definitivo
23157030,BARRANCABERMEJA  - AUT [23157030],NIVEL,Nivel medio diario,2023-10-10 00:00,cm,260.375000000018,Definitivo
23157030,BARRANCABERMEJA  - AUT [23157030],NIVEL,Nivel medio diario,2023-10-11 00:00,cm,251.749999999977,Definitivo
23157030,BARRANCABERMEJA  - AUT [23157030],NIVEL,Nivel medio diario,2023-10-12 00:00,cm,268.375000000012,Definitivo
23157030,BARRANCABERMEJA  - AUT [23157030],NIVEL,Nivel medio diario,2023-10-13 00:00,cm,255.250000000005,Definitivo
23157030,BARRANCABERMEJA  - AUT [23157030],NIVEL,Nivel medio diario,2023-10-14 00:00,cm,250.374999999999,Definitivo
23157030,BARRANCABERMEJA  - AUT [23157030],NIVEL,Nivel medio diario,2023-10-15 00:00,cm,254.999999999995,Definitivo
23157030,BARRANCABERMEJA  - AUT [23157030],NIVEL,Nivel medio diario,2023-10-16 00:00,cm,262.624999999988,Definitivo
23157030,BARRANCABERMEJA  - AUT [23157030],NIVEL,Nivel medio diario,2023-10-17 00:00,cm,261.750000000021,Definitivo
23157030,BARRANCABERMEJA  - AUT [23157030],NIVEL,Nivel medio diario,2023-10-18 00:00,cm,228.125000000045,Definitivo
23157030,BARRANCABERMEJA  - AUT [23157030],NIVEL,Nivel medio diario,2023-10-19 00:00,cm,186.12499999999,Definitivo
23157030,BARRANCABERMEJA  - AUT [23157030],NIVEL,Nivel medio diario,2023-10-20 00:00,cm,190.250000000013,Definitivo
23157030,BARRANCABERMEJA  - AUT [23157030],NIVEL,Nivel medio diario,2023-10-21 00:00,cm,182.749999999986,Definitivo
23157030,BARRANCABERMEJA  - AUT [23157030],NIVEL,Nivel medio diario,2023-10-22 00:00,cm,194.125000000004,Definitivo
23157030,BARRANCABERMEJA  - AUT [23157030],NIVEL,Nivel medio diario,2023-10-23 00:00,cm,186.937500000012,Definitivo
23157030,BARRANCABERMEJA  - AUT [23157030],NIVEL,Nivel medio diario,2023-10-24 00:00,cm,181.874999999979,Definitivo
23157030,BARRANCABERMEJA  - AUT [23157030],NIVEL,Nivel medio diario,2023-10-25 00:00,cm,211.93749999997,Definitivo
23157030,BARRANCABERMEJA  - AUT [23157030],NIVEL,Nivel medio diario,2023-10-26 00:00,cm,237.437500000009,Definitivo
23157030,BARRANCABERMEJA  - AUT [23157030],NIVEL,Nivel medio diario,2023-10-27 00:00,cm,246.562499999943,Definitivo
23157030,BARRANCABERMEJA  - AUT [23157030],NIVEL,Nivel medio diario,2023-10-28 00:00,cm,305.999999999994,Definitivo
23157030,BARRANCABERMEJA  - AUT [23157030],NIVEL,Nivel medio diario,2023-10-29 00:00,cm,311.875,Definitivo
23157030,BARRANCABERMEJA  - AUT [23157030],NIVEL,Nivel medio diario,2023-10-30 00:00,cm,302.875000000024,Definitivo
23157030,BARRANCABERMEJA  - AUT [23157030],NIVEL,Nivel medio diario,2023-10-31 00:00,cm,292.624999999968,Definitivo
23157030,BARRANCABERMEJA  - AUT [23157030],NIVEL,Nivel medio diario,2023-11-01 00:00,cm,334.124999999968,Definitivo
23157030,BARRANCABERMEJA  - AUT [23157030],NIVEL,Nivel medio diario,2023-11-02 00:00,cm,351.875000000032,Definitivo
23157030,BARRANCABERMEJA  - AUT [23157030],NIVEL,Nivel medio diario,2023-11-03 00:00,cm,338.249999999948,Definitivo
23157030,BARRANCABERMEJA  - AUT [23157030],NIVEL,Nivel medio diario,2023-11-04 00:00,cm,387.312500000006,Definitivo
23157030,BARRANCABERMEJA  - AUT [23157030],NIVEL,Nivel medio diario,2023-11-05 00:00,cm,372.68750000003,Definitivo
23157030,BARRANCABERMEJA  - AUT [23157030],NIVEL,Nivel medio diario,2023-11-06 00:00,cm,349.499999999973,Definitivo
23157030,BARRANCABERMEJA  - AUT [23157030],NIVEL,Nivel medio diario,2023-11-07 00:00,cm,377.062500000002,Definitivo
23157030,BARRANCABERMEJA  - AUT [23157030],NIVEL,Nivel medio diario,2023-11-08 00:00,cm,368.187500000026,Definitivo
23157030,BARRANCABERMEJA  - AUT [23157030],NIVEL,Nivel medio diario,2023-11-09 00:00,cm,336.625000000018,Definitivo
23157030,BARRANCABERMEJA  - AUT [23157030],NIVEL,Nivel medio diario,2023-11-10 00:00,cm,317.375000000008,Definitivo
23157030,BARRANCABERMEJA  - AUT [23157030],NIVEL,Nivel medio diario,2023-11-11 00:00,cm,312.624999999989,Definitivo
23157030,BARRANCABERMEJA  - AUT [23157030],NIVEL,Nivel medio diario,2023-11-12 00:00,cm,315.562500000036,Definitivo
23157030,BARRANCABERMEJA  - AUT [23157030],NIVEL,Nivel medio diario,2023-11-13 00:00,cm,279.249999999995,Definitivo
23157030,BARRANCABERMEJA  - AUT [23157030],NIVEL,Nivel medio diario,2023-11-14 00:00,cm,285.062499999987,Definitivo
23157030,BARRANCABERMEJA  - AUT [23157030],NIVEL,Nivel medio diario,2023-11-15 00:00,cm,298.124999999998,Definitivo
23157030,BARRANCABERMEJA  - AUT [23157030],NIVEL,Nivel medio diario,2023-11-16 00:00,cm,299.875,Definitivo
23157030,BARRANCABERMEJA  - AUT [23157030],NIVEL,Nivel medio diario,2023-11-17 00:00,cm,292.062500000026,Definitivo
23157030,BARRANCABERMEJA  - AUT [23157030],NIVEL,Nivel medio diario,2023-11-18 00:00,cm,286.249999999916,Definitivo
23157030,BARRANCABERMEJA  - AUT [23157030],NIVEL,Nivel medio diario,2023-11-19 00:00,cm,363.750000000017,Definitivo
23157030,BARRANCABERMEJA  - AUT [23157030],NIVEL,Nivel medio diario,2023-11-20 00:00,cm,340.750000000015,Definitivo
23157030,BARRANCABERMEJA  - AUT [23157030],NIVEL,Nivel medio diario,2023-11-21 00:00,cm,321.375000000015,Definitivo
23157030,BARRANCABERMEJA  - AUT [23157030],NIVEL,Nivel medio diario,2023-11-22 00:00,cm,300.125000000015,Definitivo
23157030,BARRANCABERMEJA  - AUT [23157030],NIVEL,Nivel medio diario,2023-11-23 00:00,cm,282.18750000001,Definitivo
23157030,BARRANCABERMEJA  - AUT [23157030],NIVEL,Nivel medio diario,2023-11-24 00:00,cm,272.500000000001,Definitivo
23157030,BARRANCABERMEJA  - AUT [23157030],NIVEL,Nivel medio diario,2023-11-25 00:00,cm,271.249999999998,Definitivo
23157030,BARRANCABERMEJA  - AUT [23157030],NIVEL,Nivel medio diario,2023-11-26 00:00,cm,267.000000000016,Definitivo
23157030,BARRANCABERMEJA  - AUT [23157030],NIVEL,Nivel medio diario,2023-11-27 00:00,cm,249.500000000005,Definitivo
23157030,BARRANCABERMEJA  - AUT [23157030],NIVEL,Nivel medio diario,2023-11-28 00:00,cm,239.312500000011,Definitivo
23157030,BARRANCABERMEJA  - AUT [23157030],NIVEL,Nivel medio diario,2023-11-29 00:00,cm,226.625000000006,Definitivo
23157030,BARRANCABERMEJA  - AUT [23157030],NIVEL,Nivel medio diario,2023-11-30 00:00,cm,215.875000000011,Definitivo
23157030,BARRANCABERMEJA  - AUT [23157030],NIVEL,Nivel medio diario,2023-12-01 00:00,cm,206.187499999997,Definitivo
23157030,BARRANCABERMEJA  - AUT [23157030],NIVEL,Nivel medio diario,2023-12-02 00:00,cm,205.500000000008,Definitivo
23157030,BARRANCABERMEJA  - AUT [23157030],NIVEL,Nivel medio diario,2023-12-03 00:00,cm,198.25,Definitivo
23157030,BARRANCABERMEJA  - AUT [23157030],NIVEL,Nivel medio diario,2023-12-04 00:00,cm,198.124999999998,Definitivo
23157030,BARRANCABERMEJA  - AUT [23157030],NIVEL,Nivel medio diario,2023-12-05 00:00,cm,195.625000000008,Definitivo
23157030,BARRANCABERMEJA  - AUT [23157030],NIVEL,Nivel medio diario,2023-12-06 00:00,cm,177.375000000023,Definitivo
23157030,BARRANCABERMEJA  - AUT [23157030],NIVEL,Nivel medio diario,2023-12-07 00:00,cm,159.687499999986,Definitivo
23157030,BARRANCABERMEJA  - AUT [23157030],NIVEL,Nivel medio diario,2023-12-08 00:00,cm,178.499999999985,Definitivo
23157030,BARRANCABERMEJA  - AUT [23157030],NIVEL,Nivel medio diario,2023-12-09 00:00,cm,194.937499999995,Definitivo
23157030,BARRANCABERMEJA  - AUT [23157030],NIVEL,Nivel medio diario,2023-12-10 00:00,cm,190.00000000002,Definitivo
23157030,BARRANCABERMEJA  - AUT [23157030],NIVEL,Nivel medio diario,2023-12-11 00:00,cm,168.375000000008,Definitivo
23157030,BARRANCABERMEJA  - AUT [23157030],NIVEL,Nivel medio diario,2023-12-12 00:00,cm,160.375,Definitivo
23157030,BARRANCABERMEJA  - AUT [23157030],NIVEL,Nivel medio diario,2023-12-13 00:00,cm,159.750000000003,Definitivo
23157030,BARRANCABERMEJA  - AUT [23157030],NIVEL,Nivel medio diario,2023-12-14 00:00,cm,153.812500000008,Definitivo
23157030,BARRANCABERMEJA  - AUT [23157030],NIVEL,Nivel medio diario,2023-12-15 00:00,cm,149.562499999988,Definitivo
23157030,BARRANCABERMEJA  - AUT [23157030],NIVEL,Nivel medio diario,2023-12-16 00:00,cm,166.49999999998,Definitivo
23157030,BARRANCABERMEJA  - AUT [23157030],NIVEL,Nivel medio diario,2023-12-17 00:00,cm,191.374999999976,Definitivo
23157030,BARRANCABERMEJA  - AUT [23157030],NIVEL,Nivel medio diario,2023-12-18 00:00,cm,214.687500000004,Definitivo
23157030,BARRANCABERMEJA  - AUT [23157030],NIVEL,Nivel medio diario,2023-12-19 00:00,cm,201.687499999994,Definitivo
23157030,BARRANCABERMEJA  - AUT [23157030],NIVEL,Nivel medio diario,2023-12-20 00:00,cm,214.499999999984,Definitivo
23157030,BARRANCABERMEJA  - AUT [23157030],NIVEL,Nivel medio diario,2023-12-21 00:00,cm,221.687500000021,Definitivo
23157030,BARRANCABERMEJA  - AUT [23157030],NIVEL,Nivel medio diario,2023-12-22 00:00,cm,196.062500000005,Definitivo
23157030,BARRANCABERMEJA  - AUT [23157030],NIVEL,Nivel medio diario,2023-12-23 00:00,cm,202.499999999992,Definitivo
23157030,BARRANCABERMEJA  - AUT [23157030],NIVEL,Nivel medio diario,2023-12-24 00:00,cm,209.374999999999,Definitivo
23157030,BARRANCABERMEJA  - AUT [23157030],NIVEL,Nivel medio diario,2023-12-25 00:00,cm,203.625000000012,Definitivo
23157030,BARRANCABERMEJA  - AUT [23157030],NIVEL,Nivel medio diario,2023-12-26 00:00,cm,208.062499999934,Definitivo
23157030,BARRANCABERMEJA  - AUT [23157030],NIVEL,Nivel medio diario,2023-12-27 00:00,cm,290.687499999993,Definitivo
23157030,BARRANCABERMEJA  - AUT [23157030],NIVEL,Nivel medio diario,2023-12-28 00:00,cm,285.375000000019,Definitivo
23157030,BARRANCABERMEJA  - AUT [23157030],NIVEL,Nivel medio diario,2023-12-29 00:00,cm,276.999999999975,Definitivo
23157030,BARRANCABERMEJA  - AUT [23157030],NIVEL,Nivel medio diario,2023-12-30 00:00,cm,307.87499999998,Definitivo
23157030,BARRANCABERMEJA  - AUT [23157030],NIVEL,Nivel medio diario,2023-12-31 00:00,cm,313.375000000034,Preliminar
23157030,BARRANCABERMEJA  - AUT [23157030],NIVEL,Nivel medio diario,2024-01-01 00:00,cm,283.937499999986,Definitivo
23157030,BARRANCABERMEJA  - AUT [23157030],NIVEL,Nivel medio diario,2024-01-02 00:00,cm,286.187500000036,Definitivo
23157030,BARRANCABERMEJA  - AUT [23157030],NIVEL,Nivel medio diario,2024-01-03 00:00,cm,256.749999999972,Definitivo
23157030,BARRANCABERMEJA  - AUT [23157030],NIVEL,Nivel medio diario,2024-01-04 00:00,cm,277.812500000028,Definitivo
23157030,BARRANCABERMEJA  - AUT [23157030],NIVEL,Nivel medio diario,2024-01-05 00:00,cm,236.625000000023,Definitivo
23157030,BARRANCABERMEJA  - AUT [23157030],NIVEL,Nivel medio diario,2024-01-06 00:00,cm,213.562500000004,Definitivo
23157030,BARRANCABERMEJA  - AUT [23157030],NIVEL,Nivel medio diario,2024-01-07 00:00,cm,207.875000000006,Definitivo
23157030,BARRANCABERMEJA  - AUT [23157030],NIVEL,Nivel medio diario,2024-01-08 00:00,cm,199.562500000011,Definitivo
23157030,BARRANCABERMEJA  - AUT [23157030],NIVEL,Nivel medio diario,2024-01-09 00:00,cm,191.875000000005,Definitivo
23157030,BARRANCABERMEJA  - AUT [23157030],NIVEL,Nivel medio diario,2024-01-10 00:00,cm,174.000000000011,Definitivo
23157030,BARRANCABERMEJA  - AUT [23157030],NIVEL,Nivel medio diario,2024-01-11 00:00,cm,162.000000000007,Definitivo
23157030,BARRANCABERMEJA  - AUT [23157030],NIVEL,Nivel medio diario,2024-01-12 00:00,cm,150.3125,Definitivo
23157030,BARRANCABERMEJA  - AUT [23157030],NIVEL,Nivel medio diario,2024-01-13 00:00,cm,150.624999999999,Definitivo
23157030,BARRANCABERMEJA  - AUT [23157030],NIVEL,Nivel medio diario,2024-01-14 00:00,cm,150.124999999999,Definitivo
23157030,BARRANCABERMEJA  - AUT [23157030],NIVEL,Nivel medio diario,2024-01-15 00:00,cm,152.124999999983,Definitivo
23157030,BARRANCABERMEJA  - AUT [23157030],NIVEL,Nivel medio diario,2024-01-16 00:00,cm,176.437499999982,Definitivo
23157030,BARRANCABERMEJA  - AUT [23157030],NIVEL,Nivel medio diario,2024-01-17 00:00,cm,192.187500000007,Definitivo
23157030,BARRANCABERMEJA  - AUT [23157030],NIVEL,Nivel medio diario,2024-01-18 00:00,cm,178.812500000015,Definitivo
23157030,BARRANCABERMEJA  - AUT [23157030],NIVEL,Nivel medio diario,2024-01-19 00:00,cm,157.750000000007,Definitivo
23157030,BARRANCABERMEJA  - AUT [23157030],NIVEL,Nivel medio diario,2024-01-20 00:00,cm,144.375000000015,Definitivo
23157030,BARRANCABERMEJA  - AUT [23157030],NIVEL,Nivel medio diario,2024-01-21 00:00,cm,134.124999999995,Definitivo
23157030,BARRANCABERMEJA  - AUT [23157030],NIVEL,Nivel medio diario,2024-01-22 00:00,cm,135.87500000001,Definitivo
23157030,BARRANCABERMEJA  - AUT [23157030],NIVEL,Nivel medio diario,2024-01-23 00:00,cm,131.624999999987,Definitivo
23157030,BARRANCABERMEJA  - AUT [23157030],NIVEL,Nivel medio diario,2024-01-24 00:00,cm,156.562499999978,Definitivo
23157030,BARRANCABERMEJA  - AUT [23157030],NIVEL,Nivel medio diario,2024-01-25 00:00,cm,180.375000000007,Definitivo
23157030,BARRANCABERMEJA  - AUT [23157030],NIVEL,Nivel medio diario,2024-01-26 00:00,cm,155.500000000025,Definitivo
23157030,BARRANCABERMEJA  - AUT [23157030],NIVEL,Nivel medio diario,2024-01-27 00:00,cm,128.74999999999,Definitivo
23157030,BARRANCABERMEJA  - AUT [23157030],NIVEL,Nivel medio diario,2024-01-28 00:00,cm,140.625000000012,Definitivo
23157030,BARRANCABERMEJA  - AUT [23157030],NIVEL,Nivel medio diario,2024-01-29 00:00,cm,109.125000000022,Definitivo
23157030,BARRANCABERMEJA  - AUT [23157030],NIVEL,Nivel medio diario,2024-01-30 00:00,cm,87.8124999999989,Definitivo
23157030,BARRANCABERMEJA  - AUT [23157030],NIVEL,Nivel medio diario,2024-01-31 00:00,cm,98.437499999975,Definitivo
23157030,BARRANCABERMEJA  - AUT [23157030],NIVEL,Nivel medio diario,2024-02-01 00:00,cm,126.624999999979,Definitivo
23157030,BARRANCABERMEJA  - AUT [23157030],NIVEL,Nivel medio diario,2024-02-02 00:00,cm,157.062499999978,Definitivo
23157030,BARRANCABERMEJA  - AUT [23157030],NIVEL,Nivel medio diario,2024-02-03 00:00,cm,186.374999999946,Definitivo
23157030,BARRANCABERMEJA  - AUT [23157030],NIVEL,Nivel medio diario,2024-02-04 00:00,cm,255.812500000004,Definitivo
23157030,BARRANCABERMEJA  - AUT [23157030],NIVEL,Nivel medio diario,2024-02-05 00:00,cm,218.000000000052,Definitivo
23157030,BARRANCABERMEJA  - AUT [23157030],NIVEL,Nivel medio diario,2024-02-06 00:00,cm,171.562499999997,Definitivo
23157030,BARRANCABERMEJA  - AUT [23157030],NIVEL,Nivel medio diario,2024-02-07 00:00,cm,178.187499999986,Definitivo
23157030,BARRANCABERMEJA  - AUT [23157030],NIVEL,Nivel medio diario,2024-02-08 00:00,cm,192.562499999977,Definitivo
23157030,BARRANCABERMEJA  - AUT [23157030],NIVEL,Nivel medio diario,2024-02-09 00:00,cm,229.624999999995,Definitivo
23157030,BARRANCABERMEJA  - AUT [23157030],NIVEL,Nivel medio diario,2024-02-10 00:00,cm,218.12500000002,Definitivo
23157030,BARRANCABERMEJA  - AUT [23157030],NIVEL,Nivel medio diario,2024-02-11 00:00,cm,202.187500000005,Definitivo
23157030,BARRANCABERMEJA  - AUT [23157030],NIVEL,Nivel medio diario,2024-02-12 00:00,cm,180.312500000005,Definitivo
23157030,BARRANCABERMEJA  - AUT [23157030],NIVEL,Nivel medio diario,2024-02-13 00:00,cm,184.687499999989,Definitivo
23157030,BARRANCABERMEJA  - AUT [23157030],NIVEL,Nivel medio diario,2024-02-14 00:00,cm,189.81250000001,Definitivo
23157030,BARRANCABERMEJA  - AUT [23157030],NIVEL,Nivel medio diario,2024-02-15 00:00,cm,188.74999999998,Definitivo
23157030,BARRANCABERMEJA  - AUT [23157030],NIVEL,Nivel medio diario,2024-02-16 00:00,cm,203.125000000017,Definitivo
23157030,BARRANCABERMEJA  - AUT [23157030],NIVEL,Nivel medio diario,2024-02-17 00:00,cm,183.125000000008,Definitivo
23157030,BARRANCABERMEJA  - AUT [23157030],NIVEL,Nivel medio diario,2024-02-18 00:00,cm,172.812500000003,Definitivo
23157030,BARRANCABERMEJA  - AUT [23157030],NIVEL,Nivel medio diario,2024-02-19 00:00,cm,149.375000000031,Definitivo
23157030,BARRANCABERMEJA  - AUT [23157030],NIVEL,Nivel medio diario,2024-02-20 00:00,cm,132.24999999998,Definitivo
23157030,BARRANCABERMEJA  - AUT [23157030],NIVEL,Nivel medio diario,2024-02-21 00:00,cm,146.249999999995,Definitivo
23157030,BARRANCABERMEJA  - AUT [23157030],NIVEL,Nivel medio diario,2024-02-22 00:00,cm,154.437499999982,Definitivo
23157030,BARRANCABERMEJA  - AUT [23157030],NIVEL,Nivel medio diario,2024-02-23 00:00,cm,182.124999999978,Definitivo
23157030,BARRANCABERMEJA  - AUT [23157030],NIVEL,Nivel medio diario,2024-02-24 00:00,cm,197.812500000021,Definitivo
23157030,BARRANCABERMEJA  - AUT [23157030],NIVEL,Nivel medio diario,2024-02-25 00:00,cm,175.625000000009,Definitivo
23157030,BARRANCABERMEJA  - AUT [23157030],NIVEL,Nivel medio diario,2024-02-26 00:00,cm,150.187500000024,Definitivo
23157030,BARRANCABERMEJA  - AUT [23157030],NIVEL,Nivel medio diario,2024-02-27 00:00,cm,130.062499999991,Definitivo
23157030,BARRANCABERMEJA  - AUT [23157030],NIVEL,Nivel medio diario,2024-02-28 00:00,cm,152.99999999997,Definitivo
23157030,BARRANCABERMEJA  - AUT [23157030],NIVEL,Nivel medio diario,2024-02-29 00:00,cm,179.750000000008,Definitivo
23157030,BARRANCABERMEJA  - AUT [23157030],NIVEL,Nivel medio diario,2024-03-01 00:00,cm,156.25000000001,Definitivo
23157030,BARRANCABERMEJA  - AUT [23157030],NIVEL,Nivel medio diario,2024-03-02 00:00,cm,154.062499999997,Definitivo
23157030,BARRANCABERMEJA  - AUT [23157030],NIVEL,Nivel medio diario,2024-03-03 00:00,cm,153.062500000012,Definitivo
23157030,BARRANCABERMEJA  - AUT [23157030],NIVEL,Nivel medio diario,2024-03-04 00:00,cm,135.750000000007,Definitivo
23157030,BARRANCABERMEJA  - AUT [23157030],NIVEL,Nivel medio diario,2024-03-05 00:00,cm,132.187500000001,Definitivo
23157030,BARRANCABERMEJA  - AUT [23157030],NIVEL,Nivel medio diario,2024-03-06 00:00,cm,129.687500000008,Definitivo
23157030,BARRANCABERMEJA  - AUT [23157030],NIVEL,Nivel medio diario,2024-03-07 00:00,cm,120.937499999997,Definitivo
23157030,BARRANCABERMEJA  - AUT [23157030],NIVEL,Nivel medio diario,2024-03-08 00:00,cm,130.81249999998,Definitivo
23157030,BARRANCABERMEJA  - AUT [23157030],NIVEL,Nivel medio diario,2024-03-09 00:00,cm,152.749999999999,Definitivo
23157030,BARRANCABERMEJA  - AUT [23157030],NIVEL,Nivel medio diario,2024-03-10 00:00,cm,159.249999999974,Definitivo
23157030,BARRANCABERMEJA  - AUT [23157030],NIVEL,Nivel medio diario,2024-03-11 00:00,cm,166.375000000033,Definitivo
23157030,BARRANCABERMEJA  - AUT [23157030],NIVEL,Nivel medio diario,2024-03-12 00:00,cm,139.999999999984,Definitivo
23157030,BARRANCABERMEJA  - AUT [23157030],NIVEL,Nivel medio diario,2024-03-13 00:00,cm,158.124999999996,Definitivo
23157030,BARRANCABERMEJA  - AUT [23157030],NIVEL,Nivel medio diario,2024-03-14 00:00,cm,163.562499999996,Definitivo
23157030,BARRANCABERMEJA  - AUT [23157030],NIVEL,Nivel medio diario,2024-03-15 00:00,cm,169.062499999995,Definitivo
23157030,BARRANCABERMEJA  - AUT [23157030],NIVEL,Nivel medio diario,2024-03-16 00:00,cm,166.4375,Definitivo
23157030,BARRANCABERMEJA  - AUT [23157030],NIVEL,Nivel medio diario,2024-03-17 00:00,cm,167.999999999997,Definitivo
23157030,BARRANCABERMEJA  - AUT [23157030],NIVEL,Nivel medio diario,2024-03-18 00:00,cm,170.062500000004,Definitivo
23157030,BARRANCABERMEJA  - AUT [23157030],NIVEL,Nivel medio diario,2024-03-19 00:00,cm,169.124999999987,Definitivo
23157030,BARRANCABERMEJA  - AUT [23157030],NIVEL,Nivel medio diario,2024-03-20 00:00,cm,182.874999999996,Definitivo
23157030,BARRANCABERMEJA  - AUT [23157030],NIVEL,Nivel medio diario,2024-03-21 00:00,cm,183.062500000006,Definitivo
23157030,BARRANCABERMEJA  - AUT [23157030],NIVEL,Nivel medio diario,2024-03-22 00:00,cm,174.312500000008,Definitivo
23157030,BARRANCABERMEJA  - AUT [23157030],NIVEL,Nivel medio diario,2024-03-23 00:00,cm,163.375000000004,Definitivo
23157030,BARRANCABERMEJA  - AUT [23157030],NIVEL,Nivel medio diario,2024-03-24 00:00,cm,156.625000000008,Definitivo
23157030,BARRANCABERMEJA  - AUT [23157030],NIVEL,Nivel medio diario,2024-03-25 00:00,cm,149.562499999997,Definitivo
23157030,BARRANCABERMEJA  - AUT [23157030],NIVEL,Nivel medio diario,2024-03-26 00:00,cm,159.312499999981,Definitivo
23157030,BARRANCABERMEJA  - AUT [23157030],NIVEL,Nivel medio diario,2024-03-27 00:00,cm,174.250000000013,Definitivo
23157030,BARRANCABERMEJA  - AUT [23157030],NIVEL,Nivel medio diario,2024-03-28 00:00,cm,159.875,Definitivo
23157030,BARRANCABERMEJA  - AUT [23157030],NIVEL,Nivel medio diario,2024-03-29 00:00,cm,164.874999999982,Definitivo
23157030,BARRANCABERMEJA  - AUT [23157030],NIVEL,Nivel medio diario,2024-03-30 00:00,cm,179.750000000017,Definitivo
23157030,BARRANCABERMEJA  - AUT [23157030],NIVEL,Nivel medio diario,2024-03-31 00:00,cm,153.812500000027,Definitivo
23157030,BARRANCABERMEJA  - AUT [23157030],NIVEL,Nivel medio diario,2024-04-01 00:00,cm,132.937499999977,Definitivo
23157030,BARRANCABERMEJA  - AUT [23157030],NIVEL,Nivel medio diario,2024-04-02 00:00,cm,161.499999999982,Definitivo
23157030,BARRANCABERMEJA  - AUT [23157030],NIVEL,Nivel medio diario,2024-04-03 00:00,cm,180.749999999984,Definitivo
23157030,BARRANCABERMEJA  - AUT [23157030],NIVEL,Nivel medio diario,2024-04-04 00:00,cm,192.187499999995,Definitivo
23157030,BARRANCABERMEJA  - AUT [23157030],NIVEL,Nivel medio diario,2024-04-05 00:00,cm,232.187499999953,Definitivo
23157030,BARRANCABERMEJA  - AUT [23157030],NIVEL,Nivel medio diario,2024-04-06 00:00,cm,265.812500000022,Definitivo
23157030,BARRANCABERMEJA  - AUT [23157030],NIVEL,Nivel medio diario,2024-04-07 00:00,cm,256.187500000003,Definitivo
23157030,BARRANCABERMEJA  - AUT [23157030],NIVEL,Nivel medio diario,2024-04-08 00:00,cm,243.812500000015,Definitivo
23157030,BARRANCABERMEJA  - AUT [23157030],NIVEL,Nivel medio diario,2024-04-09 00:00,cm,229.187500000011,Definitivo
23157030,BARRANCABERMEJA  - AUT [23157030],NIVEL,Nivel medio diario,2024-04-10 00:00,cm,216.875000000001,Definitivo
23157030,BARRANCABERMEJA  - AUT [23157030],NIVEL,Nivel medio diario,2024-04-11 00:00,cm,216.500000000017,Definitivo
23157030,BARRANCABERMEJA  - AUT [23157030],NIVEL,Nivel medio diario,2024-04-12 00:00,cm,192.125000000012,Definitivo
23157030,BARRANCABERMEJA  - AUT [23157030],NIVEL,Nivel medio diario,2024-04-13 00:00,cm,173.250000000022,Definitivo
23157030,BARRANCABERMEJA  - AUT [23157030],NIVEL,Nivel medio diario,2024-04-14 00:00,cm,152.374999999997,Definitivo
23157030,BARRANCABERMEJA  - AUT [23157030],NIVEL,Nivel medio diario,2024-04-15 00:00,cm,158.31249999999,Definitivo
23157030,BARRANCABERMEJA  - AUT [23157030],NIVEL,Nivel medio diario,2024-04-16 00:00,cm,171.312499999992,Definitivo
23157030,BARRANCABERMEJA  - AUT [23157030],NIVEL,Nivel medio diario,2024-04-17 00:00,cm,179.500000000013,Definitivo
23157030,BARRANCABERMEJA  - AUT [23157030],NIVEL,Nivel medio diario,2024-04-18 00:00,cm,176.812499999974,Definitivo
23157030,BARRANCABERMEJA  - AUT [23157030],NIVEL,Nivel medio diario,2024-04-19 00:00,cm,204.062499999994,Definitivo
23157030,BARRANCABERMEJA  - AUT [23157030],NIVEL,Nivel medio diario,2024-04-20 00:00,cm,215.499999999984,Definitivo
23157030,BARRANCABERMEJA  - AUT [23157030],NIVEL,Nivel medio diario,2024-04-21 00:00,cm,225.562500000031,Definitivo
23157030,BARRANCABERMEJA  - AUT [23157030],NIVEL,Nivel medio diario,2024-04-22 00:00,cm,201.374999999943,Definitivo
23157030,BARRANCABERMEJA  - AUT [23157030],NIVEL,Nivel medio diario,2024-04-23 00:00,cm,275.187499999971,Definitivo
23157030,BARRANCABERMEJA  - AUT [23157030],NIVEL,Nivel medio diario,2024-04-24 00:00,cm,301.99999999999,Definitivo
23157030,BARRANCABERMEJA  - AUT [23157030],NIVEL,Nivel medio diario,2024-04-25 00:00,cm,313.125000000022,Definitivo
23157030,BARRANCABERMEJA  - AUT [23157030],NIVEL,Nivel medio diario,2024-04-26 00:00,cm,288.187499999994,Definitivo
23157030,BARRANCABERMEJA  - AUT [23157030],NIVEL,Nivel medio diario,2024-04-27 00:00,cm,299.437499999981,Definitivo
23157030,BARRANCABERMEJA  - AUT [23157030],NIVEL,Nivel medio diario,2024-04-28 00:00,cm,322.187500000014,Definitivo
23157030,BARRANCABERMEJA  - AUT [23157030],NIVEL,Nivel medio diario,2024-04-29 00:00,cm,316.624999999948,Definitivo
23157030,BARRANCABERMEJA  - AUT [23157030],NIVEL,Nivel medio diario,2024-04-30 00:00,cm,355.250000000013,Definitivo
23157030,BARRANCABERMEJA  - AUT [23157030],NIVEL,Nivel medio diario,2024-05-01 00:00,cm,336.937500000013,Definitivo
23157030,BARRANCABERMEJA  - AUT [23157030],NIVEL,Nivel medio diario,2024-05-02 00:00,cm,332.625,Definitivo
23157030,BARRANCABERMEJA  - AUT [23157030],NIVEL,Nivel medio diario,2024-05-03 00:00,cm,335.749999999984,Definitivo
23157030,BARRANCABERMEJA  - AUT [23157030],NIVEL,Nivel medio diario,2024-05-04 00:00,cm,356.624999999987,Definitivo
23157030,BARRANCABERMEJA  - AUT [23157030],NIVEL,Nivel medio diario,2024-05-05 00:00,cm,372.249999999963,Definitivo
23157030,BARRANCABERMEJA  - AUT [23157030],NIVEL,Nivel medio diario,2024-05-06 00:00,cm,404.875000000021,Definitivo
23157030,BARRANCABERMEJA  - AUT [23157030],NIVEL,Nivel medio diario,2024-05-07 00:00,cm,378.499999999992,Definitivo
23157030,BARRANCABERMEJA  - AUT [23157030],NIVEL,Nivel medio diario,2024-05-08 00:00,cm,393.81249999998,Definitivo
23157030,BARRANCABERMEJA  - AUT [23157030],NIVEL,Nivel medio diario,2024-05-09 00:00,cm,417.624999999992,Definitivo
23157030,BARRANCABERMEJA  - AUT [23157030],NIVEL,Nivel medio diario,2024-05-10 00:00,cm,427.499999999989,Definitivo
23157030,BARRANCABERMEJA  - AUT [23157030],NIVEL,Nivel medio diario,2024-05-11 00:00,cm,440.437499999996,Definitivo
23157030,BARRANCABERMEJA  - AUT [23157030],NIVEL,Nivel medio diario,2024-05-12 00:00,cm,446.624999999988,Definitivo
23157030,BARRANCABERMEJA  - AUT [23157030],NIVEL,Nivel medio diario,2024-05-13 00:00,cm,449.125000000024,Definitivo
23157030,BARRANCABERMEJA  - AUT [23157030],NIVEL,Nivel medio diario,2024-05-14 00:00,cm,419.312500000023,Definitivo
23157030,BARRANCABERMEJA  - AUT [23157030],NIVEL,Nivel medio diario,2024-05-15 00:00,cm,395.187500000003,Definitivo
23157030,BARRANCABERMEJA  - AUT [23157030],NIVEL,Nivel medio diario,2024-05-16 00:00,cm,397.624999999988,Definitivo
23157030,BARRANCABERMEJA  - AUT [23157030],NIVEL,Nivel medio diario,2024-05-17 00:00,cm,401.06250000002,Definitivo
23157030,BARRANCABERMEJA  - AUT [23157030],NIVEL,Nivel medio diario,2024-05-18 00:00,cm,372.937500000022,Definitivo
23157030,BARRANCABERMEJA  - AUT [23157030],NIVEL,Nivel medio diario,2024-05-19 00:00,cm,347.625000000009,Definitivo
23157030,BARRANCABERMEJA  - AUT [23157030],NIVEL,Nivel medio diario,2024-05-20 00:00,cm,327.375000000025,Definitivo
23157030,BARRANCABERMEJA  - AUT [23157030],NIVEL,Nivel medio diario,2024-05-21 00:00,cm,304.812499999995,Definitivo
23157030,BARRANCABERMEJA  - AUT [23157030],NIVEL,Nivel medio diario,2024-05-22 00:00,cm,298.125000000031,Definitivo
23157030,BARRANCABERMEJA  - AUT [23157030],NIVEL,Nivel medio diario,2024-05-23 00:00,cm,281.437499999969,Definitivo
23157030,BARRANCABERMEJA  - AUT [23157030],NIVEL,Nivel medio diario,2024-05-24 00:00,cm,313.624999999986,Definitivo
23157030,BARRANCABERMEJA  - AUT [23157030],NIVEL,Nivel medio diario,2024-05-25 00:00,cm,324.250000000013,Definitivo
23157030,BARRANCABERMEJA  - AUT [23157030],NIVEL,Nivel medio diario,2024-05-26 00:00,cm,304.250000000026,Definitivo
23157030,BARRANCABERMEJA  - AUT [23157030],NIVEL,Nivel medio diario,2024-05-27 00:00,cm,280.124999999991,Definitivo
23157030,BARRANCABERMEJA  - AUT [23157030],NIVEL,Nivel medio diario,2024-05-28 00:00,cm,307.24999999998,Definitivo
23157030,BARRANCABERMEJA  - AUT [23157030],NIVEL,Nivel medio diario,2024-05-29 00:00,cm,323.750000000016,Definitivo
23157030,BARRANCABERMEJA  - AUT [23157030],NIVEL,Nivel medio diario,2024-05-30 00:00,cm,306.687499999996,Definitivo
23157030,BARRANCABERMEJA  - AUT [23157030],NIVEL,Nivel medio diario,2024-05-31 00:00,cm,312.562499999993,Definitivo
23157030,BARRANCABERMEJA  - AUT [23157030],NIVEL,Nivel medio diario,2024-06-01 00:00,cm,332.499999999986,Definitivo
23157030,BARRANCABERMEJA  - AUT [23157030],NIVEL,Nivel medio diario,2024-06-02 00:00,cm,330.750000000043,Definitivo
23157030,BARRANCABERMEJA  - AUT [23157030],NIVEL,Nivel medio diario,2024-06-03 00:00,cm,286.437500000002,Definitivo
23157030,BARRANCABERMEJA  - AUT [23157030],NIVEL,Nivel medio diario,2024-06-04 00:00,cm,278.812500000026,Definitivo
23157030,BARRANCABERMEJA  - AUT [23157030],NIVEL,Nivel medio diario,2024-06-05 00:00,cm,251.312500000006,Definitivo
23157030,BARRANCABERMEJA  - AUT [23157030],NIVEL,Nivel medio diario,2024-06-06 00:00,cm,237.312499999998,Definitivo
23157030,BARRANCABERMEJA  - AUT [23157030],NIVEL,Nivel medio diario,2024-06-07 00:00,cm,255.374999999973,Definitivo
23157030,BARRANCABERMEJA  - AUT [23157030],NIVEL,Nivel medio diario,2024-06-08 00:00,cm,278.374999999999,Definitivo
23157030,BARRANCABERMEJA  - AUT [23157030],NIVEL,Nivel medio diario,2024-06-09 00:00,cm,275.937500000002,Definitivo
23157030,BARRANCABERMEJA  - AUT [23157030],NIVEL,Nivel medio diario,2024-06-10 00:00,cm,271.437500000014,Definitivo
23157030,BARRANCABERMEJA  - AUT [23157030],NIVEL,Nivel medio diario,2024-06-11 00:00,cm,265.81249999998,Definitivo
23157030,BARRANCABERMEJA  - AUT [23157030],NIVEL,Nivel medio diario,2024-06-12 00:00,cm,291.625000000003,Definitivo
23157030,BARRANCABERMEJA  - AUT [23157030],NIVEL,Nivel medio diario,2024-06-13 00:00,cm,273.000000000021,Definitivo
23157030,BARRANCABERMEJA  - AUT [23157030],NIVEL,Nivel medio diario,2024-06-14 00:00,cm,257.312499999992,Definitivo
23157030,BARRANCABERMEJA  - AUT [23157030],NIVEL,Nivel medio diario,2024-06-15 00:00,cm,285.749999999969,Definitivo
23157030,BARRANCABERMEJA  - AUT [23157030],NIVEL,Nivel medio diario,2024-06-16 00:00,cm,315.124999999996,Definitivo
23157030,BARRANCABERMEJA  - AUT [23157030],NIVEL,Nivel medio diario,2024-06-17 00:00,cm,334.12499999999,Definitivo
23157030,BARRANCABERMEJA  - AUT [23157030],NIVEL,Nivel medio diario,2024-06-18 00:00,cm,340.625000000001,Definitivo
23157030,BARRANCABERMEJA  - AUT [23157030],NIVEL,Nivel medio diario,2024-06-19 00:00,cm,355.874999999983,Definitivo
23157030,BARRANCABERMEJA  - AUT [23157030],NIVEL,Nivel medio diario,2024-06-20 00:00,cm,364.750000000022,Definitivo
23157030,BARRANCABERMEJA  - AUT [23157030],NIVEL,Nivel medio diario,2024-06-21 00:00,cm,346.812500000002,Definitivo
23157030,BARRANCABERMEJA  - AUT [23157030],NIVEL,Nivel medio diario,2024-06-22 00:00,cm,341.750000000006,Definitivo
23157030,BARRANCABERMEJA  - AUT [23157030],NIVEL,Nivel medio diario,2024-06-23 00:00,cm,351.187499999954,Definitivo
23157030,BARRANCABERMEJA  - AUT [23157030],NIVEL,Nivel medio diario,2024-06-24 00:00,cm,390.000000000036,Definitivo
23157030,BARRANCABERMEJA  - AUT [23157030],NIVEL,Nivel medio diario,2024-06-25 00:00,cm,341.500000000015,Definitivo
23157030,BARRANCABERMEJA  - AUT [23157030],NIVEL,Nivel medio diario,2024-06-26 00:00,cm,330.374999999983,Definitivo
23157030,BARRANCABERMEJA  - AUT [23157030],NIVEL,Nivel medio diario,2024-06-27 00:00,cm,353.93749999999,Definitivo
23157030,BARRANCABERMEJA  - AUT [23157030],NIVEL,Nivel medio diario,2024-06-28 00:00,cm,371.687499999974,Definitivo
23157030,BARRANCABERMEJA  - AUT [23157030],NIVEL,Nivel medio diario,2024-06-29 00:00,cm,402.375000000008,Definitivo
23157030,BARRANCABERMEJA  - AUT [23157030],NIVEL,Nivel medio diario,2024-06-30 00:00,cm,381.250000000013,Definitivo
23157030,BARRANCABERMEJA  - AUT [23157030],NIVEL,Nivel medio diario,2024-07-01 00:00,cm,368.125000000012,Definitivo
23157030,BARRANCABERMEJA  - AUT [23157030],NIVEL,Nivel medio diario,2024-07-02 00:00,cm,353.437499999985,Definitivo
23157030,BARRANCABERMEJA  - AUT [23157030],NIVEL,Nivel medio diario,2024-07-03 00:00,cm,373.749999999998,Definitivo
23157030,BARRANCABERMEJA  - AUT [23157030],NIVEL,Nivel medio diario,2024-07-04 00:00,cm,380.49999999999,Definitivo
23157030,BARRANCABERMEJA  - AUT [23157030],NIVEL,Nivel medio diario,2024-07-05 00:00,cm,392.812499999989,Definitivo
23157030,BARRANCABERMEJA  - AUT [23157030],NIVEL,Nivel medio diario,2024-07-06 00:00,cm,410.99999999999,Definitivo
23157030,BARRANCABERMEJA  - AUT [23157030],NIVEL,Nivel medio diario,2024-07-07 00:00,cm,397.375000000008,Definitivo
23157030,BARRANCABERMEJA  - AUT [23157030],NIVEL,Nivel medio diario,2024-07-08 00:00,cm,385.250000000023,Definitivo
23157030,BARRANCABERMEJA  - AUT [23157030],NIVEL,Nivel medio diario,2024-07-09 00:00,cm,355.312500000019,Definitivo
23157030,BARRANCABERMEJA  - AUT [23157030],NIVEL,Nivel medio diario,2024-07-10 00:00,cm,324.375000000033,Definitivo
23157030,BARRANCABERMEJA  - AUT [23157030],NIVEL,Nivel medio diario,2024-07-11 00:00,cm,287.1875,Definitivo
23157030,BARRANCABERMEJA  - AUT [23157030],NIVEL,Nivel medio diario,2024-07-12 00:00,cm,286.750000000033,Definitivo
23157030,BARRANCABERMEJA  - AUT [23157030],NIVEL,Nivel medio diario,2024-07-13 00:00,cm,261.124999999985,Definitivo
23157030,BARRANCABERMEJA  - AUT [23157030],NIVEL,Nivel medio diario,2024-07-14 00:00,cm,271.00000000001,Definitivo
23157030,BARRANCABERMEJA  - AUT [23157030],NIVEL,Nivel medio diario,2024-07-15 00:00,cm,257.750000000024,Definitivo
23157030,BARRANCABERMEJA  - AUT [23157030],NIVEL,Nivel medio diario,2024-07-16 00:00,cm,231.12500000001,Definitivo
23157030,BARRANCABERMEJA  - AUT [23157030],NIVEL,Nivel medio diario,2024-07-17 00:00,cm,216.125000000012,Definitivo
23157030,BARRANCABERMEJA  - AUT [23157030],NIVEL,Nivel medio diario,2024-07-18 00:00,cm,206.875000000005,Definitivo
23157030,BARRANCABERMEJA  - AUT [23157030],NIVEL,Nivel medio diario,2024-07-19 00:00,cm,206.562499999983,Definitivo
23157030,BARRANCABERMEJA  - AUT [23157030],NIVEL,Nivel medio diario,2024-07-20 00:00,cm,219.687500000026,Definitivo
23157030,BARRANCABERMEJA  - AUT [23157030],NIVEL,Nivel medio diario,2024-07-21 00:00,cm,193.499999999993,Definitivo
23157030,BARRANCABERMEJA  - AUT [23157030],NIVEL,Nivel medio diario,2024-07-22 00:00,cm,204.250000000009,Definitivo
23157030,BARRANCABERMEJA  - AUT [23157030],NIVEL,Nivel medio diario,2024-07-23 00:00,cm,185.750000000026,Definitivo
23157030,BARRANCABERMEJA  - AUT [23157030],NIVEL,Nivel medio diario,2024-07-24 00:00,cm,153.187500000005,Definitivo
23157030,BARRANCABERMEJA  - AUT [23157030],NIVEL,Nivel medio diario,2024-07-25 00:00,cm,160.374999999968,Definitivo
23157030,BARRANCABERMEJA  - AUT [23157030],NIVEL,Nivel medio diario,2024-07-26 00:00,cm,195.187500000003,Definitivo
23157030,BARRANCABERMEJA  - AUT [23157030],NIVEL,Nivel medio diario,2024-07-27 00:00,cm,190.312500000005,Definitivo
23157030,BARRANCABERMEJA  - AUT [23157030],NIVEL,Nivel medio diario,2024-07-28 00:00,cm,183.375000000008,Definitivo
23157030,BARRANCABERMEJA  - AUT [23157030],NIVEL,Nivel medio diario,2024-07-29 00:00,cm,167.312500000017,Definitivo
23157030,BARRANCABERMEJA  - AUT [23157030],NIVEL,Nivel medio diario,2024-07-30 00:00,cm,145.000000000014,Definitivo
23157030,BARRANCABERMEJA  - AUT [23157030],NIVEL,Nivel medio diario,2024-07-31 00:00,cm,126.562499999995,Definitivo
23157030,BARRANCABERMEJA  - AUT [23157030],NIVEL,Nivel medio diario,2024-08-01 00:00,cm,137.187499999988,Definitivo
23157030,BARRANCABERMEJA  - AUT [23157030],NIVEL,Nivel medio diario,2024-08-02 00:00,cm,144.8125,Definitivo
23157030,BARRANCABERMEJA  - AUT [23157030],NIVEL,Nivel medio diario,2024-08-03 00:00,cm,148.374999999994,Definitivo
23157030,BARRANCABERMEJA  - AUT [23157030],NIVEL,Nivel medio diario,2024-08-04 00:00,cm,150.437500000002,Definitivo
23157030,BARRANCABERMEJA  - AUT [23157030],NIVEL,Nivel medio diario,2024-08-05 00:00,cm,160.37499999998,Definitivo
23157030,BARRANCABERMEJA  - AUT [23157030],NIVEL,Nivel medio diario,2024-08-06 00:00,cm,190.624999999972,Definitivo
23157030,BARRANCABERMEJA  - AUT [23157030],NIVEL,Nivel medio diario,2024-08-07 00:00,cm,223.249999999999,Definitivo
23157030,BARRANCABERMEJA  - AUT [23157030],NIVEL,Nivel medio diario,2024-08-08 00:00,cm,216.187500000012,Definitivo
23157030,BARRANCABERMEJA  - AUT [23157030],NIVEL,Nivel medio diario,2024-08-09 00:00,cm,207.249999999993,Definitivo
23157030,BARRANCABERMEJA  - AUT [23157030],NIVEL,Nivel medio diario,2024-08-10 00:00,cm,214.874999999996,Definitivo
23157030,BARRANCABERMEJA  - AUT [23157030],NIVEL,Nivel medio diario,2024-08-11 00:00,cm,233.937499999992,Definitivo
23157030,BARRANCABERMEJA  - AUT [23157030],NIVEL,Nivel medio diario,2024-08-12 00:00,cm,224.000000000027,Definitivo
23157030,BARRANCABERMEJA  - AUT [23157030],NIVEL,Nivel medio diario,2024-08-13 00:00,cm,203.687499999978,Definitivo
23157030,BARRANCABERMEJA  - AUT [23157030],NIVEL,Nivel medio diario,2024-08-14 00:00,cm,221.312500000019,Definitivo
23157030,BARRANCABERMEJA  - AUT [23157030],NIVEL,Nivel medio diario,2024-08-15 00:00,cm,189.562500000006,Definitivo
23157030,BARRANCABERMEJA  - AUT [23157030],NIVEL,Nivel medio diario,2024-08-16 00:00,cm,188.81249999999,Definitivo
23157030,BARRANCABERMEJA  - AUT [23157030],NIVEL,Nivel medio diario,2024-08-17 00:00,cm,219.87499999997,Definitivo
23157030,BARRANCABERMEJA  - AUT [23157030],NIVEL,Nivel medio diario,2024-08-18 00:00,cm,233.062500000044,Definitivo
23157030,BARRANCABERMEJA  - AUT [23157030],NIVEL,Nivel medio diario,2024-08-19 00:00,cm,179.812500000013,Definitivo
23157030,BARRANCABERMEJA  - AUT [23157030],NIVEL,Nivel medio diario,2024-08-20 00:00,cm,163.250000000004,Definitivo
23157030,BARRANCABERMEJA  - AUT [23157030],NIVEL,Nivel medio diario,2024-08-21 00:00,cm,157.124999999977,Definitivo
23157030,BARRANCABERMEJA  - AUT [23157030],NIVEL,Nivel medio diario,2024-08-22 00:00,cm,181.999999999985,Definitivo
23157030,BARRANCABERMEJA  - AUT [23157030],NIVEL,Nivel medio diario,2024-08-23 00:00,cm,184.062500000012,Definitivo
23157030,BARRANCABERMEJA  - AUT [23157030],NIVEL,Nivel medio diario,2024-08-24 00:00,cm,179.312499999981,Definitivo
23157030,BARRANCABERMEJA  - AUT [23157030],NIVEL,Nivel medio diario,2024-08-25 00:00,cm,197.750000000001,Definitivo
23157030,BARRANCABERMEJA  - AUT [23157030],NIVEL,Nivel medio diario,2024-08-26 00:00,cm,187.125000000022,Definitivo
23157030,BARRANCABERMEJA  - AUT [23157030],NIVEL,Nivel medio diario,2024-08-27 00:00,cm,152.375000000023,Definitivo
23157030,BARRANCABERMEJA  - AUT [23157030],NIVEL,Nivel medio diario,2024-08-28 00:00,cm,130.812499999998,Definitivo
23157030,BARRANCABERMEJA  - AUT [23157030],NIVEL,Nivel medio diario,2024-08-29 00:00,cm,131.187500000003,Definitivo
23157030,BARRANCABERMEJA  - AUT [23157030],NIVEL,Nivel medio diario,2024-08-30 00:00,cm,130.624999999991,Definitivo
23157030,BARRANCABERMEJA  - AUT [23157030],NIVEL,Nivel medio diario,2024-08-31 00:00,cm,130.125000000003,Definitivo
23157030,BARRANCABERMEJA  - AUT [23157030],NIVEL,Nivel medio diario,2024-09-01 00:00,cm,131.874999999996,Definitivo
23157030,BARRANCABERMEJA  - AUT [23157030],NIVEL,Nivel medio diario,2024-09-02 00:00,cm,144.687499999992,Definitivo
23157030,BARRANCABERMEJA  - AUT [23157030],NIVEL,Nivel medio diario,2024-09-03 00:00,cm,154.562499999975,Definitivo
23157030,BARRANCABERMEJA  - AUT [23157030],NIVEL,Nivel medio diario,2024-09-04 00:00,cm,194.437499999986,Definitivo
23157030,BARRANCABERMEJA  - AUT [23157030],NIVEL,Nivel medio diario,2024-09-05 00:00,cm,199.687499999985,Definitivo
23157030,BARRANCABERMEJA  - AUT [23157030],NIVEL,Nivel medio diario,2024-09-06 00:00,cm,225.937500000014,Definitivo
23157030,BARRANCABERMEJA  - AUT [23157030],NIVEL,Nivel medio diario,2024-09-07 00:00,cm,202.875000000017,Definitivo
23157030,BARRANCABERMEJA  - AUT [23157030],NIVEL,Nivel medio diario,2024-09-08 00:00,cm,189.125000000011,Definitivo
23157030,BARRANCABERMEJA  - AUT [23157030],NIVEL,Nivel medio diario,2024-09-09 00:00,cm,158.06250000003,Definitivo
23157030,BARRANCABERMEJA  - AUT [23157030],NIVEL,Nivel medio diario,2024-09-10 00:00,cm,127.812500000008,Definitivo
23157030,BARRANCABERMEJA  - AUT [23157030],NIVEL,Nivel medio diario,2024-09-11 00:00,cm,124.06250000001,Definitivo
23157030,BARRANCABERMEJA  - AUT [23157030],NIVEL,Nivel medio diario,2024-09-12 00:00,cm,107.499999999991,Definitivo
23157030,BARRANCABERMEJA  - AUT [23157030],NIVEL,Nivel medio diario,2024-09-13 00:00,cm,125.937499999994,Definitivo
23157030,BARRANCABERMEJA  - AUT [23157030],NIVEL,Nivel medio diario,2024-09-14 00:00,cm,134.999999999999,Definitivo
23157030,BARRANCABERMEJA  - AUT [23157030],NIVEL,Nivel medio diario,2024-09-15 00:00,cm,130.00000000001,Definitivo
23157030,BARRANCABERMEJA  - AUT [23157030],NIVEL,Nivel medio diario,2024-09-16 00:00,cm,120.3125,Definitivo
23157030,BARRANCABERMEJA  - AUT [23157030],NIVEL,Nivel medio diario,2024-09-17 00:00,cm,126.87499999997,Definitivo
23157030,BARRANCABERMEJA  - AUT [23157030],NIVEL,Nivel medio diario,2024-09-18 00:00,cm,163.937500000005,Definitivo
23157030,BARRANCABERMEJA  - AUT [23157030],NIVEL,Nivel medio diario,2024-09-19 00:00,cm,145.875000000017,Definitivo
23157030,BARRANCABERMEJA  - AUT [23157030],NIVEL,Nivel medio diario,2024-09-20 00:00,cm,134.687500000003,Definitivo
23157030,BARRANCABERMEJA  - AUT [23157030],NIVEL,Nivel medio diario,2024-09-21 00:00,cm,130.749999999999,Definitivo
23157030,BARRANCABERMEJA  - AUT [23157030],NIVEL,Nivel medio diario,2024-09-22 00:00,cm,137.874999999981,Definitivo
23157030,BARRANCABERMEJA  - AUT [23157030],NIVEL,Nivel medio diario,2024-09-23 00:00,cm,166.624999999969,Definitivo
23157030,BARRANCABERMEJA  - AUT [23157030],NIVEL,Nivel medio diario,2024-09-24 00:00,cm,201.374999999983,Definitivo
23157030,BARRANCABERMEJA  - AUT [23157030],NIVEL,Nivel medio diario,2024-09-25 00:00,cm,207.750000000026,Definitivo
23157030,BARRANCABERMEJA  - AUT [23157030],NIVEL,Nivel medio diario,2024-09-26 00:00,cm,181.562499999997,Definitivo
23157030,BARRANCABERMEJA  - AUT [23157030],NIVEL,Nivel medio diario,2024-09-27 00:00,cm,198.749999999994,Definitivo
23157030,BARRANCABERMEJA  - AUT [23157030],NIVEL,Nivel medio diario,2024-09-28 00:00,cm,183.687499999989,Definitivo
23157030,BARRANCABERMEJA  - AUT [23157030],NIVEL,Nivel medio diario,2024-09-29 00:00,cm,227.999999999922,Definitivo
23157030,BARRANCABERMEJA  - AUT [23157030],NIVEL,Nivel medio diario,2024-09-30 00:00,cm,304.37500000002,Definitivo
23157030,BARRANCABERMEJA  - AUT [23157030],NIVEL,Nivel medio diario,2024-10-01 00:00,cm,272.062500000034,Definitivo
23157030,BARRANCABERMEJA  - AUT [23157030],NIVEL,Nivel medio diario,2024-10-02 00:00,cm,236.187499999981,Definitivo
23157030,BARRANCABERMEJA  - AUT [23157030],NIVEL,Nivel medio diario,2024-10-03 00:00,cm,256.562500000018,Definitivo
23157030,BARRANCABERMEJA  - AUT [23157030],NIVEL,Nivel medio diario,2024-10-04 00:00,cm,232.187500000029,Definitivo
23157030,BARRANCABERMEJA  - AUT [23157030],NIVEL,Nivel medio diario,2024-10-05 00:00,cm,212.374999999973,Definitivo
23157030,BARRANCABERMEJA  - AUT [23157030],NIVEL,Nivel medio diario,2024-10-06 00:00,cm,243.499999999995,Definitivo
23157030,BARRANCABERMEJA  - AUT [23157030],NIVEL,Nivel medio diario,2024-10-07 00:00,cm,238.437500000006,Definitivo
23157030,BARRANCABERMEJA  - AUT [23157030],NIVEL,Nivel medio diario,2024-10-08 00:00,cm,243.062499999967,Definitivo
23157030,BARRANCABERMEJA  - AUT [23157030],NIVEL,Nivel medio diario,2024-10-09 00:00,cm,266.437500000029,Definitivo
23157030,BARRANCABERMEJA  - AUT [23157030],NIVEL,Nivel medio diario,2024-10-10 00:00,cm,238.124999999982,Definitivo
23157030,BARRANCABERMEJA  - AUT [23157030],NIVEL,Nivel medio diario,2024-10-11 00:00,cm,278.437499999975,Definitivo
23157030,BARRANCABERMEJA  - AUT [23157030],NIVEL,Nivel medio diario,2024-10-12 00:00,cm,280.93750000004,Definitivo
23157030,BARRANCABERMEJA  - AUT [23157030],NIVEL,Nivel medio diario,2024-10-13 00:00,cm,246.874999999992,Definitivo
23157030,BARRANCABERMEJA  - AUT [23157030],NIVEL,Nivel medio diario,2024-10-14 00:00,cm,239.062500000054,Definitivo
23157030,BARRANCABERMEJA  - AUT [23157030],NIVEL,Nivel medio diario,2024-10-15 00:00,cm,180.500000000008,Definitivo
23157030,BARRANCABERMEJA  - AUT [23157030],NIVEL,Nivel medio diario,2024-10-16 00:00,cm,182.812499999987,Definitivo
23157030,BARRANCABERMEJA  - AUT [23157030],NIVEL,Nivel medio diario,2024-10-17 00:00,cm,189.50000000001,Definitivo
23157030,BARRANCABERMEJA  - AUT [23157030],NIVEL,Nivel medio diario,2024-10-18 00:00,cm,180.187500000002,Definitivo
23157030,BARRANCABERMEJA  - AUT [23157030],NIVEL,Nivel medio diario,2024-10-19 00:00,cm,171.749999999977,Definitivo
23157030,BARRANCABERMEJA  - AUT [23157030],NIVEL,Nivel medio diario,2024-10-20 00:00,cm,204.624999999976,Definitivo
23157030,BARRANCABERMEJA  - AUT [23157030],NIVEL,Nivel medio diario,2024-10-21 00:00,cm,235.49999999997,Definitivo
23157030,BARRANCABERMEJA  - AUT [23157030],NIVEL,Nivel medio diario,2024-10-22 00:00,cm,273.499999999975,Definitivo
23157030,BARRANCABERMEJA  - AUT [23157030],NIVEL,Nivel medio diario,2024-10-23 00:00,cm,299.437500000007,Definitivo
23157030,BARRANCABERMEJA  - AUT [23157030],NIVEL,Nivel medio diario,2024-10-24 00:00,cm,289.562500000017,Definitivo
23157030,BARRANCABERMEJA  - AUT [23157030],NIVEL,Nivel medio diario,2024-10-25 00:00,cm,282.187500000007,Definitivo
23157030,BARRANCABERMEJA  - AUT [23157030],NIVEL,Nivel medio diario,2024-10-26 00:00,cm,259.687500000037,Definitivo
23157030,BARRANCABERMEJA  - AUT [23157030],NIVEL,Nivel medio diario,2024-10-27 00:00,cm,219.062500000009,Definitivo
23157030,BARRANCABERMEJA  - AUT [23157030],NIVEL,Nivel medio diario,2024-10-28 00:00,cm,210.812499999994,Definitivo
23157030,BARRANCABERMEJA  - AUT [23157030],NIVEL,Nivel medio diario,2024-10-29 00:00,cm,212.875000000012,Definitivo
23157030,BARRANCABERMEJA  - AUT [23157030],NIVEL,Nivel medio diario,2024-10-30 00:00,cm,185.812500000027,Definitivo
23157030,BARRANCABERMEJA  - AUT [23157030],NIVEL,Nivel medio diario,2024-10-31 00:00,cm,162.499999999944,Definitivo
23157030,BARRANCABERMEJA  - AUT [23157030],NIVEL,Nivel medio diario,2024-11-01 00:00,cm,224.375000000006,Definitivo
23157030,BARRANCABERMEJA  - AUT [23157030],NIVEL,Nivel medio diario,2024-11-02 00:00,cm,213.562500000002,Definitivo
23157030,BARRANCABERMEJA  - AUT [23157030],NIVEL,Nivel medio diario,2024-11-03 00:00,cm,210.999999999999,Definitivo
23157030,BARRANCABERMEJA  - AUT [23157030],NIVEL,Nivel medio diario,2024-11-04 00:00,cm,228.312499999924,Definitivo
23157030,BARRANCABERMEJA  - AUT [23157030],NIVEL,Nivel medio diario,2024-11-05 00:00,cm,309.812500000019,Definitivo
23157030,BARRANCABERMEJA  - AUT [23157030],NIVEL,Nivel medio diario,2024-11-06 00:00,cm,263.875000000033,Definitivo
23157030,BARRANCABERMEJA  - AUT [23157030],NIVEL,Nivel medio diario,2024-11-07 00:00,cm,238.624999999981,Definitivo
23157030,BARRANCABERMEJA  - AUT [23157030],NIVEL,Nivel medio diario,2024-11-08 00:00,cm,247.18750000003,Definitivo
23157030,BARRANCABERMEJA  - AUT [23157030],NIVEL,Nivel medio diario,2024-11-09 00:00,cm,230.937499999963,Definitivo
23157030,BARRANCABERMEJA  - AUT [23157030],NIVEL,Nivel medio diario,2024-11-10 00:00,cm,280.624999999954,Definitivo
23157030,BARRANCABERMEJA  - AUT [23157030],NIVEL,Nivel medio diario,2024-11-11 00:00,cm,333.874999999974,Definitivo
23157030,BARRANCABERMEJA  - AUT [23157030],NIVEL,Nivel medio diario,2024-11-12 00:00,cm,359.000000000008,Definitivo
23157030,BARRANCABERMEJA  - AUT [23157030],NIVEL,Nivel medio diario,2024-11-13 00:00,cm,349.250000000007,Definitivo
23157030,BARRANCABERMEJA  - AUT [23157030],NIVEL,Nivel medio diario,2024-11-14 00:00,cm,338.999999999997,Definitivo
23157030,BARRANCABERMEJA  - AUT [23157030],NIVEL,Nivel medio diario,2024-11-15 00:00,cm,326.187500000021,Definitivo
23157030,BARRANCABERMEJA  - AUT [23157030],NIVEL,Nivel medio diario,2024-11-16 00:00,cm,310.312499999989,Definitivo
23157030,BARRANCABERMEJA  - AUT [23157030],NIVEL,Nivel medio diario,2024-11-17 00:00,cm,329.437499999972,Definitivo
23157030,BARRANCABERMEJA  - AUT [23157030],NIVEL,Nivel medio diario,2024-11-18 00:00,cm,352.18750000002,Definitivo
23157030,BARRANCABERMEJA  - AUT [23157030],NIVEL,Nivel medio diario,2024-11-19 00:00,cm,331.250000000001,Definitivo
23157030,BARRANCABERMEJA  - AUT [23157030],NIVEL,Nivel medio diario,2024-11-20 00:00,cm,333.437499999974,Definitivo
23157030,BARRANCABERMEJA  - AUT [23157030],NIVEL,Nivel medio diario,2024-11-21 00:00,cm,369.749999999964,Definitivo
23157030,BARRANCABERMEJA  - AUT [23157030],NIVEL,Nivel medio diario,2024-11-22 00:00,cm,410.687500000007,Definitivo
23157030,BARRANCABERMEJA  - AUT [23157030],NIVEL,Nivel medio diario,2024-11-23 00:00,cm,399.562500000021,Definitivo
23157030,BARRANCABERMEJA  - AUT [23157030],NIVEL,Nivel medio diario,2024-11-24 00:00,cm,383.125000000005,Definitivo
23157030,BARRANCABERMEJA  - AUT [23157030],NIVEL,Nivel medio diario,2024-11-25 00:00,cm,379.749999999999,Definitivo
23157030,BARRANCABERMEJA  - AUT [23157030],NIVEL,Nivel medio diario,2024-11-26 00:00,cm,377.562500000005,Definitivo
23157030,BARRANCABERMEJA  - AUT [23157030],NIVEL,Nivel medio diario,2024-11-27 00:00,cm,370.062500000022,Definitivo
23157030,BARRANCABERMEJA  - AUT [23157030],NIVEL,Nivel medio diario,2024-11-28 00:00,cm,344.562499999998,Definitivo
23157030,BARRANCABERMEJA  - AUT [23157030],NIVEL,Nivel medio diario,2024-11-29 00:00,cm,337.750000000019,Definitivo
23157030,BARRANCABERMEJA  - AUT [23157030],NIVEL,Nivel medio diario,2024-11-30 00:00,cm,329.124999999996,Definitivo
23157030,BARRANCABERMEJA  - AUT [23157030],NIVEL,Nivel medio diario,2024-12-01 00:00,cm,317.875000000036,Definitivo
23157030,BARRANCABERMEJA  - AUT [23157030],NIVEL,Nivel medio diario,2024-12-02 00:00,cm,277.000000000005,Definitivo
23157030,BARRANCABERMEJA  - AUT [23157030],NIVEL,Nivel medio diario,2024-12-03 00:00,cm,267.000000000016,Definitivo
23157030,BARRANCABERMEJA  - AUT [23157030],NIVEL,Nivel medio diario,2024-12-04 00:00,cm,249.500000000017,Definitivo
23157030,BARRANCABERMEJA  - AUT [23157030],NIVEL,Nivel medio diario,2024-12-05 00:00,cm,227.62499999999,Definitivo
23157030,BARRANCABERMEJA  - AUT [23157030],NIVEL,Nivel medio diario,2024-12-06 00:00,cm,253.31249999997,Definitivo
23157030,BARRANCABERMEJA  - AUT [23157030],NIVEL,Nivel medio diario,2024-12-07 00:00,cm,290,Definitivo
23157030,BARRANCABERMEJA  - AUT [23157030],NIVEL,Nivel medio diario,2024-12-08 00:00,cm,270.562500000035,Definitivo
23157030,BARRANCABERMEJA  - AUT [23157030],NIVEL,Nivel medio diario,2024-12-09 00:00,cm,237.562499999985,Definitivo
23157030,BARRANCABERMEJA  - AUT [23157030],NIVEL,Nivel medio diario,2024-12-10 00:00,cm,251.875000000028,Definitivo
23157030,BARRANCABERMEJA  - AUT [23157030],NIVEL,Nivel medio diario,2024-12-11 00:00,cm,210.437500000024,Definitivo
23157030,BARRANCABERMEJA  - AUT [23157030],NIVEL,Nivel medio diario,2024-12-12 00:00,cm,184.25,Definitivo
23157030,BARRANCABERMEJA  - AUT [23157030],NIVEL,Nivel medio diario,2024-12-13 00:00,cm,189.749999999982,Definitivo
23157030,BARRANCABERMEJA  - AUT [23157030],NIVEL,Nivel medio diario,2024-12-14 00:00,cm,215.875000000002,Definitivo
23157030,BARRANCABERMEJA  - AUT [23157030],NIVEL,Nivel medio diario,2024-12-15 00:00,cm,206.000000000007,Definitivo
23157030,BARRANCABERMEJA  - AUT [23157030],NIVEL,Nivel medio diario,2024-12-16 00:00,cm,200,Definitivo
23157030,BARRANCABERMEJA  - AUT [23157030],NIVEL,Nivel medio diario,2024-12-17 00:00,cm,194.187500000016,Definitivo
23157030,BARRANCABERMEJA  - AUT [23157030],NIVEL,Nivel medio diario,2024-12-18 00:00,cm,175.249999999993,Definitivo
23157030,BARRANCABERMEJA  - AUT [23157030],NIVEL,Nivel medio diario,2024-12-19 00:00,cm,198.999999999982,Definitivo
23157030,BARRANCABERMEJA  - AUT [23157030],NIVEL,Nivel medio diario,2024-12-20 00:00,cm,210.499999999993,Definitivo
23157030,BARRANCABERMEJA  - AUT [23157030],NIVEL,Nivel medio diario,2024-12-21 00:00,cm,224.062499999993,Definitivo
23157030,BARRANCABERMEJA  - AUT [23157030],NIVEL,Nivel medio diario,2024-12-22 00:00,cm,237.499999999974,Definitivo
23157030,BARRANCABERMEJA  - AUT [23157030],NIVEL,Nivel medio diario,2024-12-23 00:00,cm,269.187499999985,Definitivo
23157030,BARRANCABERMEJA  - AUT [23157030],NIVEL,Nivel medio diario,2024-12-24 00:00,cm,296.187499999993,Definitivo
23157030,BARRANCABERMEJA  - AUT [23157030],NIVEL,Nivel medio diario,2024-12-25 00:00,cm,289.875000000022,Definitivo
23157030,BARRANCABERMEJA  - AUT [23157030],NIVEL,Nivel medio diario,2024-12-26 00:00,cm,270.374999999992,Definitivo
23157030,BARRANCABERMEJA  - AUT [23157030],NIVEL,Nivel medio diario,2024-12-27 00:00,cm,310.124999999955,Definitivo
23157030,BARRANCABERMEJA  - AUT [23157030],NIVEL,Nivel medio diario,2024-12-28 00:00,cm,356.187499999983,Definitivo
23157030,BARRANCABERMEJA  - AUT [23157030],NIVEL,Nivel medio diario,2024-12-29 00:00,cm,367.812499999992,Definitivo
23157030,BARRANCABERMEJA  - AUT [23157030],NIVEL,Nivel medio diario,2024-12-30 00:00,cm,387.187500000007,Definitivo
23157030,BARRANCABERMEJA  - AUT [23157030],NIVEL,Nivel medio diario,2024-12-31 00:00,cm,387.500000000007,Definitivo
